detector,background,background_level,filter,ma_table,nexp,nresultants,mag_ab,snr,frac_flux_err,sigma_mag,partial_saturated,full_saturated,sat_nresultants,total_exposure_time,warnings_json
wfi01,gbtds_mid_5stripe,medium,f146,im_66_6_v2,1,-1,12.0,0.0,,,True,True,0,69.57436,"{""full_saturated"": ""Full saturation:\n There are 20 pixels saturated before the third resultant. These pixels cannot be recovered."", ""partial_saturated"": ""Partial saturation:\n There are 32 pixels saturated at the end of a ramp. Partial ramps may still be used in some cases.""}"
wfi01,gbtds_mid_5stripe,medium,f146,im_66_6_v2,1,-1,12.5,0.0,,,True,True,0,69.57436,"{""full_saturated"": ""Full saturation:\n There are 18 pixels saturated before the third resultant. These pixels cannot be recovered."", ""partial_saturated"": ""Partial saturation:\n There are 20 pixels saturated at the end of a ramp. Partial ramps may still be used in some cases.""}"
wfi01,gbtds_mid_5stripe,medium,f146,im_66_6_v2,1,-1,13.0,0.0,,,True,True,0,69.57436,"{""full_saturated"": ""Full saturation:\n There are 12 pixels saturated before the third resultant. These pixels cannot be recovered."", ""partial_saturated"": ""Partial saturation:\n There are 19 pixels saturated at the end of a ramp. Partial ramps may still be used in some cases.""}"
wfi01,gbtds_mid_5stripe,medium,f146,im_66_6_v2,1,-1,13.5,0.0,,,True,True,0,69.57436,"{""full_saturated"": ""Full saturation:\n There are 9 pixels saturated before the third resultant. These pixels cannot be recovered."", ""partial_saturated"": ""Partial saturation:\n There are 16 pixels saturated at the end of a ramp. Partial ramps may still be used in some cases.""}"
wfi01,gbtds_mid_5stripe,medium,f146,im_66_6_v2,1,-1,14.0,0.0,,,True,True,0,69.57436,"{""full_saturated"": ""Full saturation:\n There are 6 pixels saturated before the third resultant. These pixels cannot be recovered."", ""partial_saturated"": ""Partial saturation:\n There are 14 pixels saturated at the end of a ramp. Partial ramps may still be used in some cases.""}"
wfi01,gbtds_mid_5stripe,medium,f146,im_66_6_v2,1,-1,14.5,0.0,,,True,True,0,69.57436,"{""full_saturated"": ""Full saturation:\n There are 5 pixels saturated before the third resultant. These pixels cannot be recovered."", ""partial_saturated"": ""Partial saturation:\n There are 10 pixels saturated at the end of a ramp. Partial ramps may still be used in some cases.""}"
wfi01,gbtds_mid_5stripe,medium,f146,im_66_6_v2,1,-1,15.0,0.0,,,True,True,1,69.57436,"{""full_saturated"": ""Full saturation:\n There are 1 pixels saturated before the third resultant. These pixels cannot be recovered."", ""partial_saturated"": ""Partial saturation:\n There are 10 pixels saturated at the end of a ramp. Partial ramps may still be used in some cases.""}"
wfi01,gbtds_mid_5stripe,medium,f146,im_66_6_v2,1,-1,15.5,0.0,,,True,True,1,69.57436,"{""full_saturated"": ""Full saturation:\n There are 1 pixels saturated before the third resultant. These pixels cannot be recovered."", ""partial_saturated"": ""Partial saturation:\n There are 8 pixels saturated at the end of a ramp. Partial ramps may still be used in some cases.""}"
wfi01,gbtds_mid_5stripe,medium,f146,im_66_6_v2,1,-1,15.55,0.0,,,True,True,1,69.57436,"{""full_saturated"": ""Full saturation:\n There are 1 pixels saturated before the third resultant. These pixels cannot be recovered."", ""partial_saturated"": ""Partial saturation:\n There are 8 pixels saturated at the end of a ramp. Partial ramps may still be used in some cases.""}"
wfi01,gbtds_mid_5stripe,medium,f146,im_66_6_v2,1,-1,15.6,0.0,,,True,True,1,69.57436,"{""full_saturated"": ""Full saturation:\n There are 1 pixels saturated before the third resultant. These pixels cannot be recovered."", ""partial_saturated"": ""Partial saturation:\n There are 8 pixels saturated at the end of a ramp. Partial ramps may still be used in some cases.""}"
wfi01,gbtds_mid_5stripe,medium,f146,im_66_6_v2,1,-1,15.65,0.0,,,True,True,2,69.57436,"{""full_saturated"": ""Full saturation:\n There are 1 pixels saturated before the third resultant. These pixels cannot be recovered."", ""partial_saturated"": ""Partial saturation:\n There are 7 pixels saturated at the end of a ramp. Partial ramps may still be used in some cases.""}"
wfi01,gbtds_mid_5stripe,medium,f146,im_66_6_v2,1,-1,15.7,0.0,,,True,True,2,69.57436,"{""full_saturated"": ""Full saturation:\n There are 1 pixels saturated before the third resultant. These pixels cannot be recovered."", ""partial_saturated"": ""Partial saturation:\n There are 6 pixels saturated at the end of a ramp. Partial ramps may still be used in some cases.""}"
wfi01,gbtds_mid_5stripe,medium,f146,im_66_6_v2,1,-1,15.75,0.0,,,True,True,2,69.57436,"{""full_saturated"": ""Full saturation:\n There are 1 pixels saturated before the third resultant. These pixels cannot be recovered."", ""partial_saturated"": ""Partial saturation:\n There are 5 pixels saturated at the end of a ramp. Partial ramps may still be used in some cases.""}"
wfi01,gbtds_mid_5stripe,medium,f146,im_66_6_v2,1,-1,15.8,0.0,,,True,True,2,69.57436,"{""full_saturated"": ""Full saturation:\n There are 1 pixels saturated before the third resultant. These pixels cannot be recovered."", ""partial_saturated"": ""Partial saturation:\n There are 5 pixels saturated at the end of a ramp. Partial ramps may still be used in some cases.""}"
wfi01,gbtds_mid_5stripe,medium,f146,im_66_6_v2,1,-1,15.85,0.0,,,True,True,2,69.57436,"{""full_saturated"": ""Full saturation:\n There are 1 pixels saturated before the third resultant. These pixels cannot be recovered."", ""partial_saturated"": ""Partial saturation:\n There are 5 pixels saturated at the end of a ramp. Partial ramps may still be used in some cases.""}"
wfi01,gbtds_mid_5stripe,medium,f146,im_66_6_v2,1,-1,15.9,0.0,,,True,True,2,69.57436,"{""full_saturated"": ""Full saturation:\n There are 1 pixels saturated before the third resultant. These pixels cannot be recovered."", ""partial_saturated"": ""Partial saturation:\n There are 4 pixels saturated at the end of a ramp. Partial ramps may still be used in some cases.""}"
wfi01,gbtds_mid_5stripe,medium,f146,im_66_6_v2,1,-1,15.95,0.0,,,True,True,2,69.57436,"{""full_saturated"": ""Full saturation:\n There are 1 pixels saturated before the third resultant. These pixels cannot be recovered."", ""partial_saturated"": ""Partial saturation:\n There are 4 pixels saturated at the end of a ramp. Partial ramps may still be used in some cases.""}"
wfi01,gbtds_mid_5stripe,medium,f146,im_66_6_v2,1,-1,16.0,0.0,,,True,True,2,69.57436,"{""full_saturated"": ""Full saturation:\n There are 1 pixels saturated before the third resultant. These pixels cannot be recovered."", ""partial_saturated"": ""Partial saturation:\n There are 4 pixels saturated at the end of a ramp. Partial ramps may still be used in some cases.""}"
wfi01,gbtds_mid_5stripe,medium,f146,im_66_6_v2,1,-1,16.05,0.0,,,True,True,2,69.57436,"{""full_saturated"": ""Full saturation:\n There are 1 pixels saturated before the third resultant. These pixels cannot be recovered."", ""partial_saturated"": ""Partial saturation:\n There are 4 pixels saturated at the end of a ramp. Partial ramps may still be used in some cases.""}"
wfi01,gbtds_mid_5stripe,medium,f146,im_66_6_v2,1,-1,16.1,0.0,,,True,True,2,69.57436,"{""full_saturated"": ""Full saturation:\n There are 1 pixels saturated before the third resultant. These pixels cannot be recovered."", ""partial_saturated"": ""Partial saturation:\n There are 4 pixels saturated at the end of a ramp. Partial ramps may still be used in some cases.""}"
wfi01,gbtds_mid_5stripe,medium,f146,im_66_6_v2,1,-1,16.15,0.0,,,True,True,2,69.57436,"{""full_saturated"": ""Full saturation:\n There are 1 pixels saturated before the third resultant. These pixels cannot be recovered."", ""partial_saturated"": ""Partial saturation:\n There are 4 pixels saturated at the end of a ramp. Partial ramps may still be used in some cases.""}"
wfi01,gbtds_mid_5stripe,medium,f146,im_66_6_v2,1,-1,16.2,0.0,,,True,True,2,69.57436,"{""full_saturated"": ""Full saturation:\n There are 1 pixels saturated before the third resultant. These pixels cannot be recovered."", ""partial_saturated"": ""Partial saturation:\n There are 4 pixels saturated at the end of a ramp. Partial ramps may still be used in some cases.""}"
wfi01,gbtds_mid_5stripe,medium,f146,im_66_6_v2,1,-1,16.25,0.0,,,True,True,2,69.57436,"{""full_saturated"": ""Full saturation:\n There are 1 pixels saturated before the third resultant. These pixels cannot be recovered."", ""partial_saturated"": ""Partial saturation:\n There are 4 pixels saturated at the end of a ramp. Partial ramps may still be used in some cases.""}"
wfi01,gbtds_mid_5stripe,medium,f146,im_66_6_v2,1,-1,16.3,0.0,,,True,True,2,69.57436,"{""full_saturated"": ""Full saturation:\n There are 1 pixels saturated before the third resultant. These pixels cannot be recovered."", ""partial_saturated"": ""Partial saturation:\n There are 4 pixels saturated at the end of a ramp. Partial ramps may still be used in some cases.""}"
wfi01,gbtds_mid_5stripe,medium,f146,im_66_6_v2,1,-1,16.35,0.0,,,True,True,2,69.57436,"{""full_saturated"": ""Full saturation:\n There are 1 pixels saturated before the third resultant. These pixels cannot be recovered."", ""partial_saturated"": ""Partial saturation:\n There are 4 pixels saturated at the end of a ramp. Partial ramps may still be used in some cases.""}"
wfi01,gbtds_mid_5stripe,medium,f146,im_66_6_v2,1,-1,16.4,447.75872728101336,0.0022333456369961497,0.0024248242158253263,True,False,3,69.57436,"{""partial_saturated"": ""Partial saturation:\n There are 5 pixels saturated at the end of a ramp. Partial ramps may still be used in some cases.""}"
wfi01,gbtds_mid_5stripe,medium,f146,im_66_6_v2,1,-1,16.45,438.45889142960453,0.0022807155232717,0.002476255416369967,True,False,3,69.57436,"{""partial_saturated"": ""Partial saturation:\n There are 5 pixels saturated at the end of a ramp. Partial ramps may still be used in some cases.""}"
wfi01,gbtds_mid_5stripe,medium,f146,im_66_6_v2,1,-1,16.5,429.1355271410549,0.002330266167106,0.0025300543443499,True,False,3,69.57436,"{""partial_saturated"": ""Partial saturation:\n There are 5 pixels saturated at the end of a ramp. Partial ramps may still be used in some cases.""}"
wfi01,gbtds_mid_5stripe,medium,f146,im_66_6_v2,1,-1,16.55,419.99784251483027,0.00238096461165676,0.0025850994811236244,True,False,3,69.57436,"{""partial_saturated"": ""Partial saturation:\n There are 5 pixels saturated at the end of a ramp. Partial ramps may still be used in some cases.""}"
wfi01,gbtds_mid_5stripe,medium,f146,im_66_6_v2,1,-1,16.6,411.2232342694486,0.0024317692111354857,0.002640259874145912,True,False,3,69.57436,"{""partial_saturated"": ""Partial saturation:\n There are 5 pixels saturated at the end of a ramp. Partial ramps may still be used in some cases.""}"
wfi01,gbtds_mid_5stripe,medium,f146,im_66_6_v2,1,-1,16.65,421.10359194775367,0.002374712586455615,0.0025783114310096804,True,False,3,69.57436,"{""partial_saturated"": ""Partial saturation:\n There are 5 pixels saturated at the end of a ramp. Partial ramps may still be used in some cases.""}"
wfi01,gbtds_mid_5stripe,medium,f146,im_66_6_v2,1,-1,16.7,412.57191992704946,0.0024238198280116083,0.0026316289410828254,True,False,3,69.57436,"{""partial_saturated"": ""Partial saturation:\n There are 4 pixels saturated at the end of a ramp. Partial ramps may still be used in some cases.""}"
wfi01,gbtds_mid_5stripe,medium,f146,im_66_6_v2,1,-1,16.75,421.3079979888031,0.0023735604469264705,0.0025770605114099556,True,False,3,69.57436,"{""partial_saturated"": ""Partial saturation:\n There are 4 pixels saturated at the end of a ramp. Partial ramps may still be used in some cases.""}"
wfi01,gbtds_mid_5stripe,medium,f146,im_66_6_v2,1,-1,16.8,413.1563992260405,0.002420390926712704,0.0026279060588000626,True,False,3,69.57436,"{""partial_saturated"": ""Partial saturation:\n There are 1 pixels saturated at the end of a ramp. Partial ramps may still be used in some cases.""}"
wfi01,gbtds_mid_5stripe,medium,f146,im_66_6_v2,1,-1,16.85,418.7647276841341,0.002387975714980179,0.0025927116898371598,True,False,3,69.57436,"{""partial_saturated"": ""Partial saturation:\n There are 1 pixels saturated at the end of a ramp. Partial ramps may still be used in some cases.""}"
wfi01,gbtds_mid_5stripe,medium,f146,im_66_6_v2,1,-1,16.9,409.283962051583,0.002443291437532477,0.0026527699725045458,True,False,3,69.57436,"{""partial_saturated"": ""Partial saturation:\n There are 1 pixels saturated at the end of a ramp. Partial ramps may still be used in some cases.""}"
wfi01,gbtds_mid_5stripe,medium,f146,im_66_6_v2,1,-1,16.95,400.0062813184369,0.0024999607423762437,0.002714297888471898,True,False,3,69.57436,"{""partial_saturated"": ""Partial saturation:\n There are 1 pixels saturated at the end of a ramp. Partial ramps may still be used in some cases.""}"
wfi01,gbtds_mid_5stripe,medium,f146,im_66_6_v2,1,-1,17.0,405.5164924346072,0.0024659909489655,0.0026774156538977,True,False,3,69.57436,"{""partial_saturated"": ""Partial saturation:\n There are 1 pixels saturated at the end of a ramp. Partial ramps may still be used in some cases.""}"
wfi01,gbtds_mid_5stripe,medium,f146,im_66_6_v2,1,-1,17.05,396.3141601347966,0.0025232507454688836,0.002739584688038506,True,False,3,69.57436,"{""partial_saturated"": ""Partial saturation:\n There are 1 pixels saturated at the end of a ramp. Partial ramps may still be used in some cases.""}"
wfi01,gbtds_mid_5stripe,medium,f146,im_66_6_v2,1,-1,17.1,387.3094884567404,0.0025819145407063597,0.0028032780944363517,True,False,3,69.57436,"{""partial_saturated"": ""Partial saturation:\n There are 1 pixels saturated at the end of a ramp. Partial ramps may still be used in some cases.""}"
wfi01,gbtds_mid_5stripe,medium,f146,im_66_6_v2,1,-1,17.15,393.00225535593506,0.0025445146595769992,0.0027626716894405545,True,False,3,69.57436,"{""partial_saturated"": ""Partial saturation:\n There are 1 pixels saturated at the end of a ramp. Partial ramps may still be used in some cases.""}"
wfi01,gbtds_mid_5stripe,medium,f146,im_66_6_v2,1,-1,17.2,384.06087094849124,0.002603753924554621,0.002826989904170019,True,False,3,69.57436,"{""partial_saturated"": ""Partial saturation:\n There are 1 pixels saturated at the end of a ramp. Partial ramps may still be used in some cases.""}"
wfi01,gbtds_mid_5stripe,medium,f146,im_66_6_v2,1,-1,17.25,390.28871390937223,0.002562205783465742,0.0027818795831494243,True,False,3,69.57436,"{""partial_saturated"": ""Partial saturation:\n There are 1 pixels saturated at the end of a ramp. Partial ramps may still be used in some cases.""}"
wfi01,gbtds_mid_5stripe,medium,f146,im_66_6_v2,1,-1,17.3,381.3952814759824,0.0026219516825956666,0.0028467478689206105,True,False,3,69.57436,"{""partial_saturated"": ""Partial saturation:\n There are 1 pixels saturated at the end of a ramp. Partial ramps may still be used in some cases.""}"
wfi01,gbtds_mid_5stripe,medium,f146,im_66_6_v2,1,-1,17.35,372.69282900386736,0.002683174781422004,0.0029132200038838496,True,False,3,69.57436,"{""partial_saturated"": ""Partial saturation:\n There are 1 pixels saturated at the end of a ramp. Partial ramps may still be used in some cases.""}"
wfi01,gbtds_mid_5stripe,medium,f146,im_66_6_v2,1,-1,17.4,506.8870340249524,0.0019728261582456917,0.0021419687857012377,True,False,4,69.57436,"{""partial_saturated"": ""Partial saturation:\n There are 1 pixels saturated at the end of a ramp. Partial ramps may still be used in some cases.""}"
wfi01,gbtds_mid_5stripe,medium,f146,im_66_6_v2,1,-1,17.45,495.5171669962832,0.002018093552765854,0.002191117234826848,True,False,4,69.57436,"{""partial_saturated"": ""Partial saturation:\n There are 1 pixels saturated at the end of a ramp. Partial ramps may still be used in some cases.""}"
wfi01,gbtds_mid_5stripe,medium,f146,im_66_6_v2,1,-1,17.5,487.8779008200567,0.0020496931677354,0.0022254260808557,True,False,4,69.57436,"{""partial_saturated"": ""Partial saturation:\n There are 1 pixels saturated at the end of a ramp. Partial ramps may still be used in some cases.""}"
wfi01,gbtds_mid_5stripe,medium,f146,im_66_6_v2,1,-1,17.55,476.90821667885956,0.002096839528083409,0.0022766145912081074,True,False,4,69.57436,"{""partial_saturated"": ""Partial saturation:\n There are 1 pixels saturated at the end of a ramp. Partial ramps may still be used in some cases.""}"
wfi01,gbtds_mid_5stripe,medium,f146,im_66_6_v2,1,-1,17.6,469.2818072263944,0.0021309157623439954,0.002313612392466645,True,False,4,69.57436,"{""partial_saturated"": ""Partial saturation:\n There are 1 pixels saturated at the end of a ramp. Partial ramps may still be used in some cases.""}"
wfi01,gbtds_mid_5stripe,medium,f146,im_66_6_v2,1,-1,17.65,461.6176767986599,0.0021662948588430293,0.0023520247584272783,True,False,4,69.57436,"{""partial_saturated"": ""Partial saturation:\n There are 1 pixels saturated at the end of a ramp. Partial ramps may still be used in some cases.""}"
wfi01,gbtds_mid_5stripe,medium,f146,im_66_6_v2,1,-1,17.7,451.2032327354649,0.0022162961775282495,0.002406313000409471,True,False,4,69.57436,"{""partial_saturated"": ""Partial saturation:\n There are 1 pixels saturated at the end of a ramp. Partial ramps may still be used in some cases.""}"
wfi01,gbtds_mid_5stripe,medium,f146,im_66_6_v2,1,-1,17.75,443.7249823400932,0.0022536481825437306,0.0024468674245750857,True,False,4,69.57436,"{""partial_saturated"": ""Partial saturation:\n There are 1 pixels saturated at the end of a ramp. Partial ramps may still be used in some cases.""}"
wfi01,gbtds_mid_5stripe,medium,f146,im_66_6_v2,1,-1,17.8,436.3075890699285,0.002291961050074072,0.00248846509196088,True,False,4,69.57436,"{""partial_saturated"": ""Partial saturation:\n There are 1 pixels saturated at the end of a ramp. Partial ramps may still be used in some cases.""}"
wfi01,gbtds_mid_5stripe,medium,f146,im_66_6_v2,1,-1,17.85,426.4305896739579,0.0023450475275814155,0.0025461030025736805,True,False,4,69.57436,"{""partial_saturated"": ""Partial saturation:\n There are 1 pixels saturated at the end of a ramp. Partial ramps may still be used in some cases.""}"
wfi01,gbtds_mid_5stripe,medium,f146,im_66_6_v2,1,-1,17.9,419.25106917353116,0.0023852056047735264,0.0025897040808946273,True,False,4,69.57436,"{""partial_saturated"": ""Partial saturation:\n There are 1 pixels saturated at the end of a ramp. Partial ramps may still be used in some cases.""}"
wfi01,gbtds_mid_5stripe,medium,f146,im_66_6_v2,1,-1,17.95,412.16285076071176,0.0024262254547064146,0.0026342408170805095,True,False,4,69.57436,"{""partial_saturated"": ""Partial saturation:\n There are 1 pixels saturated at the end of a ramp. Partial ramps may still be used in some cases.""}"
wfi01,gbtds_mid_5stripe,medium,f146,im_66_6_v2,1,-1,18.0,405.1770254052685,0.002468057015325,0.0026796588569456,True,False,4,69.57436,"{""partial_saturated"": ""Partial saturation:\n There are 1 pixels saturated at the end of a ramp. Partial ramps may still be used in some cases.""}"
wfi01,gbtds_mid_5stripe,medium,f146,im_66_6_v2,1,-1,18.05,395.96160405781944,0.0025254973960909025,0.002742023957958275,True,False,4,69.57436,"{""partial_saturated"": ""Partial saturation:\n There are 1 pixels saturated at the end of a ramp. Partial ramps may still be used in some cases.""}"
wfi01,gbtds_mid_5stripe,medium,f146,im_66_6_v2,1,-1,18.1,389.23097220321154,0.0025691686207281452,0.002789439387653054,True,False,4,69.57436,"{""partial_saturated"": ""Partial saturation:\n There are 1 pixels saturated at the end of a ramp. Partial ramps may still be used in some cases.""}"
wfi01,gbtds_mid_5stripe,medium,f146,im_66_6_v2,1,-1,18.15,382.6093426215828,0.002613631944134316,0.0028377148276590033,True,False,4,69.57436,"{""partial_saturated"": ""Partial saturation:\n There are 1 pixels saturated at the end of a ramp. Partial ramps may still be used in some cases.""}"
wfi01,gbtds_mid_5stripe,medium,f146,im_66_6_v2,1,-1,18.2,461.77257672839113,0.0021655681831192577,0.0023512357802848607,True,False,5,69.57436,"{""partial_saturated"": ""Partial saturation:\n There are 1 pixels saturated at the end of a ramp. Partial ramps may still be used in some cases.""}"
wfi01,gbtds_mid_5stripe,medium,f146,im_66_6_v2,1,-1,18.25,460.13024041313224,0.0021732977147994894,0.002359628012675913,False,False,6,69.57436,{}
wfi01,gbtds_mid_5stripe,medium,f146,im_66_6_v2,1,-1,18.3,449.62166205809746,0.002224092129864477,0.002414777348111482,False,False,6,69.57436,{}
wfi01,gbtds_mid_5stripe,medium,f146,im_66_6_v2,1,-1,18.35,439.32607661773613,0.0022762136217789643,0.002471367538929049,False,False,6,69.57436,{}
wfi01,gbtds_mid_5stripe,medium,f146,im_66_6_v2,1,-1,18.4,429.2557669452722,0.002329613430976909,0.0025293456451024334,False,False,6,69.57436,{}
wfi01,gbtds_mid_5stripe,medium,f146,im_66_6_v2,1,-1,18.45,419.3912105146978,0.0023844085782645523,0.002588838720357682,False,False,6,69.57436,{}
wfi01,gbtds_mid_5stripe,medium,f146,im_66_6_v2,1,-1,18.5,409.73936425816896,0.0024405758568266,0.0026498215682153,False,False,6,69.57436,{}
wfi01,gbtds_mid_5stripe,medium,f146,im_66_6_v2,1,-1,18.55,400.2848857188479,0.0024982207314776807,0.002712408695642655,False,False,6,69.57436,{}
wfi01,gbtds_mid_5stripe,medium,f146,im_66_6_v2,1,-1,18.6,391.02897945595447,0.0025573552154403434,0.0027766131458306065,False,False,6,69.57436,{}
wfi01,gbtds_mid_5stripe,medium,f146,im_66_6_v2,1,-1,18.65,381.9752424810241,0.0026179707184809976,0.0028424255920514716,False,False,6,69.57436,{}
wfi01,gbtds_mid_5stripe,medium,f146,im_66_6_v2,1,-1,18.7,373.10471230456915,0.0026802127312283578,0.0029100039987482976,False,False,6,69.57436,{}
wfi01,gbtds_mid_5stripe,medium,f146,im_66_6_v2,1,-1,18.75,364.4221267136671,0.0027440704795230987,0.0029793366680262293,False,False,6,69.57436,{}
wfi01,gbtds_mid_5stripe,medium,f146,im_66_6_v2,1,-1,19.0,323.70241937256674,0.0030892571082363,0.0033541182882185,False,False,6,69.57436,{}
wfi01,gbtds_mid_5stripe,medium,f146,im_66_6_v2,1,-1,19.5,254.337075837917,0.0039317901124147,0.0042688868745587,False,False,6,69.57436,{}
wfi01,gbtds_mid_5stripe,medium,f146,im_66_6_v2,1,-1,20.0,198.53793396641208,0.0050368208232144,0.0054686587246435,False,False,6,69.57436,{}
wfi01,gbtds_mid_5stripe,medium,f146,im_66_6_v2,1,-1,20.5,153.33923515492955,0.0065214881174386,0.007080615758003,False,False,6,69.57436,{}
wfi01,gbtds_mid_5stripe,medium,f146,im_66_6_v2,1,-1,21.0,117.14698912649736,0.0085362842652335,0.0092681528808711,False,False,6,69.57436,{}
wfi01,gbtds_mid_5stripe,medium,f146,im_66_6_v2,1,-1,21.2,104.65673919716616,0.009555046408584,0.0103742598239438,False,False,6,69.57436,{}
wfi01,gbtds_mid_5stripe,medium,f146,im_66_6_v2,1,-1,21.5,87.83709796882208,0.0113847112794522,0.0123607932168195,False,False,6,69.57436,{}
wfi01,gbtds_mid_5stripe,medium,f146,im_66_6_v2,1,-1,22.0,64.40844890993758,0.0155259133999376,0.0168570462902517,False,False,6,69.57436,{}
wfi01,gbtds_mid_5stripe,medium,f146,im_66_6_v2,1,-1,22.5,46.45431408981094,0.0215265259985688,0.0233721286393133,False,False,6,69.57436,{}
wfi01,gbtds_mid_5stripe,medium,f146,im_66_6_v2,1,-1,23.0,32.43444122100661,0.0308314237074735,0.0334747929634421,False,False,6,69.57436,{}
wfi01,gbtds_mid_5stripe,medium,f146,im_66_6_v2,1,-1,23.5,22.36223620448656,0.0447182469076759,0.048552219680977,False,False,6,69.57436,{}
wfi01,gbtds_mid_5stripe,medium,f146,im_66_6_v2,1,-1,24.0,14.937247792804945,0.0669467370342269,0.0726864961884821,False,False,6,69.57436,{}
wfi01,gbtds_mid_5stripe,medium,f146,im_66_6_v2,1,-1,24.5,9.805682182551305,0.1019816858616371,0.1107252085622497,False,False,6,69.57436,{}
wfi01,gbtds_mid_5stripe,medium,f146,im_66_6_v2,1,-1,25.0,6.380486556430906,0.1567278594125549,0.1701651112584531,False,False,6,69.57436,{}
wfi01,gbtds_mid_5stripe,medium,f146,im_66_6_v2,1,-1,25.5,4.09869055033472,0.2439803609761012,0.2648983111617105,False,False,6,69.57436,{}
wfi01,gbtds_mid_5stripe,medium,f146,im_66_6_v2,1,-1,26.0,2.6164281509014438,0.3822004436297889,0.4149688591234804,False,False,6,69.57436,{}
wfi01,gbtds_mid_5stripe,medium,f146,im_66_6_v2,1,-1,26.5,1.6632811569121666,0.6012212642728852,0.6527676936915268,False,False,6,69.57436,{}
wfi01,gbtds_mid_5stripe,medium,f146,im_66_6_v2,1,-1,27.0,1.0544984317487267,0.9483181481281586,1.0296233470519245,False,False,6,69.57436,{}
wfi01,gbtds_mid_5stripe,medium,f146,im_66_6_v2,1,-1,27.5,0.6673733297588691,1.4984116916408892,1.6268798232473876,False,False,6,69.57436,{}
wfi01,gbtds_mid_5stripe,medium,f146,im_66_6_v2,1,-1,28.0,0.4218981907600284,2.3702400766368545,2.573455465173316,False,False,6,69.57436,{}
wfi01,gbtds_mid_5stripe,medium,f146,im_66_6_v2,1,-1,28.5,0.2665254135407316,3.751987424820844,4.07366858692521,False,False,6,69.57436,{}
wfi01,gbtds_mid_5stripe,medium,f146,im_66_6_v2,1,-1,29.0,0.1682961979415926,5.941904880982818,6.451341254512089,False,False,6,69.57436,{}
wfi01,gbtds_mid_5stripe,medium,f146,im_66_6_v2,1,-1,29.5,0.1062395866263608,9.412687226626252,10.21969530601251,False,False,6,69.57436,{}
wfi01,gbtds_mid_5stripe,medium,f146,im_66_6_v2,1,-1,30.0,0.0670533234401937,14.913503890555422,16.19213111377724,False,False,6,69.57436,{}
wfi02,gbtds_mid_5stripe,medium,f146,im_66_6_v2,1,-1,12.0,0.0,,,True,True,0,69.57436,"{""full_saturated"": ""Full saturation:\n There are 23 pixels saturated before the third resultant. These pixels cannot be recovered."", ""partial_saturated"": ""Partial saturation:\n There are 31 pixels saturated at the end of a ramp. Partial ramps may still be used in some cases.""}"
wfi02,gbtds_mid_5stripe,medium,f146,im_66_6_v2,1,-1,12.5,0.0,,,True,True,0,69.57436,"{""full_saturated"": ""Full saturation:\n There are 16 pixels saturated before the third resultant. These pixels cannot be recovered."", ""partial_saturated"": ""Partial saturation:\n There are 23 pixels saturated at the end of a ramp. Partial ramps may still be used in some cases.""}"
wfi02,gbtds_mid_5stripe,medium,f146,im_66_6_v2,1,-1,13.0,0.0,,,True,True,0,69.57436,"{""full_saturated"": ""Full saturation:\n There are 13 pixels saturated before the third resultant. These pixels cannot be recovered."", ""partial_saturated"": ""Partial saturation:\n There are 20 pixels saturated at the end of a ramp. Partial ramps may still be used in some cases.""}"
wfi02,gbtds_mid_5stripe,medium,f146,im_66_6_v2,1,-1,13.5,0.0,,,True,True,0,69.57436,"{""full_saturated"": ""Full saturation:\n There are 10 pixels saturated before the third resultant. These pixels cannot be recovered."", ""partial_saturated"": ""Partial saturation:\n There are 16 pixels saturated at the end of a ramp. Partial ramps may still be used in some cases.""}"
wfi02,gbtds_mid_5stripe,medium,f146,im_66_6_v2,1,-1,14.0,0.0,,,True,True,0,69.57436,"{""full_saturated"": ""Full saturation:\n There are 6 pixels saturated before the third resultant. These pixels cannot be recovered."", ""partial_saturated"": ""Partial saturation:\n There are 15 pixels saturated at the end of a ramp. Partial ramps may still be used in some cases.""}"
wfi02,gbtds_mid_5stripe,medium,f146,im_66_6_v2,1,-1,14.5,0.0,,,True,True,0,69.57436,"{""full_saturated"": ""Full saturation:\n There are 5 pixels saturated before the third resultant. These pixels cannot be recovered."", ""partial_saturated"": ""Partial saturation:\n There are 11 pixels saturated at the end of a ramp. Partial ramps may still be used in some cases.""}"
wfi02,gbtds_mid_5stripe,medium,f146,im_66_6_v2,1,-1,15.0,0.0,,,True,True,1,69.57436,"{""full_saturated"": ""Full saturation:\n There are 1 pixels saturated before the third resultant. These pixels cannot be recovered."", ""partial_saturated"": ""Partial saturation:\n There are 10 pixels saturated at the end of a ramp. Partial ramps may still be used in some cases.""}"
wfi02,gbtds_mid_5stripe,medium,f146,im_66_6_v2,1,-1,15.5,0.0,,,True,True,1,69.57436,"{""full_saturated"": ""Full saturation:\n There are 1 pixels saturated before the third resultant. These pixels cannot be recovered."", ""partial_saturated"": ""Partial saturation:\n There are 9 pixels saturated at the end of a ramp. Partial ramps may still be used in some cases.""}"
wfi02,gbtds_mid_5stripe,medium,f146,im_66_6_v2,1,-1,15.55,0.0,,,True,True,1,69.57436,"{""full_saturated"": ""Full saturation:\n There are 1 pixels saturated before the third resultant. These pixels cannot be recovered."", ""partial_saturated"": ""Partial saturation:\n There are 8 pixels saturated at the end of a ramp. Partial ramps may still be used in some cases.""}"
wfi02,gbtds_mid_5stripe,medium,f146,im_66_6_v2,1,-1,15.6,0.0,,,True,True,2,69.57436,"{""full_saturated"": ""Full saturation:\n There are 1 pixels saturated before the third resultant. These pixels cannot be recovered."", ""partial_saturated"": ""Partial saturation:\n There are 8 pixels saturated at the end of a ramp. Partial ramps may still be used in some cases.""}"
wfi02,gbtds_mid_5stripe,medium,f146,im_66_6_v2,1,-1,15.65,0.0,,,True,True,2,69.57436,"{""full_saturated"": ""Full saturation:\n There are 1 pixels saturated before the third resultant. These pixels cannot be recovered."", ""partial_saturated"": ""Partial saturation:\n There are 8 pixels saturated at the end of a ramp. Partial ramps may still be used in some cases.""}"
wfi02,gbtds_mid_5stripe,medium,f146,im_66_6_v2,1,-1,15.7,0.0,,,True,True,2,69.57436,"{""full_saturated"": ""Full saturation:\n There are 1 pixels saturated before the third resultant. These pixels cannot be recovered."", ""partial_saturated"": ""Partial saturation:\n There are 7 pixels saturated at the end of a ramp. Partial ramps may still be used in some cases.""}"
wfi02,gbtds_mid_5stripe,medium,f146,im_66_6_v2,1,-1,15.75,0.0,,,True,True,2,69.57436,"{""full_saturated"": ""Full saturation:\n There are 1 pixels saturated before the third resultant. These pixels cannot be recovered."", ""partial_saturated"": ""Partial saturation:\n There are 7 pixels saturated at the end of a ramp. Partial ramps may still be used in some cases.""}"
wfi02,gbtds_mid_5stripe,medium,f146,im_66_6_v2,1,-1,15.8,0.0,,,True,True,2,69.57436,"{""full_saturated"": ""Full saturation:\n There are 1 pixels saturated before the third resultant. These pixels cannot be recovered."", ""partial_saturated"": ""Partial saturation:\n There are 5 pixels saturated at the end of a ramp. Partial ramps may still be used in some cases.""}"
wfi02,gbtds_mid_5stripe,medium,f146,im_66_6_v2,1,-1,15.85,0.0,,,True,True,2,69.57436,"{""full_saturated"": ""Full saturation:\n There are 1 pixels saturated before the third resultant. These pixels cannot be recovered."", ""partial_saturated"": ""Partial saturation:\n There are 5 pixels saturated at the end of a ramp. Partial ramps may still be used in some cases.""}"
wfi02,gbtds_mid_5stripe,medium,f146,im_66_6_v2,1,-1,15.9,0.0,,,True,True,2,69.57436,"{""full_saturated"": ""Full saturation:\n There are 1 pixels saturated before the third resultant. These pixels cannot be recovered."", ""partial_saturated"": ""Partial saturation:\n There are 4 pixels saturated at the end of a ramp. Partial ramps may still be used in some cases.""}"
wfi02,gbtds_mid_5stripe,medium,f146,im_66_6_v2,1,-1,15.95,0.0,,,True,True,2,69.57436,"{""full_saturated"": ""Full saturation:\n There are 1 pixels saturated before the third resultant. These pixels cannot be recovered."", ""partial_saturated"": ""Partial saturation:\n There are 4 pixels saturated at the end of a ramp. Partial ramps may still be used in some cases.""}"
wfi02,gbtds_mid_5stripe,medium,f146,im_66_6_v2,1,-1,16.0,0.0,,,True,True,2,69.57436,"{""full_saturated"": ""Full saturation:\n There are 1 pixels saturated before the third resultant. These pixels cannot be recovered."", ""partial_saturated"": ""Partial saturation:\n There are 4 pixels saturated at the end of a ramp. Partial ramps may still be used in some cases.""}"
wfi02,gbtds_mid_5stripe,medium,f146,im_66_6_v2,1,-1,16.05,0.0,,,True,True,2,69.57436,"{""full_saturated"": ""Full saturation:\n There are 1 pixels saturated before the third resultant. These pixels cannot be recovered."", ""partial_saturated"": ""Partial saturation:\n There are 4 pixels saturated at the end of a ramp. Partial ramps may still be used in some cases.""}"
wfi02,gbtds_mid_5stripe,medium,f146,im_66_6_v2,1,-1,16.1,0.0,,,True,True,2,69.57436,"{""full_saturated"": ""Full saturation:\n There are 1 pixels saturated before the third resultant. These pixels cannot be recovered."", ""partial_saturated"": ""Partial saturation:\n There are 4 pixels saturated at the end of a ramp. Partial ramps may still be used in some cases.""}"
wfi02,gbtds_mid_5stripe,medium,f146,im_66_6_v2,1,-1,16.15,0.0,,,True,True,2,69.57436,"{""full_saturated"": ""Full saturation:\n There are 1 pixels saturated before the third resultant. These pixels cannot be recovered."", ""partial_saturated"": ""Partial saturation:\n There are 4 pixels saturated at the end of a ramp. Partial ramps may still be used in some cases.""}"
wfi02,gbtds_mid_5stripe,medium,f146,im_66_6_v2,1,-1,16.2,0.0,,,True,True,2,69.57436,"{""full_saturated"": ""Full saturation:\n There are 1 pixels saturated before the third resultant. These pixels cannot be recovered."", ""partial_saturated"": ""Partial saturation:\n There are 4 pixels saturated at the end of a ramp. Partial ramps may still be used in some cases.""}"
wfi02,gbtds_mid_5stripe,medium,f146,im_66_6_v2,1,-1,16.25,0.0,,,True,True,2,69.57436,"{""full_saturated"": ""Full saturation:\n There are 1 pixels saturated before the third resultant. These pixels cannot be recovered."", ""partial_saturated"": ""Partial saturation:\n There are 4 pixels saturated at the end of a ramp. Partial ramps may still be used in some cases.""}"
wfi02,gbtds_mid_5stripe,medium,f146,im_66_6_v2,1,-1,16.3,0.0,,,True,True,2,69.57436,"{""full_saturated"": ""Full saturation:\n There are 1 pixels saturated before the third resultant. These pixels cannot be recovered."", ""partial_saturated"": ""Partial saturation:\n There are 4 pixels saturated at the end of a ramp. Partial ramps may still be used in some cases.""}"
wfi02,gbtds_mid_5stripe,medium,f146,im_66_6_v2,1,-1,16.35,471.31352763568555,0.0021217298918120102,0.0023036389602578483,True,False,3,69.57436,"{""partial_saturated"": ""Partial saturation:\n There are 5 pixels saturated at the end of a ramp. Partial ramps may still be used in some cases.""}"
wfi02,gbtds_mid_5stripe,medium,f146,im_66_6_v2,1,-1,16.4,461.152889735781,0.0021684782254600054,0.00235439531861159,True,False,3,69.57436,"{""partial_saturated"": ""Partial saturation:\n There are 5 pixels saturated at the end of a ramp. Partial ramps may still be used in some cases.""}"
wfi02,gbtds_mid_5stripe,medium,f146,im_66_6_v2,1,-1,16.45,451.42260437520184,0.00221521915453052,0.002405143637547479,True,False,3,69.57436,"{""partial_saturated"": ""Partial saturation:\n There are 5 pixels saturated at the end of a ramp. Partial ramps may still be used in some cases.""}"
wfi02,gbtds_mid_5stripe,medium,f146,im_66_6_v2,1,-1,16.5,441.8964248042471,0.0022629737283866,0.0024569925073258,True,False,3,69.57436,"{""partial_saturated"": ""Partial saturation:\n There are 5 pixels saturated at the end of a ramp. Partial ramps may still be used in some cases.""}"
wfi02,gbtds_mid_5stripe,medium,f146,im_66_6_v2,1,-1,16.55,432.7363330720963,0.002310875985154208,0.0025090017217880333,True,False,3,69.57436,"{""partial_saturated"": ""Partial saturation:\n There are 5 pixels saturated at the end of a ramp. Partial ramps may still be used in some cases.""}"
wfi02,gbtds_mid_5stripe,medium,f146,im_66_6_v2,1,-1,16.6,437.1830569294067,0.0022873713519997486,0.0024834818905926782,True,False,3,69.57436,"{""partial_saturated"": ""Partial saturation:\n There are 5 pixels saturated at the end of a ramp. Partial ramps may still be used in some cases.""}"
wfi02,gbtds_mid_5stripe,medium,f146,im_66_6_v2,1,-1,16.65,428.15644041103644,0.002335594903208709,0.002535839946062254,True,False,3,69.57436,"{""partial_saturated"": ""Partial saturation:\n There are 5 pixels saturated at the end of a ramp. Partial ramps may still be used in some cases.""}"
wfi02,gbtds_mid_5stripe,medium,f146,im_66_6_v2,1,-1,16.7,424.5015005248525,0.002355704276106451,0.002557673420272315,True,False,3,69.57436,"{""partial_saturated"": ""Partial saturation:\n There are 5 pixels saturated at the end of a ramp. Partial ramps may still be used in some cases.""}"
wfi02,gbtds_mid_5stripe,medium,f146,im_66_6_v2,1,-1,16.75,415.9538238406494,0.002404113011311315,0.0026102325367107853,True,False,3,69.57436,"{""partial_saturated"": ""Partial saturation:\n There are 4 pixels saturated at the end of a ramp. Partial ramps may still be used in some cases.""}"
wfi02,gbtds_mid_5stripe,medium,f146,im_66_6_v2,1,-1,16.8,441.1804778108405,0.002266646078634417,0.0024609797109464283,True,False,3,69.57436,"{""partial_saturated"": ""Partial saturation:\n There are 4 pixels saturated at the end of a ramp. Partial ramps may still be used in some cases.""}"
wfi02,gbtds_mid_5stripe,medium,f146,im_66_6_v2,1,-1,16.85,432.8677099797299,0.0023101746259771316,0.002508240230736942,True,False,3,69.57436,"{""partial_saturated"": ""Partial saturation:\n There are 1 pixels saturated at the end of a ramp. Partial ramps may still be used in some cases.""}"
wfi02,gbtds_mid_5stripe,medium,f146,im_66_6_v2,1,-1,16.9,423.0925810056972,0.0023635488895196073,0.0025661906010673095,True,False,3,69.57436,"{""partial_saturated"": ""Partial saturation:\n There are 1 pixels saturated at the end of a ramp. Partial ramps may still be used in some cases.""}"
wfi02,gbtds_mid_5stripe,medium,f146,im_66_6_v2,1,-1,16.95,428.7595881997425,0.002332309358255421,0.0025322727109541093,True,False,3,69.57436,"{""partial_saturated"": ""Partial saturation:\n There are 1 pixels saturated at the end of a ramp. Partial ramps may still be used in some cases.""}"
wfi02,gbtds_mid_5stripe,medium,f146,im_66_6_v2,1,-1,17.0,419.0681428404045,0.0023862467646003,0.0025908345058135,True,False,3,69.57436,"{""partial_saturated"": ""Partial saturation:\n There are 1 pixels saturated at the end of a ramp. Partial ramps may still be used in some cases.""}"
wfi02,gbtds_mid_5stripe,medium,f146,im_66_6_v2,1,-1,17.05,409.58493071844777,0.002441496073222012,0.002650820680471943,True,False,3,69.57436,"{""partial_saturated"": ""Partial saturation:\n There are 1 pixels saturated at the end of a ramp. Partial ramps may still be used in some cases.""}"
wfi02,gbtds_mid_5stripe,medium,f146,im_66_6_v2,1,-1,17.1,415.44344224082437,0.0024070665181430877,0.0026134392660090407,True,False,3,69.57436,"{""partial_saturated"": ""Partial saturation:\n There are 1 pixels saturated at the end of a ramp. Partial ramps may still be used in some cases.""}"
wfi02,gbtds_mid_5stripe,medium,f146,im_66_6_v2,1,-1,17.15,406.03195547331944,0.002462860340226868,0.002674016638647235,True,False,3,69.57436,"{""partial_saturated"": ""Partial saturation:\n There are 1 pixels saturated at the end of a ramp. Partial ramps may still be used in some cases.""}"
wfi02,gbtds_mid_5stripe,medium,f146,im_66_6_v2,1,-1,17.2,396.8230356506956,0.0025200149944930423,0.002736071516054454,True,False,3,69.57436,"{""partial_saturated"": ""Partial saturation:\n There are 1 pixels saturated at the end of a ramp. Partial ramps may still be used in some cases.""}"
wfi02,gbtds_mid_5stripe,medium,f146,im_66_6_v2,1,-1,17.25,403.0899450389899,0.0024808358836717506,0.0026935333369655467,True,False,3,69.57436,"{""partial_saturated"": ""Partial saturation:\n There are 1 pixels saturated at the end of a ramp. Partial ramps may still be used in some cases.""}"
wfi02,gbtds_mid_5stripe,medium,f146,im_66_6_v2,1,-1,17.3,393.93598523110865,0.0025384835036416755,0.002756123445085032,True,False,3,69.57436,"{""partial_saturated"": ""Partial saturation:\n There are 1 pixels saturated at the end of a ramp. Partial ramps may still be used in some cases.""}"
wfi02,gbtds_mid_5stripe,medium,f146,im_66_6_v2,1,-1,17.35,531.772152197284,0.001880504640696203,0.002041731971619545,True,False,4,69.57436,"{""partial_saturated"": ""Partial saturation:\n There are 1 pixels saturated at the end of a ramp. Partial ramps may still be used in some cases.""}"
wfi02,gbtds_mid_5stripe,medium,f146,im_66_6_v2,1,-1,17.4,519.872567804683,0.0019235483115079498,0.0020884660434055493,True,False,4,69.57436,"{""partial_saturated"": ""Partial saturation:\n There are 1 pixels saturated at the end of a ramp. Partial ramps may still be used in some cases.""}"
wfi02,gbtds_mid_5stripe,medium,f146,im_66_6_v2,1,-1,17.45,511.7655134581872,0.001954019905019847,0.002121550155698089,True,False,4,69.57436,"{""partial_saturated"": ""Partial saturation:\n There are 1 pixels saturated at the end of a ramp. Partial ramps may still be used in some cases.""}"
wfi02,gbtds_mid_5stripe,medium,f146,im_66_6_v2,1,-1,17.5,500.2862811418018,0.0019988555307127,0.0021702298177758,True,False,4,69.57436,"{""partial_saturated"": ""Partial saturation:\n There are 1 pixels saturated at the end of a ramp. Partial ramps may still be used in some cases.""}"
wfi02,gbtds_mid_5stripe,medium,f146,im_66_6_v2,1,-1,17.55,492.2083284784369,0.0020316600555933275,0.0022058468781185896,True,False,4,69.57436,"{""partial_saturated"": ""Partial saturation:\n There are 1 pixels saturated at the end of a ramp. Partial ramps may still be used in some cases.""}"
wfi02,gbtds_mid_5stripe,medium,f146,im_66_6_v2,1,-1,17.6,481.141519933357,0.002078390574437455,0.0022565838942947905,True,False,4,69.57436,"{""partial_saturated"": ""Partial saturation:\n There are 1 pixels saturated at the end of a ramp. Partial ramps may still be used in some cases.""}"
wfi02,gbtds_mid_5stripe,medium,f146,im_66_6_v2,1,-1,17.65,473.2054842979447,0.002113246851911736,0.0022944286167117128,True,False,4,69.57436,"{""partial_saturated"": ""Partial saturation:\n There are 1 pixels saturated at the end of a ramp. Partial ramps may still be used in some cases.""}"
wfi02,gbtds_mid_5stripe,medium,f146,im_66_6_v2,1,-1,17.7,462.54120996845415,0.0021619695249817873,0.0023473285868564615,True,False,4,69.57436,"{""partial_saturated"": ""Partial saturation:\n There are 1 pixels saturated at the end of a ramp. Partial ramps may still be used in some cases.""}"
wfi02,gbtds_mid_5stripe,medium,f146,im_66_6_v2,1,-1,17.75,454.80442235905326,0.0021987473094765395,0.002387259559013206,True,False,4,69.57436,"{""partial_saturated"": ""Partial saturation:\n There are 1 pixels saturated at the end of a ramp. Partial ramps may still be used in some cases.""}"
wfi02,gbtds_mid_5stripe,medium,f146,im_66_6_v2,1,-1,17.8,447.13374488717056,0.00223646730186365,0.0024282135203910933,True,False,4,69.57436,"{""partial_saturated"": ""Partial saturation:\n There are 1 pixels saturated at the end of a ramp. Partial ramps may still be used in some cases.""}"
wfi02,gbtds_mid_5stripe,medium,f146,im_66_6_v2,1,-1,17.85,439.5509953011568,0.0022750488809946926,0.0024701029376904063,True,False,4,69.57436,"{""partial_saturated"": ""Partial saturation:\n There are 1 pixels saturated at the end of a ramp. Partial ramps may still be used in some cases.""}"
wfi02,gbtds_mid_5stripe,medium,f146,im_66_6_v2,1,-1,17.9,429.60041196958593,0.002327744508938684,0.002527316488781662,True,False,4,69.57436,"{""partial_saturated"": ""Partial saturation:\n There are 1 pixels saturated at the end of a ramp. Partial ramps may still be used in some cases.""}"
wfi02,gbtds_mid_5stripe,medium,f146,im_66_6_v2,1,-1,17.95,422.2768721245474,0.0023681145381437264,0.00257114769107672,True,False,4,69.57436,"{""partial_saturated"": ""Partial saturation:\n There are 1 pixels saturated at the end of a ramp. Partial ramps may still be used in some cases.""}"
wfi02,gbtds_mid_5stripe,medium,f146,im_66_6_v2,1,-1,18.0,415.0603051835071,0.0024092884516091,0.0026158516996177,True,False,4,69.57436,"{""partial_saturated"": ""Partial saturation:\n There are 1 pixels saturated at the end of a ramp. Partial ramps may still be used in some cases.""}"
wfi02,gbtds_mid_5stripe,medium,f146,im_66_6_v2,1,-1,18.05,407.9577926667045,0.0024512339707087917,0.002661393468331563,True,False,4,69.57436,"{""partial_saturated"": ""Partial saturation:\n There are 1 pixels saturated at the end of a ramp. Partial ramps may still be used in some cases.""}"
wfi02,gbtds_mid_5stripe,medium,f146,im_66_6_v2,1,-1,18.1,400.969386518571,0.0024939559817334952,0.0027077783024411595,True,False,4,69.57436,"{""partial_saturated"": ""Partial saturation:\n There are 1 pixels saturated at the end of a ramp. Partial ramps may still be used in some cases.""}"
wfi02,gbtds_mid_5stripe,medium,f146,im_66_6_v2,1,-1,18.15,480.49313811832354,0.002081195173600472,0.002259628949145913,True,False,5,69.57436,"{""partial_saturated"": ""Partial saturation:\n There are 1 pixels saturated at the end of a ramp. Partial ramps may still be used in some cases.""}"
wfi02,gbtds_mid_5stripe,medium,f146,im_66_6_v2,1,-1,18.2,478.4346127657053,0.002090149778711163,0.0022693512881139023,False,False,6,69.57436,{}
wfi02,gbtds_mid_5stripe,medium,f146,im_66_6_v2,1,-1,18.25,467.5375754691623,0.0021388655211220724,0.0023222437333910973,False,False,6,69.57436,{}
wfi02,gbtds_mid_5stripe,medium,f146,im_66_6_v2,1,-1,18.3,456.86887385941236,0.0021888118390567353,0.002376472259067121,False,False,6,69.57436,{}
wfi02,gbtds_mid_5stripe,medium,f146,im_66_6_v2,1,-1,18.35,446.42659315564737,0.00224000992622621,0.0024320598759213826,False,False,6,69.57436,{}
wfi02,gbtds_mid_5stripe,medium,f146,im_66_6_v2,1,-1,18.4,436.20380787980105,0.002292506351241108,0.002489057145180428,False,False,6,69.57436,{}
wfi02,gbtds_mid_5stripe,medium,f146,im_66_6_v2,1,-1,18.45,426.1990637373534,0.002346321437759547,0.0025474861329756885,False,False,6,69.57436,{}
wfi02,gbtds_mid_5stripe,medium,f146,im_66_6_v2,1,-1,18.5,416.4055982174919,0.0024015046970566,0.0026074005954911,False,False,6,69.57436,{}
wfi02,gbtds_mid_5stripe,medium,f146,im_66_6_v2,1,-1,18.55,406.8207050637329,0.002458085312652263,0.0026688322183307683,False,False,6,69.57436,{}
wfi02,gbtds_mid_5stripe,medium,f146,im_66_6_v2,1,-1,18.6,397.4401843970152,0.002516101892205921,0.0027318229192284044,False,False,6,69.57436,{}
wfi02,gbtds_mid_5stripe,medium,f146,im_66_6_v2,1,-1,18.65,388.2570463928963,0.0025756132677835575,0.0027964365742880032,False,False,6,69.57436,{}
wfi02,gbtds_mid_5stripe,medium,f146,im_66_6_v2,1,-1,18.7,379.2737390533147,0.0026366180861771434,0.002862671714282614,False,False,6,69.57436,{}
wfi02,gbtds_mid_5stripe,medium,f146,im_66_6_v2,1,-1,18.75,370.47584874231075,0.002699231281593103,0.002930653127441317,False,False,6,69.57436,{}
wfi02,gbtds_mid_5stripe,medium,f146,im_66_6_v2,1,-1,19.0,329.2154617502963,0.0030375244063065,0.0032979502207634,False,False,6,69.57436,{}
wfi02,gbtds_mid_5stripe,medium,f146,im_66_6_v2,1,-1,19.5,258.89908409018915,0.0038625088362678,0.0041936656847341,False,False,6,69.57436,{}
wfi02,gbtds_mid_5stripe,medium,f146,im_66_6_v2,1,-1,20.0,202.3428814718964,0.0049421061552832,0.0053658235805489,False,False,6,69.57436,{}
wfi02,gbtds_mid_5stripe,medium,f146,im_66_6_v2,1,-1,20.5,156.63442256237838,0.0063842926965926,0.0069316577224635,False,False,6,69.57436,{}
wfi02,gbtds_mid_5stripe,medium,f146,im_66_6_v2,1,-1,21.0,119.85035886534256,0.0083437380535801,0.0090590984877901,False,False,6,69.57436,{}
wfi02,gbtds_mid_5stripe,medium,f146,im_66_6_v2,1,-1,21.2,107.19330484291092,0.00932894084631,0.0101287688288858,False,False,6,69.57436,{}
wfi02,gbtds_mid_5stripe,medium,f146,im_66_6_v2,1,-1,21.5,90.15904663380752,0.0110915103623669,0.0120424543658717,False,False,6,69.57436,{}
wfi02,gbtds_mid_5stripe,medium,f146,im_66_6_v2,1,-1,22.0,66.39195483801053,0.0150620659150629,0.0163534302824372,False,False,6,69.57436,{}
wfi02,gbtds_mid_5stripe,medium,f146,im_66_6_v2,1,-1,22.5,47.903562229715845,0.0208752742688449,0.0226650410579407,False,False,6,69.57436,{}
wfi02,gbtds_mid_5stripe,medium,f146,im_66_6_v2,1,-1,23.0,33.621708495109935,0.0297426884224352,0.0322927136470784,False,False,6,69.57436,{}
wfi02,gbtds_mid_5stripe,medium,f146,im_66_6_v2,1,-1,23.5,23.0733242638828,0.0433400921585158,0.0470559071740545,False,False,6,69.57436,{}
wfi02,gbtds_mid_5stripe,medium,f146,im_66_6_v2,1,-1,24.0,15.513015078018109,0.0644620014207938,0.0699887287737258,False,False,6,69.57436,{}
wfi02,gbtds_mid_5stripe,medium,f146,im_66_6_v2,1,-1,24.5,10.204019636111152,0.098000595418406,0.1064027945336171,False,False,6,69.57436,{}
wfi02,gbtds_mid_5stripe,medium,f146,im_66_6_v2,1,-1,25.0,6.6399559783039805,0.1506034081050378,0.1635155727396034,False,False,6,69.57436,{}
wfi02,gbtds_mid_5stripe,medium,f146,im_66_6_v2,1,-1,25.5,4.269441984854533,0.2342226463194514,0.2543040070832869,False,False,6,69.57436,{}
wfi02,gbtds_mid_5stripe,medium,f146,im_66_6_v2,1,-1,26.0,2.72717359203367,0.3666799953332981,0.3981177464939037,False,False,6,69.57436,{}
wfi02,gbtds_mid_5stripe,medium,f146,im_66_6_v2,1,-1,26.5,1.7344111954276082,0.5765645439998767,0.6259969998005276,False,False,6,69.57436,{}
wfi02,gbtds_mid_5stripe,medium,f146,im_66_6_v2,1,-1,27.0,1.0998929041917624,0.90917942664139,0.987129020125795,False,False,6,69.57436,{}
wfi02,gbtds_mid_5stripe,medium,f146,im_66_6_v2,1,-1,27.5,0.6962240047758601,1.436319335645338,1.559463904304287,False,False,6,69.57436,{}
wfi02,gbtds_mid_5stripe,medium,f146,im_66_6_v2,1,-1,28.0,0.4401858560694141,2.2717676777018188,2.466540416480162,False,False,6,69.57436,{}
wfi02,gbtds_mid_5stripe,medium,f146,im_66_6_v2,1,-1,28.5,0.2780978912786487,3.5958561044895494,3.904151159744835,False,False,6,69.57436,{}
wfi02,gbtds_mid_5stripe,medium,f146,im_66_6_v2,1,-1,29.0,0.1756114328007456,5.694390075016542,6.182605468460819,False,False,6,69.57436,{}
wfi02,gbtds_mid_5stripe,medium,f146,im_66_6_v2,1,-1,29.5,0.1108605743585138,9.020339338727252,9.79370899926018,False,False,6,69.57436,{}
wfi02,gbtds_mid_5stripe,medium,f146,im_66_6_v2,1,-1,30.0,0.0699711203996939,14.291610514276892,15.516918959652372,False,False,6,69.57436,{}
wfi03,gbtds_mid_5stripe,medium,f146,im_66_6_v2,1,-1,12.0,0.0,,,True,True,0,69.57436,"{""full_saturated"": ""Full saturation:\n There are 23 pixels saturated before the third resultant. These pixels cannot be recovered."", ""partial_saturated"": ""Partial saturation:\n There are 30 pixels saturated at the end of a ramp. Partial ramps may still be used in some cases.""}"
wfi03,gbtds_mid_5stripe,medium,f146,im_66_6_v2,1,-1,12.5,0.0,,,True,True,0,69.57436,"{""full_saturated"": ""Full saturation:\n There are 17 pixels saturated before the third resultant. These pixels cannot be recovered."", ""partial_saturated"": ""Partial saturation:\n There are 22 pixels saturated at the end of a ramp. Partial ramps may still be used in some cases.""}"
wfi03,gbtds_mid_5stripe,medium,f146,im_66_6_v2,1,-1,13.0,0.0,,,True,True,0,69.57436,"{""full_saturated"": ""Full saturation:\n There are 13 pixels saturated before the third resultant. These pixels cannot be recovered."", ""partial_saturated"": ""Partial saturation:\n There are 19 pixels saturated at the end of a ramp. Partial ramps may still be used in some cases.""}"
wfi03,gbtds_mid_5stripe,medium,f146,im_66_6_v2,1,-1,13.5,0.0,,,True,True,0,69.57436,"{""full_saturated"": ""Full saturation:\n There are 9 pixels saturated before the third resultant. These pixels cannot be recovered."", ""partial_saturated"": ""Partial saturation:\n There are 15 pixels saturated at the end of a ramp. Partial ramps may still be used in some cases.""}"
wfi03,gbtds_mid_5stripe,medium,f146,im_66_6_v2,1,-1,14.0,0.0,,,True,True,0,69.57436,"{""full_saturated"": ""Full saturation:\n There are 7 pixels saturated before the third resultant. These pixels cannot be recovered."", ""partial_saturated"": ""Partial saturation:\n There are 13 pixels saturated at the end of a ramp. Partial ramps may still be used in some cases.""}"
wfi03,gbtds_mid_5stripe,medium,f146,im_66_6_v2,1,-1,14.5,0.0,,,True,True,0,69.57436,"{""full_saturated"": ""Full saturation:\n There are 5 pixels saturated before the third resultant. These pixels cannot be recovered."", ""partial_saturated"": ""Partial saturation:\n There are 11 pixels saturated at the end of a ramp. Partial ramps may still be used in some cases.""}"
wfi03,gbtds_mid_5stripe,medium,f146,im_66_6_v2,1,-1,15.0,0.0,,,True,True,1,69.57436,"{""full_saturated"": ""Full saturation:\n There are 1 pixels saturated before the third resultant. These pixels cannot be recovered."", ""partial_saturated"": ""Partial saturation:\n There are 11 pixels saturated at the end of a ramp. Partial ramps may still be used in some cases.""}"
wfi03,gbtds_mid_5stripe,medium,f146,im_66_6_v2,1,-1,15.5,0.0,,,True,True,1,69.57436,"{""full_saturated"": ""Full saturation:\n There are 1 pixels saturated before the third resultant. These pixels cannot be recovered."", ""partial_saturated"": ""Partial saturation:\n There are 8 pixels saturated at the end of a ramp. Partial ramps may still be used in some cases.""}"
wfi03,gbtds_mid_5stripe,medium,f146,im_66_6_v2,1,-1,15.55,0.0,,,True,True,1,69.57436,"{""full_saturated"": ""Full saturation:\n There are 1 pixels saturated before the third resultant. These pixels cannot be recovered."", ""partial_saturated"": ""Partial saturation:\n There are 7 pixels saturated at the end of a ramp. Partial ramps may still be used in some cases.""}"
wfi03,gbtds_mid_5stripe,medium,f146,im_66_6_v2,1,-1,15.6,0.0,,,True,True,2,69.57436,"{""full_saturated"": ""Full saturation:\n There are 1 pixels saturated before the third resultant. These pixels cannot be recovered."", ""partial_saturated"": ""Partial saturation:\n There are 6 pixels saturated at the end of a ramp. Partial ramps may still be used in some cases.""}"
wfi03,gbtds_mid_5stripe,medium,f146,im_66_6_v2,1,-1,15.65,0.0,,,True,True,2,69.57436,"{""full_saturated"": ""Full saturation:\n There are 1 pixels saturated before the third resultant. These pixels cannot be recovered."", ""partial_saturated"": ""Partial saturation:\n There are 6 pixels saturated at the end of a ramp. Partial ramps may still be used in some cases.""}"
wfi03,gbtds_mid_5stripe,medium,f146,im_66_6_v2,1,-1,15.7,0.0,,,True,True,2,69.57436,"{""full_saturated"": ""Full saturation:\n There are 1 pixels saturated before the third resultant. These pixels cannot be recovered."", ""partial_saturated"": ""Partial saturation:\n There are 6 pixels saturated at the end of a ramp. Partial ramps may still be used in some cases.""}"
wfi03,gbtds_mid_5stripe,medium,f146,im_66_6_v2,1,-1,15.75,0.0,,,True,True,2,69.57436,"{""full_saturated"": ""Full saturation:\n There are 1 pixels saturated before the third resultant. These pixels cannot be recovered."", ""partial_saturated"": ""Partial saturation:\n There are 6 pixels saturated at the end of a ramp. Partial ramps may still be used in some cases.""}"
wfi03,gbtds_mid_5stripe,medium,f146,im_66_6_v2,1,-1,15.8,0.0,,,True,True,2,69.57436,"{""full_saturated"": ""Full saturation:\n There are 1 pixels saturated before the third resultant. These pixels cannot be recovered."", ""partial_saturated"": ""Partial saturation:\n There are 6 pixels saturated at the end of a ramp. Partial ramps may still be used in some cases.""}"
wfi03,gbtds_mid_5stripe,medium,f146,im_66_6_v2,1,-1,15.85,0.0,,,True,True,2,69.57436,"{""full_saturated"": ""Full saturation:\n There are 1 pixels saturated before the third resultant. These pixels cannot be recovered."", ""partial_saturated"": ""Partial saturation:\n There are 6 pixels saturated at the end of a ramp. Partial ramps may still be used in some cases.""}"
wfi03,gbtds_mid_5stripe,medium,f146,im_66_6_v2,1,-1,15.9,0.0,,,True,True,2,69.57436,"{""full_saturated"": ""Full saturation:\n There are 1 pixels saturated before the third resultant. These pixels cannot be recovered."", ""partial_saturated"": ""Partial saturation:\n There are 6 pixels saturated at the end of a ramp. Partial ramps may still be used in some cases.""}"
wfi03,gbtds_mid_5stripe,medium,f146,im_66_6_v2,1,-1,15.95,0.0,,,True,True,2,69.57436,"{""full_saturated"": ""Full saturation:\n There are 1 pixels saturated before the third resultant. These pixels cannot be recovered."", ""partial_saturated"": ""Partial saturation:\n There are 5 pixels saturated at the end of a ramp. Partial ramps may still be used in some cases.""}"
wfi03,gbtds_mid_5stripe,medium,f146,im_66_6_v2,1,-1,16.0,0.0,,,True,True,2,69.57436,"{""full_saturated"": ""Full saturation:\n There are 1 pixels saturated before the third resultant. These pixels cannot be recovered."", ""partial_saturated"": ""Partial saturation:\n There are 5 pixels saturated at the end of a ramp. Partial ramps may still be used in some cases.""}"
wfi03,gbtds_mid_5stripe,medium,f146,im_66_6_v2,1,-1,16.05,0.0,,,True,True,2,69.57436,"{""full_saturated"": ""Full saturation:\n There are 1 pixels saturated before the third resultant. These pixels cannot be recovered."", ""partial_saturated"": ""Partial saturation:\n There are 5 pixels saturated at the end of a ramp. Partial ramps may still be used in some cases.""}"
wfi03,gbtds_mid_5stripe,medium,f146,im_66_6_v2,1,-1,16.1,0.0,,,True,True,2,69.57436,"{""full_saturated"": ""Full saturation:\n There are 1 pixels saturated before the third resultant. These pixels cannot be recovered."", ""partial_saturated"": ""Partial saturation:\n There are 4 pixels saturated at the end of a ramp. Partial ramps may still be used in some cases.""}"
wfi03,gbtds_mid_5stripe,medium,f146,im_66_6_v2,1,-1,16.15,0.0,,,True,True,2,69.57436,"{""full_saturated"": ""Full saturation:\n There are 1 pixels saturated before the third resultant. These pixels cannot be recovered."", ""partial_saturated"": ""Partial saturation:\n There are 4 pixels saturated at the end of a ramp. Partial ramps may still be used in some cases.""}"
wfi03,gbtds_mid_5stripe,medium,f146,im_66_6_v2,1,-1,16.2,0.0,,,True,True,2,69.57436,"{""full_saturated"": ""Full saturation:\n There are 1 pixels saturated before the third resultant. These pixels cannot be recovered."", ""partial_saturated"": ""Partial saturation:\n There are 4 pixels saturated at the end of a ramp. Partial ramps may still be used in some cases.""}"
wfi03,gbtds_mid_5stripe,medium,f146,im_66_6_v2,1,-1,16.25,0.0,,,True,True,2,69.57436,"{""full_saturated"": ""Full saturation:\n There are 1 pixels saturated before the third resultant. These pixels cannot be recovered."", ""partial_saturated"": ""Partial saturation:\n There are 4 pixels saturated at the end of a ramp. Partial ramps may still be used in some cases.""}"
wfi03,gbtds_mid_5stripe,medium,f146,im_66_6_v2,1,-1,16.3,0.0,,,True,True,2,69.57436,"{""full_saturated"": ""Full saturation:\n There are 1 pixels saturated before the third resultant. These pixels cannot be recovered."", ""partial_saturated"": ""Partial saturation:\n There are 4 pixels saturated at the end of a ramp. Partial ramps may still be used in some cases.""}"
wfi03,gbtds_mid_5stripe,medium,f146,im_66_6_v2,1,-1,16.35,469.6835861600522,0.0021290929243996063,0.0023116332713150156,True,False,3,69.57436,"{""partial_saturated"": ""Partial saturation:\n There are 5 pixels saturated at the end of a ramp. Partial ramps may still be used in some cases.""}"
wfi03,gbtds_mid_5stripe,medium,f146,im_66_6_v2,1,-1,16.4,459.9988900665367,0.0021739182889231635,0.002360301792469722,True,False,3,69.57436,"{""partial_saturated"": ""Partial saturation:\n There are 5 pixels saturated at the end of a ramp. Partial ramps may still be used in some cases.""}"
wfi03,gbtds_mid_5stripe,medium,f146,im_66_6_v2,1,-1,16.45,449.84556179259044,0.0022229851418675735,0.002413575451165011,True,False,3,69.57436,"{""partial_saturated"": ""Partial saturation:\n There are 5 pixels saturated at the end of a ramp. Partial ramps may still be used in some cases.""}"
wfi03,gbtds_mid_5stripe,medium,f146,im_66_6_v2,1,-1,16.5,440.5316523691063,0.0022699844486137,0.0024646043000978,True,False,3,69.57436,"{""partial_saturated"": ""Partial saturation:\n There are 5 pixels saturated at the end of a ramp. Partial ramps may still be used in some cases.""}"
wfi03,gbtds_mid_5stripe,medium,f146,im_66_6_v2,1,-1,16.55,431.39029711804966,0.0023180864444114994,0.002516830378456608,True,False,3,69.57436,"{""partial_saturated"": ""Partial saturation:\n There are 5 pixels saturated at the end of a ramp. Partial ramps may still be used in some cases.""}"
wfi03,gbtds_mid_5stripe,medium,f146,im_66_6_v2,1,-1,16.6,436.2714300587405,0.002292151012192932,0.002488671340710859,True,False,3,69.57436,"{""partial_saturated"": ""Partial saturation:\n There are 5 pixels saturated at the end of a ramp. Partial ramps may still be used in some cases.""}"
wfi03,gbtds_mid_5stripe,medium,f146,im_66_6_v2,1,-1,16.65,426.8512411984681,0.002342736540234263,0.0025435938799421394,True,False,3,69.57436,"{""partial_saturated"": ""Partial saturation:\n There are 5 pixels saturated at the end of a ramp. Partial ramps may still be used in some cases.""}"
wfi03,gbtds_mid_5stripe,medium,f146,im_66_6_v2,1,-1,16.7,423.3411235613045,0.0023621612556503475,0.0025646839967365057,True,False,3,69.57436,"{""partial_saturated"": ""Partial saturation:\n There are 5 pixels saturated at the end of a ramp. Partial ramps may still be used in some cases.""}"
wfi03,gbtds_mid_5stripe,medium,f146,im_66_6_v2,1,-1,16.75,427.0053154408909,0.0023418912220506704,0.0025426760873856723,True,False,3,69.57436,"{""partial_saturated"": ""Partial saturation:\n There are 4 pixels saturated at the end of a ramp. Partial ramps may still be used in some cases.""}"
wfi03,gbtds_mid_5stripe,medium,f146,im_66_6_v2,1,-1,16.8,440.57228192453965,0.002269775110753059,0.002464377014403489,True,False,3,69.57436,"{""partial_saturated"": ""Partial saturation:\n There are 2 pixels saturated at the end of a ramp. Partial ramps may still be used in some cases.""}"
wfi03,gbtds_mid_5stripe,medium,f146,im_66_6_v2,1,-1,16.85,431.1785400053605,0.002319224885328402,0.002518066424977067,True,False,3,69.57436,"{""partial_saturated"": ""Partial saturation:\n There are 1 pixels saturated at the end of a ramp. Partial ramps may still be used in some cases.""}"
wfi03,gbtds_mid_5stripe,medium,f146,im_66_6_v2,1,-1,16.9,421.43551683663065,0.00237284224999871,0.00257628073900334,True,False,3,69.57436,"{""partial_saturated"": ""Partial saturation:\n There are 1 pixels saturated at the end of a ramp. Partial ramps may still be used in some cases.""}"
wfi03,gbtds_mid_5stripe,medium,f146,im_66_6_v2,1,-1,16.95,427.0725609308364,0.0023415224752918466,0.0025422757256792303,True,False,3,69.57436,"{""partial_saturated"": ""Partial saturation:\n There are 1 pixels saturated at the end of a ramp. Partial ramps may still be used in some cases.""}"
wfi03,gbtds_mid_5stripe,medium,f146,im_66_6_v2,1,-1,17.0,417.41304052622087,0.0023957085737889,0.0026011075346121,True,False,3,69.57436,"{""partial_saturated"": ""Partial saturation:\n There are 1 pixels saturated at the end of a ramp. Partial ramps may still be used in some cases.""}"
wfi03,gbtds_mid_5stripe,medium,f146,im_66_6_v2,1,-1,17.05,407.9611399792113,0.0024512138583860157,0.0026613716316545638,True,False,3,69.57436,"{""partial_saturated"": ""Partial saturation:\n There are 1 pixels saturated at the end of a ramp. Partial ramps may still be used in some cases.""}"
wfi03,gbtds_mid_5stripe,medium,f146,im_66_6_v2,1,-1,17.1,413.78646242977464,0.0024167054526819227,0.002623904606213148,True,False,3,69.57436,"{""partial_saturated"": ""Partial saturation:\n There are 1 pixels saturated at the end of a ramp. Partial ramps may still be used in some cases.""}"
wfi03,gbtds_mid_5stripe,medium,f146,im_66_6_v2,1,-1,17.15,404.4060345426349,0.002472762309620219,0.002684767565316003,True,False,3,69.57436,"{""partial_saturated"": ""Partial saturation:\n There are 1 pixels saturated at the end of a ramp. Partial ramps may still be used in some cases.""}"
wfi03,gbtds_mid_5stripe,medium,f146,im_66_6_v2,1,-1,17.2,395.2274934455799,0.002530188351225351,0.0027471170977826412,True,False,3,69.57436,"{""partial_saturated"": ""Partial saturation:\n There are 1 pixels saturated at the end of a ramp. Partial ramps may still be used in some cases.""}"
wfi03,gbtds_mid_5stripe,medium,f146,im_66_6_v2,1,-1,17.25,401.4567069934942,0.002490928617157729,0.0027044913831162478,True,False,3,69.57436,"{""partial_saturated"": ""Partial saturation:\n There are 1 pixels saturated at the end of a ramp. Partial ramps may still be used in some cases.""}"
wfi03,gbtds_mid_5stripe,medium,f146,im_66_6_v2,1,-1,17.3,392.33296389790195,0.002548855416238318,0.002767384606103794,True,False,3,69.57436,"{""partial_saturated"": ""Partial saturation:\n There are 1 pixels saturated at the end of a ramp. Partial ramps may still be used in some cases.""}"
wfi03,gbtds_mid_5stripe,medium,f146,im_66_6_v2,1,-1,17.35,529.605436060606,0.0018881981413150823,0.0020500850837827916,True,False,4,69.57436,"{""partial_saturated"": ""Partial saturation:\n There are 1 pixels saturated at the end of a ramp. Partial ramps may still be used in some cases.""}"
wfi03,gbtds_mid_5stripe,medium,f146,im_66_6_v2,1,-1,17.4,517.7482820014902,0.0019314404987192631,0.0020970348767956016,True,False,4,69.57436,"{""partial_saturated"": ""Partial saturation:\n There are 1 pixels saturated at the end of a ramp. Partial ramps may still be used in some cases.""}"
wfi03,gbtds_mid_5stripe,medium,f146,im_66_6_v2,1,-1,17.45,509.66933979948186,0.001962056419547285,0.0021302756904805933,True,False,4,69.57436,"{""partial_saturated"": ""Partial saturation:\n There are 1 pixels saturated at the end of a ramp. Partial ramps may still be used in some cases.""}"
wfi03,gbtds_mid_5stripe,medium,f146,im_66_6_v2,1,-1,17.5,498.2315755720304,0.0020070988051126,0.0021791798392375,True,False,4,69.57436,"{""partial_saturated"": ""Partial saturation:\n There are 1 pixels saturated at the end of a ramp. Partial ramps may still be used in some cases.""}"
wfi03,gbtds_mid_5stripe,medium,f146,im_66_6_v2,1,-1,17.55,490.18130989338516,0.0020400614625994224,0.002214968589876015,True,False,4,69.57436,"{""partial_saturated"": ""Partial saturation:\n There are 1 pixels saturated at the end of a ramp. Partial ramps may still be used in some cases.""}"
wfi03,gbtds_mid_5stripe,medium,f146,im_66_6_v2,1,-1,17.6,479.15470351414774,0.00208700862720525,0.002265940826199302,True,False,4,69.57436,"{""partial_saturated"": ""Partial saturation:\n There are 1 pixels saturated at the end of a ramp. Partial ramps may still be used in some cases.""}"
wfi03,gbtds_mid_5stripe,medium,f146,im_66_6_v2,1,-1,17.65,471.2458317219137,0.002122034684839629,0.002303969885082892,True,False,4,69.57436,"{""partial_saturated"": ""Partial saturation:\n There are 1 pixels saturated at the end of a ramp. Partial ramps may still be used in some cases.""}"
wfi03,gbtds_mid_5stripe,medium,f146,im_66_6_v2,1,-1,17.7,463.3693276492368,0.0021581057276129937,0.0023431335221653134,True,False,4,69.57436,"{""partial_saturated"": ""Partial saturation:\n There are 1 pixels saturated at the end of a ramp. Partial ramps may still be used in some cases.""}"
wfi03,gbtds_mid_5stripe,medium,f146,im_66_6_v2,1,-1,17.75,452.9105107193246,0.002207941693408204,0.0023972422345282605,True,False,4,69.57436,"{""partial_saturated"": ""Partial saturation:\n There are 1 pixels saturated at the end of a ramp. Partial ramps may still be used in some cases.""}"
wfi03,gbtds_mid_5stripe,medium,f146,im_66_6_v2,1,-1,17.8,445.2656271406458,0.0022458504296001508,0.002438401121888482,True,False,4,69.57436,"{""partial_saturated"": ""Partial saturation:\n There are 1 pixels saturated at the end of a ramp. Partial ramps may still be used in some cases.""}"
wfi03,gbtds_mid_5stripe,medium,f146,im_66_6_v2,1,-1,17.85,437.70796937747906,0.0022846282680715844,0.00248050362505918,True,False,4,69.57436,"{""partial_saturated"": ""Partial saturation:\n There are 1 pixels saturated at the end of a ramp. Partial ramps may still be used in some cases.""}"
wfi03,gbtds_mid_5stripe,medium,f146,im_66_6_v2,1,-1,17.9,430.2507589106693,0.0023242259991170054,0.0025234963152814685,True,False,4,69.57436,"{""partial_saturated"": ""Partial saturation:\n There are 1 pixels saturated at the end of a ramp. Partial ramps may still be used in some cases.""}"
wfi03,gbtds_mid_5stripe,medium,f146,im_66_6_v2,1,-1,17.95,420.4966930673462,0.002378139986560706,0.00258203268339197,True,False,4,69.57436,"{""partial_saturated"": ""Partial saturation:\n There are 1 pixels saturated at the end of a ramp. Partial ramps may still be used in some cases.""}"
wfi03,gbtds_mid_5stripe,medium,f146,im_66_6_v2,1,-1,18.0,413.3054640571844,0.0024195179763257,0.0026269582649599,True,False,4,69.57436,"{""partial_saturated"": ""Partial saturation:\n There are 1 pixels saturated at the end of a ramp. Partial ramps may still be used in some cases.""}"
wfi03,gbtds_mid_5stripe,medium,f146,im_66_6_v2,1,-1,18.05,406.225001635862,0.00246168994023759,0.0026727458930048274,True,False,4,69.57436,"{""partial_saturated"": ""Partial saturation:\n There are 1 pixels saturated at the end of a ramp. Partial ramps may still be used in some cases.""}"
wfi03,gbtds_mid_5stripe,medium,f146,im_66_6_v2,1,-1,18.1,399.2591943166194,0.0025046386263229865,0.002719376836434534,True,False,4,69.57436,"{""partial_saturated"": ""Partial saturation:\n There are 1 pixels saturated at the end of a ramp. Partial ramps may still be used in some cases.""}"
wfi03,gbtds_mid_5stripe,medium,f146,im_66_6_v2,1,-1,18.15,478.2907444310466,0.002090778489116605,0.0022700339017633986,True,False,5,69.57436,"{""partial_saturated"": ""Partial saturation:\n There are 1 pixels saturated at the end of a ramp. Partial ramps may still be used in some cases.""}"
wfi03,gbtds_mid_5stripe,medium,f146,im_66_6_v2,1,-1,18.2,476.217318199134,0.0020998816334139325,0.0022799175151041445,False,False,6,69.57436,{}
wfi03,gbtds_mid_5stripe,medium,f146,im_66_6_v2,1,-1,18.25,465.36754541673974,0.0021488391484294276,0.0023330724616514574,False,False,6,69.57436,{}
wfi03,gbtds_mid_5stripe,medium,f146,im_66_6_v2,1,-1,18.3,454.744567694349,0.0021990367143256075,0.002387573776335672,False,False,6,69.57436,{}
wfi03,gbtds_mid_5stripe,medium,f146,im_66_6_v2,1,-1,18.35,444.34305273894483,0.0022505134126346027,0.0024434638913911596,False,False,6,69.57436,{}
wfi03,gbtds_mid_5stripe,medium,f146,im_66_6_v2,1,-1,18.4,434.1629505088206,0.002303282670315471,0.0025007573849534894,False,False,6,69.57436,{}
wfi03,gbtds_mid_5stripe,medium,f146,im_66_6_v2,1,-1,18.45,424.1974357516113,0.002357392845216419,0.002559506760889243,False,False,6,69.57436,{}
wfi03,gbtds_mid_5stripe,medium,f146,im_66_6_v2,1,-1,18.5,414.4430498577717,0.0024128767519281,0.0026197476471875,False,False,6,69.57436,{}
wfi03,gbtds_mid_5stripe,medium,f146,im_66_6_v2,1,-1,18.55,404.89291507963804,0.002469788832445514,0.0026815391534934043,False,False,6,69.57436,{}
wfi03,gbtds_mid_5stripe,medium,f146,im_66_6_v2,1,-1,18.6,395.54930827842196,0.0025281298161090784,0.002744882071678138,False,False,6,69.57436,{}
wfi03,gbtds_mid_5stripe,medium,f146,im_66_6_v2,1,-1,18.65,386.40515004740604,0.0025879572254078787,0.002809838855990729,False,False,6,69.57436,{}
wfi03,gbtds_mid_5stripe,medium,f146,im_66_6_v2,1,-1,18.7,377.45030522700154,0.002649355388383094,0.0028765010644385604,False,False,6,69.57436,{}
wfi03,gbtds_mid_5stripe,medium,f146,im_66_6_v2,1,-1,18.75,368.6901219456622,0.0027123048339965576,0.0029448475566105506,False,False,6,69.57436,{}
wfi03,gbtds_mid_5stripe,medium,f146,im_66_6_v2,1,-1,19.0,327.5913897984393,0.0030525832825315,0.0033143001878839,False,False,6,69.57436,{}
wfi03,gbtds_mid_5stripe,medium,f146,im_66_6_v2,1,-1,19.5,257.57060380359,0.0038824306238088,0.0042152954907309,False,False,6,69.57436,{}
wfi03,gbtds_mid_5stripe,medium,f146,im_66_6_v2,1,-1,20.0,201.22286507409927,0.0049696141620474,0.0053956900194136,False,False,6,69.57436,{}
wfi03,gbtds_mid_5stripe,medium,f146,im_66_6_v2,1,-1,20.5,155.71183213736632,0.0064221195414219,0.0069727276974065,False,False,6,69.57436,{}
wfi03,gbtds_mid_5stripe,medium,f146,im_66_6_v2,1,-1,21.0,119.09126030325768,0.0083969218014283,0.0091168420083335,False,False,6,69.57436,{}
wfi03,gbtds_mid_5stripe,medium,f146,im_66_6_v2,1,-1,21.2,106.50215806991136,0.0093894810971207,0.010194499571036,False,False,6,69.57436,{}
wfi03,gbtds_mid_5stripe,medium,f146,im_66_6_v2,1,-1,21.5,89.52804105691118,0.0111696848070686,0.0121273311907712,False,False,6,69.57436,{}
wfi03,gbtds_mid_5stripe,medium,f146,im_66_6_v2,1,-1,22.0,65.87763030400615,0.0151796595503707,0.01648110594974,False,False,6,69.57436,{}
wfi03,gbtds_mid_5stripe,medium,f146,im_66_6_v2,1,-1,22.5,47.44058176132464,0.021078999516301,0.022886232934927,False,False,6,69.57436,{}
wfi03,gbtds_mid_5stripe,medium,f146,im_66_6_v2,1,-1,23.0,33.31103080311478,0.0300200857160653,0.0325938939318745,False,False,6,69.57436,{}
wfi03,gbtds_mid_5stripe,medium,f146,im_66_6_v2,1,-1,23.5,22.946275760117043,0.0435800567575371,0.0473164454270722,False,False,6,69.57436,{}
wfi03,gbtds_mid_5stripe,medium,f146,im_66_6_v2,1,-1,24.0,15.357785515272203,0.0651135542299098,0.0706961432478949,False,False,6,69.57436,{}
wfi03,gbtds_mid_5stripe,medium,f146,im_66_6_v2,1,-1,24.5,10.097113558770287,0.0990382047482675,0.1075293645494425,False,False,6,69.57436,{}
wfi03,gbtds_mid_5stripe,medium,f146,im_66_6_v2,1,-1,25.0,6.569491382372156,0.1522187855643267,0.1652694465315037,False,False,6,69.57436,{}
wfi03,gbtds_mid_5stripe,medium,f146,im_66_6_v2,1,-1,25.5,4.223143195220105,0.2367904553015946,0.2570919702621028,False,False,6,69.57436,{}
wfi03,gbtds_mid_5stripe,medium,f146,im_66_6_v2,1,-1,26.0,2.6971746900493545,0.3707583360059268,0.4025457486175142,False,False,6,69.57436,{}
wfi03,gbtds_mid_5stripe,medium,f146,im_66_6_v2,1,-1,26.5,1.715155316442725,0.5830375770714602,0.6330250061609426,False,False,6,69.57436,{}
wfi03,gbtds_mid_5stripe,medium,f146,im_66_6_v2,1,-1,27.0,1.0876087943132886,0.9194482475947572,0.9982782508150446,False,False,6,69.57436,{}
wfi03,gbtds_mid_5stripe,medium,f146,im_66_6_v2,1,-1,27.5,0.6884187081091424,1.4526043354438578,1.577145118180019,False,False,6,69.57436,{}
wfi03,gbtds_mid_5stripe,medium,f146,im_66_6_v2,1,-1,28.0,0.4352390451951732,2.2975879830624395,2.494574456828098,False,False,6,69.57436,{}
wfi03,gbtds_mid_5stripe,medium,f146,im_66_6_v2,1,-1,28.5,0.2749678397570126,3.636788945513387,3.948593427208024,False,False,6,69.57436,{}
wfi03,gbtds_mid_5stripe,medium,f146,im_66_6_v2,1,-1,29.0,0.1736329800234876,5.759274533356097,6.253052874006195,False,False,6,69.57436,{}
wfi03,gbtds_mid_5stripe,medium,f146,im_66_6_v2,1,-1,29.5,0.1096108437068114,9.123184953076484,9.905372206259734,False,False,6,69.57436,{}
wfi03,gbtds_mid_5stripe,medium,f146,im_66_6_v2,1,-1,30.0,0.0691820306958613,14.454620512604034,15.693904816573712,False,False,6,69.57436,{}
wfi04,gbtds_mid_5stripe,medium,f146,im_66_6_v2,1,-1,12.0,0.0,,,True,True,0,69.57436,"{""full_saturated"": ""Full saturation:\n There are 21 pixels saturated before the third resultant. These pixels cannot be recovered."", ""partial_saturated"": ""Partial saturation:\n There are 37 pixels saturated at the end of a ramp. Partial ramps may still be used in some cases.""}"
wfi04,gbtds_mid_5stripe,medium,f146,im_66_6_v2,1,-1,12.5,0.0,,,True,True,0,69.57436,"{""full_saturated"": ""Full saturation:\n There are 18 pixels saturated before the third resultant. These pixels cannot be recovered."", ""partial_saturated"": ""Partial saturation:\n There are 22 pixels saturated at the end of a ramp. Partial ramps may still be used in some cases.""}"
wfi04,gbtds_mid_5stripe,medium,f146,im_66_6_v2,1,-1,13.0,0.0,,,True,True,0,69.57436,"{""full_saturated"": ""Full saturation:\n There are 11 pixels saturated before the third resultant. These pixels cannot be recovered."", ""partial_saturated"": ""Partial saturation:\n There are 22 pixels saturated at the end of a ramp. Partial ramps may still be used in some cases.""}"
wfi04,gbtds_mid_5stripe,medium,f146,im_66_6_v2,1,-1,13.5,0.0,,,True,True,0,69.57436,"{""full_saturated"": ""Full saturation:\n There are 9 pixels saturated before the third resultant. These pixels cannot be recovered."", ""partial_saturated"": ""Partial saturation:\n There are 16 pixels saturated at the end of a ramp. Partial ramps may still be used in some cases.""}"
wfi04,gbtds_mid_5stripe,medium,f146,im_66_6_v2,1,-1,14.0,0.0,,,True,True,0,69.57436,"{""full_saturated"": ""Full saturation:\n There are 6 pixels saturated before the third resultant. These pixels cannot be recovered."", ""partial_saturated"": ""Partial saturation:\n There are 14 pixels saturated at the end of a ramp. Partial ramps may still be used in some cases.""}"
wfi04,gbtds_mid_5stripe,medium,f146,im_66_6_v2,1,-1,14.5,0.0,,,True,True,0,69.57436,"{""full_saturated"": ""Full saturation:\n There are 5 pixels saturated before the third resultant. These pixels cannot be recovered."", ""partial_saturated"": ""Partial saturation:\n There are 11 pixels saturated at the end of a ramp. Partial ramps may still be used in some cases.""}"
wfi04,gbtds_mid_5stripe,medium,f146,im_66_6_v2,1,-1,15.0,0.0,,,True,True,1,69.57436,"{""full_saturated"": ""Full saturation:\n There are 1 pixels saturated before the third resultant. These pixels cannot be recovered."", ""partial_saturated"": ""Partial saturation:\n There are 10 pixels saturated at the end of a ramp. Partial ramps may still be used in some cases.""}"
wfi04,gbtds_mid_5stripe,medium,f146,im_66_6_v2,1,-1,15.5,0.0,,,True,True,1,69.57436,"{""full_saturated"": ""Full saturation:\n There are 1 pixels saturated before the third resultant. These pixels cannot be recovered."", ""partial_saturated"": ""Partial saturation:\n There are 8 pixels saturated at the end of a ramp. Partial ramps may still be used in some cases.""}"
wfi04,gbtds_mid_5stripe,medium,f146,im_66_6_v2,1,-1,15.55,0.0,,,True,True,1,69.57436,"{""full_saturated"": ""Full saturation:\n There are 1 pixels saturated before the third resultant. These pixels cannot be recovered."", ""partial_saturated"": ""Partial saturation:\n There are 8 pixels saturated at the end of a ramp. Partial ramps may still be used in some cases.""}"
wfi04,gbtds_mid_5stripe,medium,f146,im_66_6_v2,1,-1,15.6,0.0,,,True,True,2,69.57436,"{""full_saturated"": ""Full saturation:\n There are 1 pixels saturated before the third resultant. These pixels cannot be recovered."", ""partial_saturated"": ""Partial saturation:\n There are 7 pixels saturated at the end of a ramp. Partial ramps may still be used in some cases.""}"
wfi04,gbtds_mid_5stripe,medium,f146,im_66_6_v2,1,-1,15.65,0.0,,,True,True,2,69.57436,"{""full_saturated"": ""Full saturation:\n There are 1 pixels saturated before the third resultant. These pixels cannot be recovered."", ""partial_saturated"": ""Partial saturation:\n There are 7 pixels saturated at the end of a ramp. Partial ramps may still be used in some cases.""}"
wfi04,gbtds_mid_5stripe,medium,f146,im_66_6_v2,1,-1,15.7,0.0,,,True,True,2,69.57436,"{""full_saturated"": ""Full saturation:\n There are 1 pixels saturated before the third resultant. These pixels cannot be recovered."", ""partial_saturated"": ""Partial saturation:\n There are 6 pixels saturated at the end of a ramp. Partial ramps may still be used in some cases.""}"
wfi04,gbtds_mid_5stripe,medium,f146,im_66_6_v2,1,-1,15.75,0.0,,,True,True,2,69.57436,"{""full_saturated"": ""Full saturation:\n There are 1 pixels saturated before the third resultant. These pixels cannot be recovered."", ""partial_saturated"": ""Partial saturation:\n There are 6 pixels saturated at the end of a ramp. Partial ramps may still be used in some cases.""}"
wfi04,gbtds_mid_5stripe,medium,f146,im_66_6_v2,1,-1,15.8,0.0,,,True,True,2,69.57436,"{""full_saturated"": ""Full saturation:\n There are 1 pixels saturated before the third resultant. These pixels cannot be recovered."", ""partial_saturated"": ""Partial saturation:\n There are 6 pixels saturated at the end of a ramp. Partial ramps may still be used in some cases.""}"
wfi04,gbtds_mid_5stripe,medium,f146,im_66_6_v2,1,-1,15.85,0.0,,,True,True,2,69.57436,"{""full_saturated"": ""Full saturation:\n There are 1 pixels saturated before the third resultant. These pixels cannot be recovered."", ""partial_saturated"": ""Partial saturation:\n There are 5 pixels saturated at the end of a ramp. Partial ramps may still be used in some cases.""}"
wfi04,gbtds_mid_5stripe,medium,f146,im_66_6_v2,1,-1,15.9,0.0,,,True,True,2,69.57436,"{""full_saturated"": ""Full saturation:\n There are 1 pixels saturated before the third resultant. These pixels cannot be recovered."", ""partial_saturated"": ""Partial saturation:\n There are 5 pixels saturated at the end of a ramp. Partial ramps may still be used in some cases.""}"
wfi04,gbtds_mid_5stripe,medium,f146,im_66_6_v2,1,-1,15.95,0.0,,,True,True,2,69.57436,"{""full_saturated"": ""Full saturation:\n There are 1 pixels saturated before the third resultant. These pixels cannot be recovered."", ""partial_saturated"": ""Partial saturation:\n There are 4 pixels saturated at the end of a ramp. Partial ramps may still be used in some cases.""}"
wfi04,gbtds_mid_5stripe,medium,f146,im_66_6_v2,1,-1,16.0,0.0,,,True,True,2,69.57436,"{""full_saturated"": ""Full saturation:\n There are 1 pixels saturated before the third resultant. These pixels cannot be recovered."", ""partial_saturated"": ""Partial saturation:\n There are 4 pixels saturated at the end of a ramp. Partial ramps may still be used in some cases.""}"
wfi04,gbtds_mid_5stripe,medium,f146,im_66_6_v2,1,-1,16.05,0.0,,,True,True,2,69.57436,"{""full_saturated"": ""Full saturation:\n There are 1 pixels saturated before the third resultant. These pixels cannot be recovered."", ""partial_saturated"": ""Partial saturation:\n There are 4 pixels saturated at the end of a ramp. Partial ramps may still be used in some cases.""}"
wfi04,gbtds_mid_5stripe,medium,f146,im_66_6_v2,1,-1,16.1,0.0,,,True,True,2,69.57436,"{""full_saturated"": ""Full saturation:\n There are 1 pixels saturated before the third resultant. These pixels cannot be recovered."", ""partial_saturated"": ""Partial saturation:\n There are 4 pixels saturated at the end of a ramp. Partial ramps may still be used in some cases.""}"
wfi04,gbtds_mid_5stripe,medium,f146,im_66_6_v2,1,-1,16.15,0.0,,,True,True,2,69.57436,"{""full_saturated"": ""Full saturation:\n There are 1 pixels saturated before the third resultant. These pixels cannot be recovered."", ""partial_saturated"": ""Partial saturation:\n There are 4 pixels saturated at the end of a ramp. Partial ramps may still be used in some cases.""}"
wfi04,gbtds_mid_5stripe,medium,f146,im_66_6_v2,1,-1,16.2,0.0,,,True,True,2,69.57436,"{""full_saturated"": ""Full saturation:\n There are 1 pixels saturated before the third resultant. These pixels cannot be recovered."", ""partial_saturated"": ""Partial saturation:\n There are 4 pixels saturated at the end of a ramp. Partial ramps may still be used in some cases.""}"
wfi04,gbtds_mid_5stripe,medium,f146,im_66_6_v2,1,-1,16.25,0.0,,,True,True,2,69.57436,"{""full_saturated"": ""Full saturation:\n There are 1 pixels saturated before the third resultant. These pixels cannot be recovered."", ""partial_saturated"": ""Partial saturation:\n There are 4 pixels saturated at the end of a ramp. Partial ramps may still be used in some cases.""}"
wfi04,gbtds_mid_5stripe,medium,f146,im_66_6_v2,1,-1,16.3,0.0,,,True,True,2,69.57436,"{""full_saturated"": ""Full saturation:\n There are 1 pixels saturated before the third resultant. These pixels cannot be recovered."", ""partial_saturated"": ""Partial saturation:\n There are 4 pixels saturated at the end of a ramp. Partial ramps may still be used in some cases.""}"
wfi04,gbtds_mid_5stripe,medium,f146,im_66_6_v2,1,-1,16.35,464.9208634977871,0.0021509036881601673,0.0023353140071832833,True,False,3,69.57436,"{""partial_saturated"": ""Partial saturation:\n There are 5 pixels saturated at the end of a ramp. Partial ramps may still be used in some cases.""}"
wfi04,gbtds_mid_5stripe,medium,f146,im_66_6_v2,1,-1,16.4,455.3193548820861,0.0021962606888498507,0.0023845597449713117,True,False,3,69.57436,"{""partial_saturated"": ""Partial saturation:\n There are 5 pixels saturated at the end of a ramp. Partial ramps may still be used in some cases.""}"
wfi04,gbtds_mid_5stripe,medium,f146,im_66_6_v2,1,-1,16.45,445.679199293751,0.0022437663718312584,0.002436138384915988,True,False,3,69.57436,"{""partial_saturated"": ""Partial saturation:\n There are 5 pixels saturated at the end of a ramp. Partial ramps may still be used in some cases.""}"
wfi04,gbtds_mid_5stripe,medium,f146,im_66_6_v2,1,-1,16.5,436.2446801713053,0.0022922915635494,0.0024888239424072,True,False,3,69.57436,"{""partial_saturated"": ""Partial saturation:\n There are 5 pixels saturated at the end of a ramp. Partial ramps may still be used in some cases.""}"
wfi04,gbtds_mid_5stripe,medium,f146,im_66_6_v2,1,-1,16.55,426.9832479299025,0.002342012256565553,0.002542807498940506,True,False,3,69.57436,"{""partial_saturated"": ""Partial saturation:\n There are 5 pixels saturated at the end of a ramp. Partial ramps may still be used in some cases.""}"
wfi04,gbtds_mid_5stripe,medium,f146,im_66_6_v2,1,-1,16.6,431.67834946225526,0.002316539620867498,0.002515150936132513,True,False,3,69.57436,"{""partial_saturated"": ""Partial saturation:\n There are 5 pixels saturated at the end of a ramp. Partial ramps may still be used in some cases.""}"
wfi04,gbtds_mid_5stripe,medium,f146,im_66_6_v2,1,-1,16.65,422.73921922496874,0.0023655245468668733,0.002568335643777433,True,False,3,69.57436,"{""partial_saturated"": ""Partial saturation:\n There are 5 pixels saturated at the end of a ramp. Partial ramps may still be used in some cases.""}"
wfi04,gbtds_mid_5stripe,medium,f146,im_66_6_v2,1,-1,16.7,419.3378486332659,0.0023847120007394213,0.0025891681571239846,True,False,3,69.57436,"{""partial_saturated"": ""Partial saturation:\n There are 5 pixels saturated at the end of a ramp. Partial ramps may still be used in some cases.""}"
wfi04,gbtds_mid_5stripe,medium,f146,im_66_6_v2,1,-1,16.75,422.3814353967812,0.0023675282959834854,0.0025705111867385905,True,False,3,69.57436,"{""partial_saturated"": ""Partial saturation:\n There are 4 pixels saturated at the end of a ramp. Partial ramps may still be used in some cases.""}"
wfi04,gbtds_mid_5stripe,medium,f146,im_66_6_v2,1,-1,16.8,435.7005357949612,0.002295154395840807,0.002491932223074135,True,False,3,69.57436,"{""partial_saturated"": ""Partial saturation:\n There are 2 pixels saturated at the end of a ramp. Partial ramps may still be used in some cases.""}"
wfi04,gbtds_mid_5stripe,medium,f146,im_66_6_v2,1,-1,16.85,426.39699639773374,0.0023452322798897533,0.0025463035948437556,True,False,3,69.57436,"{""partial_saturated"": ""Partial saturation:\n There are 1 pixels saturated at the end of a ramp. Partial ramps may still be used in some cases.""}"
wfi04,gbtds_mid_5stripe,medium,f146,im_66_6_v2,1,-1,16.9,416.7586132135339,0.0023994705047346715,0.0026051919992396955,True,False,3,69.57436,"{""partial_saturated"": ""Partial saturation:\n There are 1 pixels saturated at the end of a ramp. Partial ramps may still be used in some cases.""}"
wfi04,gbtds_mid_5stripe,medium,f146,im_66_6_v2,1,-1,16.95,422.39193104326233,0.002367469467350165,0.0025704473143615186,True,False,3,69.57436,"{""partial_saturated"": ""Partial saturation:\n There are 1 pixels saturated at the end of a ramp. Partial ramps may still be used in some cases.""}"
wfi04,gbtds_mid_5stripe,medium,f146,im_66_6_v2,1,-1,17.0,412.8346714104801,0.0024222771711092,0.0026299540226324,True,False,3,69.57436,"{""partial_saturated"": ""Partial saturation:\n There are 1 pixels saturated at the end of a ramp. Partial ramps may still be used in some cases.""}"
wfi04,gbtds_mid_5stripe,medium,f146,im_66_6_v2,1,-1,17.05,403.4826641724331,0.0024784212279629395,0.0026909116578404647,True,False,3,69.57436,"{""partial_saturated"": ""Partial saturation:\n There are 1 pixels saturated at the end of a ramp. Partial ramps may still be used in some cases.""}"
wfi04,gbtds_mid_5stripe,medium,f146,im_66_6_v2,1,-1,17.1,409.3056832594295,0.002443161775904714,0.0026526291941809154,True,False,3,69.57436,"{""partial_saturated"": ""Partial saturation:\n There are 1 pixels saturated at the end of a ramp. Partial ramps may still be used in some cases.""}"
wfi04,gbtds_mid_5stripe,medium,f146,im_66_6_v2,1,-1,17.15,400.0228134350218,0.002499857424162725,0.0027141857121468706,True,False,3,69.57436,"{""partial_saturated"": ""Partial saturation:\n There are 1 pixels saturated at the end of a ramp. Partial ramps may still be used in some cases.""}"
wfi04,gbtds_mid_5stripe,medium,f146,im_66_6_v2,1,-1,17.2,390.9397295385618,0.002557939049019988,0.0027772470350855803,True,False,3,69.57436,"{""partial_saturated"": ""Partial saturation:\n There are 1 pixels saturated at the end of a ramp. Partial ramps may still be used in some cases.""}"
wfi04,gbtds_mid_5stripe,medium,f146,im_66_6_v2,1,-1,17.25,397.16724060718,0.0025178310237048336,0.0027337002998995617,True,False,3,69.57436,"{""partial_saturated"": ""Partial saturation:\n There are 1 pixels saturated at the end of a ramp. Partial ramps may still be used in some cases.""}"
wfi04,gbtds_mid_5stripe,medium,f146,im_66_6_v2,1,-1,17.3,388.13654948341053,0.002576412866376402,0.0027973047274295285,True,False,3,69.57436,"{""partial_saturated"": ""Partial saturation:\n There are 1 pixels saturated at the end of a ramp. Partial ramps may still be used in some cases.""}"
wfi04,gbtds_mid_5stripe,medium,f146,im_66_6_v2,1,-1,17.35,525.1548308240609,0.0019042003258940281,0.002067459234935375,True,False,4,69.57436,"{""partial_saturated"": ""Partial saturation:\n There are 1 pixels saturated at the end of a ramp. Partial ramps may still be used in some cases.""}"
wfi04,gbtds_mid_5stripe,medium,f146,im_66_6_v2,1,-1,17.4,513.396812960624,0.0019478110785948668,0.002114809008059429,True,False,4,69.57436,"{""partial_saturated"": ""Partial saturation:\n There are 1 pixels saturated at the end of a ramp. Partial ramps may still be used in some cases.""}"
wfi04,gbtds_mid_5stripe,medium,f146,im_66_6_v2,1,-1,17.45,505.42048972497906,0.0019785505738877797,0.002148183991014937,True,False,4,69.57436,"{""partial_saturated"": ""Partial saturation:\n There are 1 pixels saturated at the end of a ramp. Partial ramps may still be used in some cases.""}"
wfi04,gbtds_mid_5stripe,medium,f146,im_66_6_v2,1,-1,17.5,494.07725175307183,0.0020239749886314,0.0021975029226821,True,False,4,69.57436,"{""partial_saturated"": ""Partial saturation:\n There are 1 pixels saturated at the end of a ramp. Partial ramps may still be used in some cases.""}"
wfi04,gbtds_mid_5stripe,medium,f146,im_66_6_v2,1,-1,17.55,486.124668569128,0.002057085485794058,0.0022334521882090732,True,False,4,69.57436,"{""partial_saturated"": ""Partial saturation:\n There are 1 pixels saturated at the end of a ramp. Partial ramps may still be used in some cases.""}"
wfi04,gbtds_mid_5stripe,medium,f146,im_66_6_v2,1,-1,17.6,475.1883578634132,0.002104428661712788,0.0022848543883522716,True,False,4,69.57436,"{""partial_saturated"": ""Partial saturation:\n There are 1 pixels saturated at the end of a ramp. Partial ramps may still be used in some cases.""}"
wfi04,gbtds_mid_5stripe,medium,f146,im_66_6_v2,1,-1,17.65,467.37254248126834,0.002139620771667558,0.002323063736251995,True,False,4,69.57436,"{""partial_saturated"": ""Partial saturation:\n There are 1 pixels saturated at the end of a ramp. Partial ramps may still be used in some cases.""}"
wfi04,gbtds_mid_5stripe,medium,f146,im_66_6_v2,1,-1,17.7,456.8336776834726,0.0021889804733110597,0.0023766553513824037,True,False,4,69.57436,"{""partial_saturated"": ""Partial saturation:\n There are 1 pixels saturated at the end of a ramp. Partial ramps may still be used in some cases.""}"
wfi04,gbtds_mid_5stripe,medium,f146,im_66_6_v2,1,-1,17.75,449.2121183237904,0.0022261198200338927,0.0024169788847404486,True,False,4,69.57436,"{""partial_saturated"": ""Partial saturation:\n There are 1 pixels saturated at the end of a ramp. Partial ramps may still be used in some cases.""}"
wfi04,gbtds_mid_5stripe,medium,f146,im_66_6_v2,1,-1,17.8,441.65490800491335,0.0022642112243636044,0.0024583361015112974,True,False,4,69.57436,"{""partial_saturated"": ""Partial saturation:\n There are 1 pixels saturated at the end of a ramp. Partial ramps may still be used in some cases.""}"
wfi04,gbtds_mid_5stripe,medium,f146,im_66_6_v2,1,-1,17.85,434.18206585754587,0.002303181265732191,0.002500647286326094,True,False,4,69.57436,"{""partial_saturated"": ""Partial saturation:\n There are 1 pixels saturated at the end of a ramp. Partial ramps may still be used in some cases.""}"
wfi04,gbtds_mid_5stripe,medium,f146,im_66_6_v2,1,-1,17.9,424.3467335900998,0.0023565634440960628,0.0025586062500646055,True,False,4,69.57436,"{""partial_saturated"": ""Partial saturation:\n There are 1 pixels saturated at the end of a ramp. Partial ramps may still be used in some cases.""}"
wfi04,gbtds_mid_5stripe,medium,f146,im_66_6_v2,1,-1,17.95,417.1310184270169,0.0023973283113084155,0.0026028661422792146,True,False,4,69.57436,"{""partial_saturated"": ""Partial saturation:\n There are 1 pixels saturated at the end of a ramp. Partial ramps may still be used in some cases.""}"
wfi04,gbtds_mid_5stripe,medium,f146,im_66_6_v2,1,-1,18.0,410.0190988868232,0.0024389107793147,0.0026480137332769,True,False,4,69.57436,"{""partial_saturated"": ""Partial saturation:\n There are 1 pixels saturated at the end of a ramp. Partial ramps may still be used in some cases.""}"
wfi04,gbtds_mid_5stripe,medium,f146,im_66_6_v2,1,-1,18.05,403.017027613516,0.00248128473856687,0.0026940206749758605,True,False,4,69.57436,"{""partial_saturated"": ""Partial saturation:\n There are 1 pixels saturated at the end of a ramp. Partial ramps may still be used in some cases.""}"
wfi04,gbtds_mid_5stripe,medium,f146,im_66_6_v2,1,-1,18.1,396.12769677044656,0.0025244384781796603,0.002740874252444172,True,False,4,69.57436,"{""partial_saturated"": ""Partial saturation:\n There are 1 pixels saturated at the end of a ramp. Partial ramps may still be used in some cases.""}"
wfi04,gbtds_mid_5stripe,medium,f146,im_66_6_v2,1,-1,18.15,475.75596038845885,0.0021019179647975223,0.0022821284338121932,True,False,5,69.57436,"{""partial_saturated"": ""Partial saturation:\n There are 1 pixels saturated at the end of a ramp. Partial ramps may still be used in some cases.""}"
wfi04,gbtds_mid_5stripe,medium,f146,im_66_6_v2,1,-1,18.2,473.8250733154757,0.0021104835018601765,0.0022914283475143145,False,False,6,69.57436,{}
wfi04,gbtds_mid_5stripe,medium,f146,im_66_6_v2,1,-1,18.25,463.0252667759067,0.0021597093544443147,0.0023448746378749996,False,False,6,69.57436,{}
wfi04,gbtds_mid_5stripe,medium,f146,im_66_6_v2,1,-1,18.3,452.45336365840285,0.002210172540025559,0.0023996643454679847,False,False,6,69.57436,{}
wfi04,gbtds_mid_5stripe,medium,f146,im_66_6_v2,1,-1,18.35,442.1021322351138,0.0022619207804865124,0.002455849283668972,False,False,6,69.57436,{}
wfi04,gbtds_mid_5stripe,medium,f146,im_66_6_v2,1,-1,18.4,431.97159854356636,0.00231496701026548,0.002513443495865916,False,False,6,69.57436,{}
wfi04,gbtds_mid_5stripe,medium,f146,im_66_6_v2,1,-1,18.45,422.0503846939621,0.002369385353658952,0.0025725274614911684,False,False,6,69.57436,{}
wfi04,gbtds_mid_5stripe,medium,f146,im_66_6_v2,1,-1,18.5,412.3415725017608,0.0024251738526697,0.0026330990546763,False,False,6,69.57436,{}
wfi04,gbtds_mid_5stripe,medium,f146,im_66_6_v2,1,-1,18.55,402.83661647806355,0.002482395986598341,0.0026952271971960946,False,False,6,69.57436,{}
wfi04,gbtds_mid_5stripe,medium,f146,im_66_6_v2,1,-1,18.6,393.53401486166354,0.0025410764056863636,0.0027589386527103413,False,False,6,69.57436,{}
wfi04,gbtds_mid_5stripe,medium,f146,im_66_6_v2,1,-1,18.65,384.4326323323384,0.0026012359927226713,0.002824256094418958,False,False,6,69.57436,{}
wfi04,gbtds_mid_5stripe,medium,f146,im_66_6_v2,1,-1,18.7,375.5206875370591,0.002662969133761273,0.0028912820006780082,False,False,6,69.57436,{}
wfi04,gbtds_mid_5stripe,medium,f146,im_66_6_v2,1,-1,18.75,366.80063356624754,0.0027262766431928502,0.002960017255700938,False,False,6,69.57436,{}
wfi04,gbtds_mid_5stripe,medium,f146,im_66_6_v2,1,-1,19.0,325.8876476825953,0.0030685422019246,0.0033316273644578,False,False,6,69.57436,{}
wfi04,gbtds_mid_5stripe,medium,f146,im_66_6_v2,1,-1,19.5,256.1701203899086,0.0039036558927244,0.0042383405336483,False,False,6,69.57436,{}
wfi04,gbtds_mid_5stripe,medium,f146,im_66_6_v2,1,-1,20.0,200.05612265934352,0.004998597327125,0.0054271580910669,False,False,6,69.57436,{}
wfi04,gbtds_mid_5stripe,medium,f146,im_66_6_v2,1,-1,20.5,154.724058834862,0.0064631189714801,0.007017242262995,False,False,6,69.57436,{}
wfi04,gbtds_mid_5stripe,medium,f146,im_66_6_v2,1,-1,21.0,118.2768825939772,0.0084547375452294,0.0091796146545835,False,False,6,69.57436,{}
wfi04,gbtds_mid_5stripe,medium,f146,im_66_6_v2,1,-1,21.2,105.71999670388452,0.0094589484598731,0.0102699228018253,False,False,6,69.57436,{}
wfi04,gbtds_mid_5stripe,medium,f146,im_66_6_v2,1,-1,21.5,88.84229818619569,0.0112558997281249,0.0122209378519524,False,False,6,69.57436,{}
wfi04,gbtds_mid_5stripe,medium,f146,im_66_6_v2,1,-1,22.0,65.28609414769117,0.0153171975296574,0.0166304359133808,False,False,6,69.57436,{}
wfi04,gbtds_mid_5stripe,medium,f146,im_66_6_v2,1,-1,22.5,47.03372857117928,0.0212613379882616,0.023084204415455,False,False,6,69.57436,{}
wfi04,gbtds_mid_5stripe,medium,f146,im_66_6_v2,1,-1,23.0,32.94850680151285,0.0303503890487105,0.0329525162186796,False,False,6,69.57436,{}
wfi04,gbtds_mid_5stripe,medium,f146,im_66_6_v2,1,-1,23.5,22.687511308704707,0.0440771130157551,0.0478561174024211,False,False,6,69.57436,{}
wfi04,gbtds_mid_5stripe,medium,f146,im_66_6_v2,1,-1,24.0,15.171702136407871,0.0659121824966677,0.0715632428712572,False,False,6,69.57436,{}
wfi04,gbtds_mid_5stripe,medium,f146,im_66_6_v2,1,-1,24.5,9.968251448867669,0.100318496692175,0.108919423865603,False,False,6,69.57436,{}
wfi04,gbtds_mid_5stripe,medium,f146,im_66_6_v2,1,-1,25.0,6.483942378900028,0.1542271571157369,0.167450008237476,False,False,6,69.57436,{}
wfi04,gbtds_mid_5stripe,medium,f146,im_66_6_v2,1,-1,25.5,4.166808877481333,0.239991808936641,0.2605677958079068,False,False,6,69.57436,{}
wfi04,gbtds_mid_5stripe,medium,f146,im_66_6_v2,1,-1,26.0,2.6606222879308152,0.3758519217613963,0.4080760390842678,False,False,6,69.57436,{}
wfi04,gbtds_mid_5stripe,medium,f146,im_66_6_v2,1,-1,26.5,1.691671830691585,0.5911312004238922,0.6418125460623538,False,False,6,69.57436,{}
wfi04,gbtds_mid_5stripe,medium,f146,im_66_6_v2,1,-1,27.0,1.072619286920571,0.9322972392850992,1.012228866287885,False,False,6,69.57436,{}
wfi04,gbtds_mid_5stripe,medium,f146,im_66_6_v2,1,-1,27.5,0.6788909822689098,1.4729905479933132,1.599279167222857,False,False,6,69.57436,{}
wfi04,gbtds_mid_5stripe,medium,f146,im_66_6_v2,1,-1,28.0,0.4291992544793671,2.329920170092171,2.529678682865289,False,False,6,69.57436,{}
wfi04,gbtds_mid_5stripe,medium,f146,im_66_6_v2,1,-1,28.5,0.2711456740398196,3.688054414075376,4.0042542024796655,False,False,6,69.57436,{}
wfi04,gbtds_mid_5stripe,medium,f146,im_66_6_v2,1,-1,29.0,0.1712168344728516,5.840547181466326,6.341293530516039,False,False,6,69.57436,{}
wfi04,gbtds_mid_5stripe,medium,f146,im_66_6_v2,1,-1,29.5,0.1080845536912337,9.252015813996053,10.045248536250266,False,False,6,69.57436,{}
wfi04,gbtds_mid_5stripe,medium,f146,im_66_6_v2,1,-1,30.0,0.0682182849550467,14.658826451866426,15.915618598057527,False,False,6,69.57436,{}
wfi05,gbtds_mid_5stripe,medium,f146,im_66_6_v2,1,-1,12.0,0.0,,,True,True,0,69.57436,"{""full_saturated"": ""Full saturation:\n There are 24 pixels saturated before the third resultant. These pixels cannot be recovered."", ""partial_saturated"": ""Partial saturation:\n There are 33 pixels saturated at the end of a ramp. Partial ramps may still be used in some cases.""}"
wfi05,gbtds_mid_5stripe,medium,f146,im_66_6_v2,1,-1,12.5,0.0,,,True,True,0,69.57436,"{""full_saturated"": ""Full saturation:\n There are 18 pixels saturated before the third resultant. These pixels cannot be recovered."", ""partial_saturated"": ""Partial saturation:\n There are 23 pixels saturated at the end of a ramp. Partial ramps may still be used in some cases.""}"
wfi05,gbtds_mid_5stripe,medium,f146,im_66_6_v2,1,-1,13.0,0.0,,,True,True,0,69.57436,"{""full_saturated"": ""Full saturation:\n There are 12 pixels saturated before the third resultant. These pixels cannot be recovered."", ""partial_saturated"": ""Partial saturation:\n There are 21 pixels saturated at the end of a ramp. Partial ramps may still be used in some cases.""}"
wfi05,gbtds_mid_5stripe,medium,f146,im_66_6_v2,1,-1,13.5,0.0,,,True,True,0,69.57436,"{""full_saturated"": ""Full saturation:\n There are 10 pixels saturated before the third resultant. These pixels cannot be recovered."", ""partial_saturated"": ""Partial saturation:\n There are 15 pixels saturated at the end of a ramp. Partial ramps may still be used in some cases.""}"
wfi05,gbtds_mid_5stripe,medium,f146,im_66_6_v2,1,-1,14.0,0.0,,,True,True,0,69.57436,"{""full_saturated"": ""Full saturation:\n There are 7 pixels saturated before the third resultant. These pixels cannot be recovered."", ""partial_saturated"": ""Partial saturation:\n There are 14 pixels saturated at the end of a ramp. Partial ramps may still be used in some cases.""}"
wfi05,gbtds_mid_5stripe,medium,f146,im_66_6_v2,1,-1,14.5,0.0,,,True,True,0,69.57436,"{""full_saturated"": ""Full saturation:\n There are 5 pixels saturated before the third resultant. These pixels cannot be recovered."", ""partial_saturated"": ""Partial saturation:\n There are 11 pixels saturated at the end of a ramp. Partial ramps may still be used in some cases.""}"
wfi05,gbtds_mid_5stripe,medium,f146,im_66_6_v2,1,-1,15.0,0.0,,,True,True,1,69.57436,"{""full_saturated"": ""Full saturation:\n There are 1 pixels saturated before the third resultant. These pixels cannot be recovered."", ""partial_saturated"": ""Partial saturation:\n There are 10 pixels saturated at the end of a ramp. Partial ramps may still be used in some cases.""}"
wfi05,gbtds_mid_5stripe,medium,f146,im_66_6_v2,1,-1,15.5,0.0,,,True,True,1,69.57436,"{""full_saturated"": ""Full saturation:\n There are 1 pixels saturated before the third resultant. These pixels cannot be recovered."", ""partial_saturated"": ""Partial saturation:\n There are 8 pixels saturated at the end of a ramp. Partial ramps may still be used in some cases.""}"
wfi05,gbtds_mid_5stripe,medium,f146,im_66_6_v2,1,-1,15.55,0.0,,,True,True,1,69.57436,"{""full_saturated"": ""Full saturation:\n There are 1 pixels saturated before the third resultant. These pixels cannot be recovered."", ""partial_saturated"": ""Partial saturation:\n There are 8 pixels saturated at the end of a ramp. Partial ramps may still be used in some cases.""}"
wfi05,gbtds_mid_5stripe,medium,f146,im_66_6_v2,1,-1,15.6,0.0,,,True,True,2,69.57436,"{""full_saturated"": ""Full saturation:\n There are 1 pixels saturated before the third resultant. These pixels cannot be recovered."", ""partial_saturated"": ""Partial saturation:\n There are 8 pixels saturated at the end of a ramp. Partial ramps may still be used in some cases.""}"
wfi05,gbtds_mid_5stripe,medium,f146,im_66_6_v2,1,-1,15.65,0.0,,,True,True,2,69.57436,"{""full_saturated"": ""Full saturation:\n There are 1 pixels saturated before the third resultant. These pixels cannot be recovered."", ""partial_saturated"": ""Partial saturation:\n There are 7 pixels saturated at the end of a ramp. Partial ramps may still be used in some cases.""}"
wfi05,gbtds_mid_5stripe,medium,f146,im_66_6_v2,1,-1,15.7,0.0,,,True,True,2,69.57436,"{""full_saturated"": ""Full saturation:\n There are 1 pixels saturated before the third resultant. These pixels cannot be recovered."", ""partial_saturated"": ""Partial saturation:\n There are 6 pixels saturated at the end of a ramp. Partial ramps may still be used in some cases.""}"
wfi05,gbtds_mid_5stripe,medium,f146,im_66_6_v2,1,-1,15.75,0.0,,,True,True,2,69.57436,"{""full_saturated"": ""Full saturation:\n There are 1 pixels saturated before the third resultant. These pixels cannot be recovered."", ""partial_saturated"": ""Partial saturation:\n There are 6 pixels saturated at the end of a ramp. Partial ramps may still be used in some cases.""}"
wfi05,gbtds_mid_5stripe,medium,f146,im_66_6_v2,1,-1,15.8,0.0,,,True,True,2,69.57436,"{""full_saturated"": ""Full saturation:\n There are 1 pixels saturated before the third resultant. These pixels cannot be recovered."", ""partial_saturated"": ""Partial saturation:\n There are 6 pixels saturated at the end of a ramp. Partial ramps may still be used in some cases.""}"
wfi05,gbtds_mid_5stripe,medium,f146,im_66_6_v2,1,-1,15.85,0.0,,,True,True,2,69.57436,"{""full_saturated"": ""Full saturation:\n There are 1 pixels saturated before the third resultant. These pixels cannot be recovered."", ""partial_saturated"": ""Partial saturation:\n There are 6 pixels saturated at the end of a ramp. Partial ramps may still be used in some cases.""}"
wfi05,gbtds_mid_5stripe,medium,f146,im_66_6_v2,1,-1,15.9,0.0,,,True,True,2,69.57436,"{""full_saturated"": ""Full saturation:\n There are 1 pixels saturated before the third resultant. These pixels cannot be recovered."", ""partial_saturated"": ""Partial saturation:\n There are 6 pixels saturated at the end of a ramp. Partial ramps may still be used in some cases.""}"
wfi05,gbtds_mid_5stripe,medium,f146,im_66_6_v2,1,-1,15.95,0.0,,,True,True,2,69.57436,"{""full_saturated"": ""Full saturation:\n There are 1 pixels saturated before the third resultant. These pixels cannot be recovered."", ""partial_saturated"": ""Partial saturation:\n There are 4 pixels saturated at the end of a ramp. Partial ramps may still be used in some cases.""}"
wfi05,gbtds_mid_5stripe,medium,f146,im_66_6_v2,1,-1,16.0,0.0,,,True,True,2,69.57436,"{""full_saturated"": ""Full saturation:\n There are 1 pixels saturated before the third resultant. These pixels cannot be recovered."", ""partial_saturated"": ""Partial saturation:\n There are 4 pixels saturated at the end of a ramp. Partial ramps may still be used in some cases.""}"
wfi05,gbtds_mid_5stripe,medium,f146,im_66_6_v2,1,-1,16.05,0.0,,,True,True,2,69.57436,"{""full_saturated"": ""Full saturation:\n There are 1 pixels saturated before the third resultant. These pixels cannot be recovered."", ""partial_saturated"": ""Partial saturation:\n There are 4 pixels saturated at the end of a ramp. Partial ramps may still be used in some cases.""}"
wfi05,gbtds_mid_5stripe,medium,f146,im_66_6_v2,1,-1,16.1,0.0,,,True,True,2,69.57436,"{""full_saturated"": ""Full saturation:\n There are 1 pixels saturated before the third resultant. These pixels cannot be recovered."", ""partial_saturated"": ""Partial saturation:\n There are 4 pixels saturated at the end of a ramp. Partial ramps may still be used in some cases.""}"
wfi05,gbtds_mid_5stripe,medium,f146,im_66_6_v2,1,-1,16.15,0.0,,,True,True,2,69.57436,"{""full_saturated"": ""Full saturation:\n There are 1 pixels saturated before the third resultant. These pixels cannot be recovered."", ""partial_saturated"": ""Partial saturation:\n There are 4 pixels saturated at the end of a ramp. Partial ramps may still be used in some cases.""}"
wfi05,gbtds_mid_5stripe,medium,f146,im_66_6_v2,1,-1,16.2,0.0,,,True,True,2,69.57436,"{""full_saturated"": ""Full saturation:\n There are 1 pixels saturated before the third resultant. These pixels cannot be recovered."", ""partial_saturated"": ""Partial saturation:\n There are 4 pixels saturated at the end of a ramp. Partial ramps may still be used in some cases.""}"
wfi05,gbtds_mid_5stripe,medium,f146,im_66_6_v2,1,-1,16.25,0.0,,,True,True,2,69.57436,"{""full_saturated"": ""Full saturation:\n There are 1 pixels saturated before the third resultant. These pixels cannot be recovered."", ""partial_saturated"": ""Partial saturation:\n There are 4 pixels saturated at the end of a ramp. Partial ramps may still be used in some cases.""}"
wfi05,gbtds_mid_5stripe,medium,f146,im_66_6_v2,1,-1,16.3,0.0,,,True,True,2,69.57436,"{""full_saturated"": ""Full saturation:\n There are 1 pixels saturated before the third resultant. These pixels cannot be recovered."", ""partial_saturated"": ""Partial saturation:\n There are 4 pixels saturated at the end of a ramp. Partial ramps may still be used in some cases.""}"
wfi05,gbtds_mid_5stripe,medium,f146,im_66_6_v2,1,-1,16.35,472.7699615017536,0.0021151936066824135,0.002296542278848023,True,False,3,69.57436,"{""partial_saturated"": ""Partial saturation:\n There are 5 pixels saturated at the end of a ramp. Partial ramps may still be used in some cases.""}"
wfi05,gbtds_mid_5stripe,medium,f146,im_66_6_v2,1,-1,16.4,462.7998486613142,0.0021607612943102305,0.002346016767072653,True,False,3,69.57436,"{""partial_saturated"": ""Partial saturation:\n There are 5 pixels saturated at the end of a ramp. Partial ramps may still be used in some cases.""}"
wfi05,gbtds_mid_5stripe,medium,f146,im_66_6_v2,1,-1,16.45,452.8146931405172,0.0022084089035725716,0.0023977495015189455,True,False,3,69.57436,"{""partial_saturated"": ""Partial saturation:\n There are 5 pixels saturated at the end of a ramp. Partial ramps may still be used in some cases.""}"
wfi05,gbtds_mid_5stripe,medium,f146,im_66_6_v2,1,-1,16.5,443.2583096658886,0.0022560208758494,0.0024494435435999,True,False,3,69.57436,"{""partial_saturated"": ""Partial saturation:\n There are 5 pixels saturated at the end of a ramp. Partial ramps may still be used in some cases.""}"
wfi05,gbtds_mid_5stripe,medium,f146,im_66_6_v2,1,-1,16.55,433.8611703671825,0.002304884761071581,0.0025024968328907064,True,False,3,69.57436,"{""partial_saturated"": ""Partial saturation:\n There are 5 pixels saturated at the end of a ramp. Partial ramps may still be used in some cases.""}"
wfi05,gbtds_mid_5stripe,medium,f146,im_66_6_v2,1,-1,16.6,438.7576607514348,0.0022791624841087856,0.002474569225523383,True,False,3,69.57436,"{""partial_saturated"": ""Partial saturation:\n There are 5 pixels saturated at the end of a ramp. Partial ramps may still be used in some cases.""}"
wfi05,gbtds_mid_5stripe,medium,f146,im_66_6_v2,1,-1,16.65,429.276917769014,0.002329498649023756,0.0025292210221802424,True,False,3,69.57436,"{""partial_saturated"": ""Partial saturation:\n There are 5 pixels saturated at the end of a ramp. Partial ramps may still be used in some cases.""}"
wfi05,gbtds_mid_5stripe,medium,f146,im_66_6_v2,1,-1,16.7,425.7474423059473,0.0023488103524093233,0.002550188437721503,True,False,3,69.57436,"{""partial_saturated"": ""Partial saturation:\n There are 5 pixels saturated at the end of a ramp. Partial ramps may still be used in some cases.""}"
wfi05,gbtds_mid_5stripe,medium,f146,im_66_6_v2,1,-1,16.75,417.1683722315669,0.002397113651379371,0.00260263307822254,True,False,3,69.57436,"{""partial_saturated"": ""Partial saturation:\n There are 4 pixels saturated at the end of a ramp. Partial ramps may still be used in some cases.""}"
wfi05,gbtds_mid_5stripe,medium,f146,im_66_6_v2,1,-1,16.8,442.34694918991056,0.0022606689202476563,0.0024544900936843486,True,False,3,69.57436,"{""partial_saturated"": ""Partial saturation:\n There are 4 pixels saturated at the end of a ramp. Partial ramps may still be used in some cases.""}"
wfi05,gbtds_mid_5stripe,medium,f146,im_66_6_v2,1,-1,16.85,434.00469136025083,0.0023041225588272224,0.002501669282318658,True,False,3,69.57436,"{""partial_saturated"": ""Partial saturation:\n There are 1 pixels saturated at the end of a ramp. Partial ramps may still be used in some cases.""}"
wfi05,gbtds_mid_5stripe,medium,f146,im_66_6_v2,1,-1,16.9,424.20689562131423,0.0023573402750451545,0.0025594496835510106,True,False,3,69.57436,"{""partial_saturated"": ""Partial saturation:\n There are 1 pixels saturated at the end of a ramp. Partial ramps may still be used in some cases.""}"
wfi05,gbtds_mid_5stripe,medium,f146,im_66_6_v2,1,-1,16.95,414.6194364351623,0.0024118502706912508,0.0026186331593451855,True,False,3,69.57436,"{""partial_saturated"": ""Partial saturation:\n There are 1 pixels saturated at the end of a ramp. Partial ramps may still be used in some cases.""}"
wfi05,gbtds_mid_5stripe,medium,f146,im_66_6_v2,1,-1,17.0,420.1812786531105,0.0023799251675502,0.0025839709190244,True,False,3,69.57436,"{""partial_saturated"": ""Partial saturation:\n There are 1 pixels saturated at the end of a ramp. Partial ramps may still be used in some cases.""}"
wfi05,gbtds_mid_5stripe,medium,f146,im_66_6_v2,1,-1,17.05,410.6758982301708,0.00243501019735892,0.0026437787302278177,True,False,3,69.57436,"{""partial_saturated"": ""Partial saturation:\n There are 1 pixels saturated at the end of a ramp. Partial ramps may still be used in some cases.""}"
wfi05,gbtds_mid_5stripe,medium,f146,im_66_6_v2,1,-1,17.1,401.3750336587915,0.00249143548088768,0.0027050417034187348,True,False,3,69.57436,"{""partial_saturated"": ""Partial saturation:\n There are 1 pixels saturated at the end of a ramp. Partial ramps may still be used in some cases.""}"
wfi05,gbtds_mid_5stripe,medium,f146,im_66_6_v2,1,-1,17.15,407.12405900283335,0.002456253758250727,0.002666843633406036,True,False,3,69.57436,"{""partial_saturated"": ""Partial saturation:\n There are 1 pixels saturated at the end of a ramp. Partial ramps may still be used in some cases.""}"
wfi05,gbtds_mid_5stripe,medium,f146,im_66_6_v2,1,-1,17.2,397.89345892362667,0.0025132355849859403,0.0027287108657057116,True,False,3,69.57436,"{""partial_saturated"": ""Partial saturation:\n There are 1 pixels saturated at the end of a ramp. Partial ramps may still be used in some cases.""}"
wfi05,gbtds_mid_5stripe,medium,f146,im_66_6_v2,1,-1,17.25,404.18635448994854,0.0024741062851117808,0.0026862267681654994,True,False,3,69.57436,"{""partial_saturated"": ""Partial saturation:\n There are 1 pixels saturated at the end of a ramp. Partial ramps may still be used in some cases.""}"
wfi05,gbtds_mid_5stripe,medium,f146,im_66_6_v2,1,-1,17.3,395.01075245316974,0.0025315766565583665,0.002748624431145955,True,False,3,69.57436,"{""partial_saturated"": ""Partial saturation:\n There are 1 pixels saturated at the end of a ramp. Partial ramps may still be used in some cases.""}"
wfi05,gbtds_mid_5stripe,medium,f146,im_66_6_v2,1,-1,17.35,533.2812233899098,0.0018751832169212673,0.002035954309166237,True,False,4,69.57436,"{""partial_saturated"": ""Partial saturation:\n There are 1 pixels saturated at the end of a ramp. Partial ramps may still be used in some cases.""}"
wfi05,gbtds_mid_5stripe,medium,f146,im_66_6_v2,1,-1,17.4,521.3513327914216,0.0019180923440739964,0.002082542302030525,True,False,4,69.57436,"{""partial_saturated"": ""Partial saturation:\n There are 1 pixels saturated at the end of a ramp. Partial ramps may still be used in some cases.""}"
wfi05,gbtds_mid_5stripe,medium,f146,im_66_6_v2,1,-1,17.45,513.2256928999914,0.001948460519093425,0.00211551412912155,True,False,4,69.57436,"{""partial_saturated"": ""Partial saturation:\n There are 1 pixels saturated at the end of a ramp. Partial ramps may still be used in some cases.""}"
wfi05,gbtds_mid_5stripe,medium,f146,im_66_6_v2,1,-1,17.5,501.7169315355764,0.0019931557759857,0.0021640413877105,True,False,4,69.57436,"{""partial_saturated"": ""Partial saturation:\n There are 1 pixels saturated at the end of a ramp. Partial ramps may still be used in some cases.""}"
wfi05,gbtds_mid_5stripe,medium,f146,im_66_6_v2,1,-1,17.55,493.6203103635605,0.002025848570257333,0.002199537138085879,True,False,4,69.57436,"{""partial_saturated"": ""Partial saturation:\n There are 1 pixels saturated at the end of a ramp. Partial ramps may still be used in some cases.""}"
wfi05,gbtds_mid_5stripe,medium,f146,im_66_6_v2,1,-1,17.6,482.52468804097686,0.0020724328200903957,0.002250115344701133,True,False,4,69.57436,"{""partial_saturated"": ""Partial saturation:\n There are 1 pixels saturated at the end of a ramp. Partial ramps may still be used in some cases.""}"
wfi05,gbtds_mid_5stripe,medium,f146,im_66_6_v2,1,-1,17.65,474.570207081332,0.002107169782422982,0.002287830522348942,True,False,4,69.57436,"{""partial_saturated"": ""Partial saturation:\n There are 1 pixels saturated at the end of a ramp. Partial ramps may still be used in some cases.""}"
wfi05,gbtds_mid_5stripe,medium,f146,im_66_6_v2,1,-1,17.7,463.8774269427505,0.0021557418876590757,0.002340567015545091,True,False,4,69.57436,"{""partial_saturated"": ""Partial saturation:\n There are 1 pixels saturated at the end of a ramp. Partial ramps may still be used in some cases.""}"
wfi05,gbtds_mid_5stripe,medium,f146,im_66_6_v2,1,-1,17.75,456.123068751142,0.0021923907570340277,0.0023803580198889273,True,False,4,69.57436,"{""partial_saturated"": ""Partial saturation:\n There are 1 pixels saturated at the end of a ramp. Partial ramps may still be used in some cases.""}"
wfi05,gbtds_mid_5stripe,medium,f146,im_66_6_v2,1,-1,17.8,448.434477218204,0.0022299801884176035,0.0024211702264583467,True,False,4,69.57436,"{""partial_saturated"": ""Partial saturation:\n There are 1 pixels saturated at the end of a ramp. Partial ramps may still be used in some cases.""}"
wfi05,gbtds_mid_5stripe,medium,f146,im_66_6_v2,1,-1,17.85,438.29614101351444,0.0022815624104916906,0.0024771749124860576,True,False,4,69.57436,"{""partial_saturated"": ""Partial saturation:\n There are 1 pixels saturated at the end of a ramp. Partial ramps may still be used in some cases.""}"
wfi05,gbtds_mid_5stripe,medium,f146,im_66_6_v2,1,-1,17.9,430.8562977062479,0.00232095945985635,0.0025199497153419116,True,False,4,69.57436,"{""partial_saturated"": ""Partial saturation:\n There are 1 pixels saturated at the end of a ramp. Partial ramps may still be used in some cases.""}"
wfi05,gbtds_mid_5stripe,medium,f146,im_66_6_v2,1,-1,17.95,423.5153998228771,0.002361189228108873,0.002563628631242705,True,False,4,69.57436,"{""partial_saturated"": ""Partial saturation:\n There are 1 pixels saturated at the end of a ramp. Partial ramps may still be used in some cases.""}"
wfi05,gbtds_mid_5stripe,medium,f146,im_66_6_v2,1,-1,18.0,416.2827778943261,0.0024022132384584,0.0026081698845435,True,False,4,69.57436,"{""partial_saturated"": ""Partial saturation:\n There are 1 pixels saturated at the end of a ramp. Partial ramps may still be used in some cases.""}"
wfi05,gbtds_mid_5stripe,medium,f146,im_66_6_v2,1,-1,18.05,409.1618882246552,0.002444020395787543,0.0026535614288738275,True,False,4,69.57436,"{""partial_saturated"": ""Partial saturation:\n There are 1 pixels saturated at the end of a ramp. Partial ramps may still be used in some cases.""}"
wfi05,gbtds_mid_5stripe,medium,f146,im_66_6_v2,1,-1,18.1,402.1578058532383,0.0024865860750317888,0.0026997765279094276,True,False,4,69.57436,"{""partial_saturated"": ""Partial saturation:\n There are 1 pixels saturated at the end of a ramp. Partial ramps may still be used in some cases.""}"
wfi05,gbtds_mid_5stripe,medium,f146,im_66_6_v2,1,-1,18.15,393.0032857579516,0.0025445079882001143,0.002762664446085135,True,False,4,69.57436,"{""partial_saturated"": ""Partial saturation:\n There are 1 pixels saturated at the end of a ramp. Partial ramps may still be used in some cases.""}"
wfi05,gbtds_mid_5stripe,medium,f146,im_66_6_v2,1,-1,18.2,471.08277242315233,0.0021227692001051257,0.0023047673748995893,True,False,5,69.57436,"{""partial_saturated"": ""Partial saturation:\n There are 1 pixels saturated at the end of a ramp. Partial ramps may still be used in some cases.""}"
wfi05,gbtds_mid_5stripe,medium,f146,im_66_6_v2,1,-1,18.25,469.0692070377149,0.002131881575248226,0.002314661010503792,False,False,6,69.57436,{}
wfi05,gbtds_mid_5stripe,medium,f146,im_66_6_v2,1,-1,18.3,458.3704272070505,0.0021816416170066092,0.0023686872893911443,False,False,6,69.57436,{}
wfi05,gbtds_mid_5stripe,medium,f146,im_66_6_v2,1,-1,18.35,447.8964389384862,0.002232658965474247,0.0024240786716932207,False,False,6,69.57436,{}
wfi05,gbtds_mid_5stripe,medium,f146,im_66_6_v2,1,-1,18.4,437.6465415438966,0.0022849489372685893,0.002480851787216119,False,False,6,69.57436,{}
wfi05,gbtds_mid_5stripe,medium,f146,im_66_6_v2,1,-1,18.45,427.60448986489496,0.002338609681848659,0.002539113200380979,False,False,6,69.57436,{}
wfi05,gbtds_mid_5stripe,medium,f146,im_66_6_v2,1,-1,18.5,417.7794259269765,0.0023936075784038,0.0025988264078564,False,False,6,69.57436,{}
wfi05,gbtds_mid_5stripe,medium,f146,im_66_6_v2,1,-1,18.55,408.16659162255945,0.0024499800339483,0.00266003202379222,False,False,6,69.57436,{}
wfi05,gbtds_mid_5stripe,medium,f146,im_66_6_v2,1,-1,18.6,398.7584299035895,0.0025077839739758648,0.002722791854257815,False,False,6,69.57436,{}
wfi05,gbtds_mid_5stripe,medium,f146,im_66_6_v2,1,-1,18.65,389.54554721492343,0.0025670939050633566,0.0027871867937412148,False,False,6,69.57436,{}
wfi05,gbtds_mid_5stripe,medium,f146,im_66_6_v2,1,-1,18.7,380.5354650225933,0.0026278759587904047,0.002853180070072225,False,False,6,69.57436,{}
wfi05,gbtds_mid_5stripe,medium,f146,im_66_6_v2,1,-1,18.75,371.7120714626596,0.002690254303727812,0.0029209064975636587,False,False,6,69.57436,{}
wfi05,gbtds_mid_5stripe,medium,f146,im_66_6_v2,1,-1,19.0,330.3251490382708,0.0030273202113477,0.0032868711568562,False,False,6,69.57436,{}
wfi05,gbtds_mid_5stripe,medium,f146,im_66_6_v2,1,-1,19.5,259.7923313700685,0.0038492283229697,0.0041792465506286,False,False,6,69.57436,{}
wfi05,gbtds_mid_5stripe,medium,f146,im_66_6_v2,1,-1,20.0,203.012023633502,0.0049258166196367,0.0053481374419389,False,False,6,69.57436,{}
wfi05,gbtds_mid_5stripe,medium,f146,im_66_6_v2,1,-1,20.5,157.2042812611812,0.0063611499125687,0.0069065307639699,False,False,6,69.57436,{}
wfi05,gbtds_mid_5stripe,medium,f146,im_66_6_v2,1,-1,21.0,120.29267961518492,0.0083130578119881,0.0090257878387229,False,False,6,69.57436,{}
wfi05,gbtds_mid_5stripe,medium,f146,im_66_6_v2,1,-1,21.2,107.59544203600176,0.0092940739967906,0.0100909126280167,False,False,6,69.57436,{}
wfi05,gbtds_mid_5stripe,medium,f146,im_66_6_v2,1,-1,21.5,90.5098849817634,0.0110485169680801,0.0119957748811291,False,False,6,69.57436,{}
wfi05,gbtds_mid_5stripe,medium,f146,im_66_6_v2,1,-1,22.0,66.66226518583963,0.0150009903985743,0.0162871183829612,False,False,6,69.57436,{}
wfi05,gbtds_mid_5stripe,medium,f146,im_66_6_v2,1,-1,22.5,48.04628008994609,0.0208132658371871,0.0225977162586896,False,False,6,69.57436,{}
wfi05,gbtds_mid_5stripe,medium,f146,im_66_6_v2,1,-1,23.0,33.76393134373666,0.0296174041411058,0.0321566879669519,False,False,6,69.57436,{}
wfi05,gbtds_mid_5stripe,medium,f146,im_66_6_v2,1,-1,23.5,23.12707601231782,0.0432393614941804,0.0469465402448563,False,False,6,69.57436,{}
wfi05,gbtds_mid_5stripe,medium,f146,im_66_6_v2,1,-1,24.0,15.578405520784058,0.0641914218156564,0.0696949507001589,False,False,6,69.57436,{}
wfi05,gbtds_mid_5stripe,medium,f146,im_66_6_v2,1,-1,24.5,10.247832104580455,0.0975816143155811,0.1059478915811706,False,False,6,69.57436,{}
wfi05,gbtds_mid_5stripe,medium,f146,im_66_6_v2,1,-1,25.0,6.668197621519019,0.1499655614244077,0.1628230395053586,False,False,6,69.57436,{}
wfi05,gbtds_mid_5stripe,medium,f146,im_66_6_v2,1,-1,25.5,4.287757321189053,0.2332221544018462,0.2532177367857749,False,False,6,69.57436,{}
wfi05,gbtds_mid_5stripe,medium,f146,im_66_6_v2,1,-1,26.0,2.7389398410604358,0.3651047697392397,0.3964074670357728,False,False,6,69.57436,{}
wfi05,gbtds_mid_5stripe,medium,f146,im_66_6_v2,1,-1,26.5,1.7419221993844574,0.5740784521566863,0.6232977598780219,False,False,6,69.57436,{}
wfi05,gbtds_mid_5stripe,medium,f146,im_66_6_v2,1,-1,27.0,1.104667557841519,0.9052497223272894,0.9828623978779816,False,False,6,69.57436,{}
wfi05,gbtds_mid_5stripe,medium,f146,im_66_6_v2,1,-1,27.5,0.6992510146679133,1.4301016073246855,1.5527130915552043,False,False,6,69.57436,{}
wfi05,gbtds_mid_5stripe,medium,f146,im_66_6_v2,1,-1,28.0,0.4421015389892014,2.261923815706114,2.455852579116783,False,False,6,69.57436,{}
wfi05,gbtds_mid_5stripe,medium,f146,im_66_6_v2,1,-1,28.5,0.2793089242849262,3.580265122427269,3.887223466052082,False,False,6,69.57436,{}
wfi05,gbtds_mid_5stripe,medium,f146,im_66_6_v2,1,-1,29.0,0.1763764782785254,5.669690254393486,6.155787978959337,False,False,6,69.57436,{}
wfi05,gbtds_mid_5stripe,medium,f146,im_66_6_v2,1,-1,29.5,0.1113436527683582,8.9812034645605,9.75121776377248,False,False,6,69.57436,{}
wfi05,gbtds_mid_5stripe,medium,f146,im_66_6_v2,1,-1,30.0,0.070276068739749,14.229595051812952,15.449586526800452,False,False,6,69.57436,{}
wfi06,gbtds_mid_5stripe,medium,f146,im_66_6_v2,1,-1,12.0,0.0,,,True,True,0,69.57436,"{""full_saturated"": ""Full saturation:\n There are 23 pixels saturated before the third resultant. These pixels cannot be recovered."", ""partial_saturated"": ""Partial saturation:\n There are 34 pixels saturated at the end of a ramp. Partial ramps may still be used in some cases.""}"
wfi06,gbtds_mid_5stripe,medium,f146,im_66_6_v2,1,-1,12.5,0.0,,,True,True,0,69.57436,"{""full_saturated"": ""Full saturation:\n There are 16 pixels saturated before the third resultant. These pixels cannot be recovered."", ""partial_saturated"": ""Partial saturation:\n There are 27 pixels saturated at the end of a ramp. Partial ramps may still be used in some cases.""}"
wfi06,gbtds_mid_5stripe,medium,f146,im_66_6_v2,1,-1,13.0,0.0,,,True,True,0,69.57436,"{""full_saturated"": ""Full saturation:\n There are 15 pixels saturated before the third resultant. These pixels cannot be recovered."", ""partial_saturated"": ""Partial saturation:\n There are 18 pixels saturated at the end of a ramp. Partial ramps may still be used in some cases.""}"
wfi06,gbtds_mid_5stripe,medium,f146,im_66_6_v2,1,-1,13.5,0.0,,,True,True,0,69.57436,"{""full_saturated"": ""Full saturation:\n There are 9 pixels saturated before the third resultant. These pixels cannot be recovered."", ""partial_saturated"": ""Partial saturation:\n There are 18 pixels saturated at the end of a ramp. Partial ramps may still be used in some cases.""}"
wfi06,gbtds_mid_5stripe,medium,f146,im_66_6_v2,1,-1,14.0,0.0,,,True,True,0,69.57436,"{""full_saturated"": ""Full saturation:\n There are 7 pixels saturated before the third resultant. These pixels cannot be recovered."", ""partial_saturated"": ""Partial saturation:\n There are 15 pixels saturated at the end of a ramp. Partial ramps may still be used in some cases.""}"
wfi06,gbtds_mid_5stripe,medium,f146,im_66_6_v2,1,-1,14.5,0.0,,,True,True,0,69.57436,"{""full_saturated"": ""Full saturation:\n There are 5 pixels saturated before the third resultant. These pixels cannot be recovered."", ""partial_saturated"": ""Partial saturation:\n There are 11 pixels saturated at the end of a ramp. Partial ramps may still be used in some cases.""}"
wfi06,gbtds_mid_5stripe,medium,f146,im_66_6_v2,1,-1,15.0,0.0,,,True,True,1,69.57436,"{""full_saturated"": ""Full saturation:\n There are 3 pixels saturated before the third resultant. These pixels cannot be recovered."", ""partial_saturated"": ""Partial saturation:\n There are 9 pixels saturated at the end of a ramp. Partial ramps may still be used in some cases.""}"
wfi06,gbtds_mid_5stripe,medium,f146,im_66_6_v2,1,-1,15.5,0.0,,,True,True,1,69.57436,"{""full_saturated"": ""Full saturation:\n There are 1 pixels saturated before the third resultant. These pixels cannot be recovered."", ""partial_saturated"": ""Partial saturation:\n There are 8 pixels saturated at the end of a ramp. Partial ramps may still be used in some cases.""}"
wfi06,gbtds_mid_5stripe,medium,f146,im_66_6_v2,1,-1,15.55,0.0,,,True,True,1,69.57436,"{""full_saturated"": ""Full saturation:\n There are 1 pixels saturated before the third resultant. These pixels cannot be recovered."", ""partial_saturated"": ""Partial saturation:\n There are 8 pixels saturated at the end of a ramp. Partial ramps may still be used in some cases.""}"
wfi06,gbtds_mid_5stripe,medium,f146,im_66_6_v2,1,-1,15.6,0.0,,,True,True,1,69.57436,"{""full_saturated"": ""Full saturation:\n There are 1 pixels saturated before the third resultant. These pixels cannot be recovered."", ""partial_saturated"": ""Partial saturation:\n There are 8 pixels saturated at the end of a ramp. Partial ramps may still be used in some cases.""}"
wfi06,gbtds_mid_5stripe,medium,f146,im_66_6_v2,1,-1,15.65,0.0,,,True,True,2,69.57436,"{""full_saturated"": ""Full saturation:\n There are 1 pixels saturated before the third resultant. These pixels cannot be recovered."", ""partial_saturated"": ""Partial saturation:\n There are 7 pixels saturated at the end of a ramp. Partial ramps may still be used in some cases.""}"
wfi06,gbtds_mid_5stripe,medium,f146,im_66_6_v2,1,-1,15.7,0.0,,,True,True,2,69.57436,"{""full_saturated"": ""Full saturation:\n There are 1 pixels saturated before the third resultant. These pixels cannot be recovered."", ""partial_saturated"": ""Partial saturation:\n There are 7 pixels saturated at the end of a ramp. Partial ramps may still be used in some cases.""}"
wfi06,gbtds_mid_5stripe,medium,f146,im_66_6_v2,1,-1,15.75,0.0,,,True,True,2,69.57436,"{""full_saturated"": ""Full saturation:\n There are 1 pixels saturated before the third resultant. These pixels cannot be recovered."", ""partial_saturated"": ""Partial saturation:\n There are 6 pixels saturated at the end of a ramp. Partial ramps may still be used in some cases.""}"
wfi06,gbtds_mid_5stripe,medium,f146,im_66_6_v2,1,-1,15.8,0.0,,,True,True,2,69.57436,"{""full_saturated"": ""Full saturation:\n There are 1 pixels saturated before the third resultant. These pixels cannot be recovered."", ""partial_saturated"": ""Partial saturation:\n There are 6 pixels saturated at the end of a ramp. Partial ramps may still be used in some cases.""}"
wfi06,gbtds_mid_5stripe,medium,f146,im_66_6_v2,1,-1,15.85,0.0,,,True,True,2,69.57436,"{""full_saturated"": ""Full saturation:\n There are 1 pixels saturated before the third resultant. These pixels cannot be recovered."", ""partial_saturated"": ""Partial saturation:\n There are 6 pixels saturated at the end of a ramp. Partial ramps may still be used in some cases.""}"
wfi06,gbtds_mid_5stripe,medium,f146,im_66_6_v2,1,-1,15.9,0.0,,,True,True,2,69.57436,"{""full_saturated"": ""Full saturation:\n There are 1 pixels saturated before the third resultant. These pixels cannot be recovered."", ""partial_saturated"": ""Partial saturation:\n There are 5 pixels saturated at the end of a ramp. Partial ramps may still be used in some cases.""}"
wfi06,gbtds_mid_5stripe,medium,f146,im_66_6_v2,1,-1,15.95,0.0,,,True,True,2,69.57436,"{""full_saturated"": ""Full saturation:\n There are 1 pixels saturated before the third resultant. These pixels cannot be recovered."", ""partial_saturated"": ""Partial saturation:\n There are 5 pixels saturated at the end of a ramp. Partial ramps may still be used in some cases.""}"
wfi06,gbtds_mid_5stripe,medium,f146,im_66_6_v2,1,-1,16.0,0.0,,,True,True,2,69.57436,"{""full_saturated"": ""Full saturation:\n There are 1 pixels saturated before the third resultant. These pixels cannot be recovered."", ""partial_saturated"": ""Partial saturation:\n There are 5 pixels saturated at the end of a ramp. Partial ramps may still be used in some cases.""}"
wfi06,gbtds_mid_5stripe,medium,f146,im_66_6_v2,1,-1,16.05,0.0,,,True,True,2,69.57436,"{""full_saturated"": ""Full saturation:\n There are 1 pixels saturated before the third resultant. These pixels cannot be recovered."", ""partial_saturated"": ""Partial saturation:\n There are 4 pixels saturated at the end of a ramp. Partial ramps may still be used in some cases.""}"
wfi06,gbtds_mid_5stripe,medium,f146,im_66_6_v2,1,-1,16.1,0.0,,,True,True,2,69.57436,"{""full_saturated"": ""Full saturation:\n There are 1 pixels saturated before the third resultant. These pixels cannot be recovered."", ""partial_saturated"": ""Partial saturation:\n There are 4 pixels saturated at the end of a ramp. Partial ramps may still be used in some cases.""}"
wfi06,gbtds_mid_5stripe,medium,f146,im_66_6_v2,1,-1,16.15,0.0,,,True,True,2,69.57436,"{""full_saturated"": ""Full saturation:\n There are 1 pixels saturated before the third resultant. These pixels cannot be recovered."", ""partial_saturated"": ""Partial saturation:\n There are 4 pixels saturated at the end of a ramp. Partial ramps may still be used in some cases.""}"
wfi06,gbtds_mid_5stripe,medium,f146,im_66_6_v2,1,-1,16.2,0.0,,,True,True,2,69.57436,"{""full_saturated"": ""Full saturation:\n There are 1 pixels saturated before the third resultant. These pixels cannot be recovered."", ""partial_saturated"": ""Partial saturation:\n There are 4 pixels saturated at the end of a ramp. Partial ramps may still be used in some cases.""}"
wfi06,gbtds_mid_5stripe,medium,f146,im_66_6_v2,1,-1,16.25,0.0,,,True,True,2,69.57436,"{""full_saturated"": ""Full saturation:\n There are 1 pixels saturated before the third resultant. These pixels cannot be recovered."", ""partial_saturated"": ""Partial saturation:\n There are 4 pixels saturated at the end of a ramp. Partial ramps may still be used in some cases.""}"
wfi06,gbtds_mid_5stripe,medium,f146,im_66_6_v2,1,-1,16.3,0.0,,,True,True,2,69.57436,"{""full_saturated"": ""Full saturation:\n There are 1 pixels saturated before the third resultant. These pixels cannot be recovered."", ""partial_saturated"": ""Partial saturation:\n There are 4 pixels saturated at the end of a ramp. Partial ramps may still be used in some cases.""}"
wfi06,gbtds_mid_5stripe,medium,f146,im_66_6_v2,1,-1,16.35,0.0,,,True,True,2,69.57436,"{""full_saturated"": ""Full saturation:\n There are 1 pixels saturated before the third resultant. These pixels cannot be recovered."", ""partial_saturated"": ""Partial saturation:\n There are 4 pixels saturated at the end of a ramp. Partial ramps may still be used in some cases.""}"
wfi06,gbtds_mid_5stripe,medium,f146,im_66_6_v2,1,-1,16.4,467.85960882384416,0.002137393314447271,0.002320645305303379,True,False,3,69.57436,"{""partial_saturated"": ""Partial saturation:\n There are 5 pixels saturated at the end of a ramp. Partial ramps may still be used in some cases.""}"
wfi06,gbtds_mid_5stripe,medium,f146,im_66_6_v2,1,-1,16.45,457.98800811860616,0.002183463283477562,0.0023706651386316514,True,False,3,69.57436,"{""partial_saturated"": ""Partial saturation:\n There are 5 pixels saturated at the end of a ramp. Partial ramps may still be used in some cases.""}"
wfi06,gbtds_mid_5stripe,medium,f146,im_66_6_v2,1,-1,16.5,448.12581394966304,0.0022315161699484,0.0024228378972162,True,False,3,69.57436,"{""partial_saturated"": ""Partial saturation:\n There are 5 pixels saturated at the end of a ramp. Partial ramps may still be used in some cases.""}"
wfi06,gbtds_mid_5stripe,medium,f146,im_66_6_v2,1,-1,16.55,438.64692689474754,0.002279737845376375,0.0024751939160824205,True,False,3,69.57436,"{""partial_saturated"": ""Partial saturation:\n There are 5 pixels saturated at the end of a ramp. Partial ramps may still be used in some cases.""}"
wfi06,gbtds_mid_5stripe,medium,f146,im_66_6_v2,1,-1,16.6,429.5490847408039,0.0023280226533445286,0.0025276184802332387,True,False,3,69.57436,"{""partial_saturated"": ""Partial saturation:\n There are 5 pixels saturated at the end of a ramp. Partial ramps may still be used in some cases.""}"
wfi06,gbtds_mid_5stripe,medium,f146,im_66_6_v2,1,-1,16.65,434.20858109143086,0.0023030406204464925,0.002500494582647382,True,False,3,69.57436,"{""partial_saturated"": ""Partial saturation:\n There are 5 pixels saturated at the end of a ramp. Partial ramps may still be used in some cases.""}"
wfi06,gbtds_mid_5stripe,medium,f146,im_66_6_v2,1,-1,16.7,430.28753084502216,0.002324027373129185,0.0025232806598552864,True,False,3,69.57436,"{""partial_saturated"": ""Partial saturation:\n There are 5 pixels saturated at the end of a ramp. Partial ramps may still be used in some cases.""}"
wfi06,gbtds_mid_5stripe,medium,f146,im_66_6_v2,1,-1,16.75,421.62219785164154,0.002371791630268659,0.00257514004312499,True,False,3,69.57436,"{""partial_saturated"": ""Partial saturation:\n There are 4 pixels saturated at the end of a ramp. Partial ramps may still be used in some cases.""}"
wfi06,gbtds_mid_5stripe,medium,f146,im_66_6_v2,1,-1,16.8,418.5865173811802,0.0023889923790578363,0.0025938155188343494,True,False,3,69.57436,"{""partial_saturated"": ""Partial saturation:\n There are 4 pixels saturated at the end of a ramp. Partial ramps may still be used in some cases.""}"
wfi06,gbtds_mid_5stripe,medium,f146,im_66_6_v2,1,-1,16.85,438.09347478557504,0.0022826178830658234,0.0024783208772729227,True,False,3,69.57436,"{""partial_saturated"": ""Partial saturation:\n There are 3 pixels saturated at the end of a ramp. Partial ramps may still be used in some cases.""}"
wfi06,gbtds_mid_5stripe,medium,f146,im_66_6_v2,1,-1,16.9,429.3118990065607,0.0023293088365685345,0.0025290149359254942,True,False,3,69.57436,"{""partial_saturated"": ""Partial saturation:\n There are 1 pixels saturated at the end of a ramp. Partial ramps may still be used in some cases.""}"
wfi06,gbtds_mid_5stripe,medium,f146,im_66_6_v2,1,-1,16.95,419.6211768453349,0.0023831018432336716,0.002587419950824629,True,False,3,69.57436,"{""partial_saturated"": ""Partial saturation:\n There are 1 pixels saturated at the end of a ramp. Partial ramps may still be used in some cases.""}"
wfi06,gbtds_mid_5stripe,medium,f146,im_66_6_v2,1,-1,17.0,425.25964714512446,0.0023515045613033,0.0025531136378608,True,False,3,69.57436,"{""partial_saturated"": ""Partial saturation:\n There are 1 pixels saturated at the end of a ramp. Partial ramps may still be used in some cases.""}"
wfi06,gbtds_mid_5stripe,medium,f146,im_66_6_v2,1,-1,17.05,415.65177491096455,0.0024058600500724597,0.002612129359944876,True,False,3,69.57436,"{""partial_saturated"": ""Partial saturation:\n There are 1 pixels saturated at the end of a ramp. Partial ramps may still be used in some cases.""}"
wfi06,gbtds_mid_5stripe,medium,f146,im_66_6_v2,1,-1,17.1,406.25046977764674,0.002461535615078379,0.0026725783365921666,True,False,3,69.57436,"{""partial_saturated"": ""Partial saturation:\n There are 1 pixels saturated at the end of a ramp. Partial ramps may still be used in some cases.""}"
wfi06,gbtds_mid_5stripe,medium,f146,im_66_6_v2,1,-1,17.15,412.0825297635835,0.0024266983620337204,0.002634754269687261,True,False,3,69.57436,"{""partial_saturated"": ""Partial saturation:\n There are 1 pixels saturated at the end of a ramp. Partial ramps may still be used in some cases.""}"
wfi06,gbtds_mid_5stripe,medium,f146,im_66_6_v2,1,-1,17.2,402.75229220302924,0.0024829157260162667,0.002695791497099177,True,False,3,69.57436,"{""partial_saturated"": ""Partial saturation:\n There are 1 pixels saturated at the end of a ramp. Partial ramps may still be used in some cases.""}"
wfi06,gbtds_mid_5stripe,medium,f146,im_66_6_v2,1,-1,17.25,393.62312110557656,0.0025405011707424134,0.0027583140993054523,True,False,3,69.57436,"{""partial_saturated"": ""Partial saturation:\n There are 1 pixels saturated at the end of a ramp. Partial ramps may still be used in some cases.""}"
wfi06,gbtds_mid_5stripe,medium,f146,im_66_6_v2,1,-1,17.3,399.8646267146603,0.0025008463694729138,0.0027152594458746677,True,False,3,69.57436,"{""partial_saturated"": ""Partial saturation:\n There are 1 pixels saturated at the end of a ramp. Partial ramps may still be used in some cases.""}"
wfi06,gbtds_mid_5stripe,medium,f146,im_66_6_v2,1,-1,17.35,390.7898308979338,0.0025589202198589944,0.002778312327788542,True,False,3,69.57436,"{""partial_saturated"": ""Partial saturation:\n There are 1 pixels saturated at the end of a ramp. Partial ramps may still be used in some cases.""}"
wfi06,gbtds_mid_5stripe,medium,f146,im_66_6_v2,1,-1,17.4,527.6919385439448,0.0018950450574615374,0.0020575190285339407,True,False,4,69.57436,"{""partial_saturated"": ""Partial saturation:\n There are 1 pixels saturated at the end of a ramp. Partial ramps may still be used in some cases.""}"
wfi06,gbtds_mid_5stripe,medium,f146,im_66_6_v2,1,-1,17.45,515.8833114941524,0.0019384228520664894,0.002104615870619099,True,False,4,69.57436,"{""partial_saturated"": ""Partial saturation:\n There are 1 pixels saturated at the end of a ramp. Partial ramps may still be used in some cases.""}"
wfi06,gbtds_mid_5stripe,medium,f146,im_66_6_v2,1,-1,17.5,507.8414458546096,0.0019691185273725,0.0021379432766284,True,False,4,69.57436,"{""partial_saturated"": ""Partial saturation:\n There are 1 pixels saturated at the end of a ramp. Partial ramps may still be used in some cases.""}"
wfi06,gbtds_mid_5stripe,medium,f146,im_66_6_v2,1,-1,17.55,496.45009418319927,0.002014301158800831,0.0021869996953963163,True,False,4,69.57436,"{""partial_saturated"": ""Partial saturation:\n There are 1 pixels saturated at the end of a ramp. Partial ramps may still be used in some cases.""}"
wfi06,gbtds_mid_5stripe,medium,f146,im_66_6_v2,1,-1,17.6,488.43771660840866,0.002047343941708175,0.002222875441104783,True,False,4,69.57436,"{""partial_saturated"": ""Partial saturation:\n There are 1 pixels saturated at the end of a ramp. Partial ramps may still be used in some cases.""}"
wfi06,gbtds_mid_5stripe,medium,f146,im_66_6_v2,1,-1,17.65,477.45565724837655,0.002094435336179903,0.0022740042730152845,True,False,4,69.57436,"{""partial_saturated"": ""Partial saturation:\n There are 1 pixels saturated at the end of a ramp. Partial ramps may still be used in some cases.""}"
wfi06,gbtds_mid_5stripe,medium,f146,im_66_6_v2,1,-1,17.7,469.5844748091276,0.0021295422946137027,0.0023121211688257996,True,False,4,69.57436,"{""partial_saturated"": ""Partial saturation:\n There are 1 pixels saturated at the end of a ramp. Partial ramps may still be used in some cases.""}"
wfi06,gbtds_mid_5stripe,medium,f146,im_66_6_v2,1,-1,17.75,461.74551576241123,0.002165695097978049,0.0023513735763419723,True,False,4,69.57436,"{""partial_saturated"": ""Partial saturation:\n There are 1 pixels saturated at the end of a ramp. Partial ramps may still be used in some cases.""}"
wfi06,gbtds_mid_5stripe,medium,f146,im_66_6_v2,1,-1,17.8,451.32855580502826,0.0022156807654599084,0.002405644825246028,True,False,4,69.57436,"{""partial_saturated"": ""Partial saturation:\n There are 1 pixels saturated at the end of a ramp. Partial ramps may still be used in some cases.""}"
wfi06,gbtds_mid_5stripe,medium,f146,im_66_6_v2,1,-1,17.85,443.72147119151856,0.0022536660155631303,0.0024468867865298886,True,False,4,69.57436,"{""partial_saturated"": ""Partial saturation:\n There are 1 pixels saturated at the end of a ramp. Partial ramps may still be used in some cases.""}"
wfi06,gbtds_mid_5stripe,medium,f146,im_66_6_v2,1,-1,17.9,436.2014018627075,0.002292518996339094,0.002489070874421124,True,False,4,69.57436,"{""partial_saturated"": ""Partial saturation:\n There are 1 pixels saturated at the end of a ramp. Partial ramps may still be used in some cases.""}"
wfi06,gbtds_mid_5stripe,medium,f146,im_66_6_v2,1,-1,17.95,426.32754562274187,0.002345614329328141,0.0025467183997510204,True,False,4,69.57436,"{""partial_saturated"": ""Partial saturation:\n There are 1 pixels saturated at the end of a ramp. Partial ramps may still be used in some cases.""}"
wfi06,gbtds_mid_5stripe,medium,f146,im_66_6_v2,1,-1,18.0,419.0651884093939,0.002386263587762,0.0025908527713293,True,False,4,69.57436,"{""partial_saturated"": ""Partial saturation:\n There are 1 pixels saturated at the end of a ramp. Partial ramps may still be used in some cases.""}"
wfi06,gbtds_mid_5stripe,medium,f146,im_66_6_v2,1,-1,18.05,411.90917059065396,0.002427719680448138,0.00263586315206638,True,False,4,69.57436,"{""partial_saturated"": ""Partial saturation:\n There are 1 pixels saturated at the end of a ramp. Partial ramps may still be used in some cases.""}"
wfi06,gbtds_mid_5stripe,medium,f146,im_66_6_v2,1,-1,18.1,404.8648833475885,0.002469959833837874,0.0026817248158961535,True,False,4,69.57436,"{""partial_saturated"": ""Partial saturation:\n There are 1 pixels saturated at the end of a ramp. Partial ramps may still be used in some cases.""}"
wfi06,gbtds_mid_5stripe,medium,f146,im_66_6_v2,1,-1,18.15,397.9355683552404,0.0025129696350925127,0.002728422114277766,True,False,4,69.57436,"{""partial_saturated"": ""Partial saturation:\n There are 1 pixels saturated at the end of a ramp. Partial ramps may still be used in some cases.""}"
wfi06,gbtds_mid_5stripe,medium,f146,im_66_6_v2,1,-1,18.2,477.19355149730023,0.0020955857363585046,0.0022752533041391527,True,False,5,69.57436,"{""partial_saturated"": ""Partial saturation:\n There are 1 pixels saturated at the end of a ramp. Partial ramps may still be used in some cases.""}"
wfi06,gbtds_mid_5stripe,medium,f146,im_66_6_v2,1,-1,18.25,475.19011537196656,0.002104420878404059,0.002284845937732192,False,False,6,69.57436,{}
wfi06,gbtds_mid_5stripe,medium,f146,im_66_6_v2,1,-1,18.3,464.36786732938066,0.0021534651089255715,0.0023380950344439014,False,False,6,69.57436,{}
wfi06,gbtds_mid_5stripe,medium,f146,im_66_6_v2,1,-1,18.35,453.7739574236851,0.0022037403946174637,0.0023926807323241474,False,False,6,69.57436,{}
wfi06,gbtds_mid_5stripe,medium,f146,im_66_6_v2,1,-1,18.4,443.39889564167527,0.0022553055720917533,0.002448666912412762,False,False,6,69.57436,{}
wfi06,gbtds_mid_5stripe,medium,f146,im_66_6_v2,1,-1,18.45,433.2506775526251,0.002308132570383653,0.0025060230970469738,False,False,6,69.57436,{}
wfi06,gbtds_mid_5stripe,medium,f146,im_66_6_v2,1,-1,18.5,423.31372483402464,0.0023623141451227,0.0025648499943719,False,False,6,69.57436,{}
wfi06,gbtds_mid_5stripe,medium,f146,im_66_6_v2,1,-1,18.55,413.5795354791655,0.0024179146070209176,0.0026252174288561346,False,False,6,69.57436,{}
wfi06,gbtds_mid_5stripe,medium,f146,im_66_6_v2,1,-1,18.6,404.0598779658319,0.0024748807157848073,0.0026870675955852795,False,False,6,69.57436,{}
wfi06,gbtds_mid_5stripe,medium,f146,im_66_6_v2,1,-1,18.65,394.7417734717095,0.002533301685314712,0.0027504973573209686,False,False,6,69.57436,{}
wfi06,gbtds_mid_5stripe,medium,f146,im_66_6_v2,1,-1,18.7,385.6214648456944,0.0025932166416103106,0.0028155491945776006,False,False,6,69.57436,{}
wfi06,gbtds_mid_5stripe,medium,f146,im_66_6_v2,1,-1,18.75,376.69618124732193,0.0026546592447228567,0.0028822596532914768,False,False,6,69.57436,{}
wfi06,gbtds_mid_5stripe,medium,f146,im_66_6_v2,1,-1,19.0,334.8321970656247,0.0029865706128733,0.0032426278424632,False,False,6,69.57436,{}
wfi06,gbtds_mid_5stripe,medium,f146,im_66_6_v2,1,-1,19.5,263.4650516886005,0.0037955698245015,0.0041209875761488,False,False,6,69.57436,{}
wfi06,gbtds_mid_5stripe,medium,f146,im_66_6_v2,1,-1,20.0,206.03901766420745,0.0048534496588881,0.0052695660126258,False,False,6,69.57436,{}
wfi06,gbtds_mid_5stripe,medium,f146,im_66_6_v2,1,-1,20.5,159.68357540903204,0.0062623848284864,0.0067992979364158,False,False,6,69.57436,{}
wfi06,gbtds_mid_5stripe,medium,f146,im_66_6_v2,1,-1,21.0,122.30267277230712,0.0081764361917234,0.0088774527992488,False,False,6,69.57436,{}
wfi06,gbtds_mid_5stripe,medium,f146,im_66_6_v2,1,-1,21.2,109.46839382131432,0.009135056842364,0.0099182619462781,False,False,6,69.57436,{}
wfi06,gbtds_mid_5stripe,medium,f146,im_66_6_v2,1,-1,21.5,92.17241961562884,0.0108492323861099,0.011779404395434,False,False,6,69.57436,{}
wfi06,gbtds_mid_5stripe,medium,f146,im_66_6_v2,1,-1,22.0,68.02212396237422,0.0147010993151748,0.0159615157762303,False,False,6,69.57436,{}
wfi06,gbtds_mid_5stripe,medium,f146,im_66_6_v2,1,-1,22.5,49.108227165313,0.0203631867351615,0.0221090490826153,False,False,6,69.57436,{}
wfi06,gbtds_mid_5stripe,medium,f146,im_66_6_v2,1,-1,23.0,34.57069075814657,0.0289262371699746,0.0314062629628618,False,False,6,69.57436,{}
wfi06,gbtds_mid_5stripe,medium,f146,im_66_6_v2,1,-1,23.5,23.67891872938563,0.0422316581018117,0.0458524401881039,False,False,6,69.57436,{}
wfi06,gbtds_mid_5stripe,medium,f146,im_66_6_v2,1,-1,24.0,15.988275988892944,0.0625458305007181,0.0679082726312949,False,False,6,69.57436,{}
wfi06,gbtds_mid_5stripe,medium,f146,im_66_6_v2,1,-1,24.5,10.52970044283498,0.0949694633222408,0.1031117846754061,False,False,6,69.57436,{}
wfi06,gbtds_mid_5stripe,medium,f146,im_66_6_v2,1,-1,25.0,6.839715143226512,0.1462049192195259,0.1587399741103769,False,False,6,69.57436,{}
wfi06,gbtds_mid_5stripe,medium,f146,im_66_6_v2,1,-1,25.5,4.410510831772713,0.2267311062465004,0.2461701707966875,False,False,6,69.57436,{}
wfi06,gbtds_mid_5stripe,medium,f146,im_66_6_v2,1,-1,26.0,2.818456635389865,0.3548041106765775,0.3852236685585706,False,False,6,69.57436,{}
wfi06,gbtds_mid_5stripe,medium,f146,im_66_6_v2,1,-1,26.5,1.7929554369012628,0.5577383460953634,0.6055567151376559,False,False,6,69.57436,{}
wfi06,gbtds_mid_5stripe,medium,f146,im_66_6_v2,1,-1,27.0,1.1372209199914167,0.8793366200188681,0.9547276045241272,False,False,6,69.57436,{}
wfi06,gbtds_mid_5stripe,medium,f146,im_66_6_v2,1,-1,27.5,0.719934288584324,1.3890156585907252,1.5081045895079075,False,False,6,69.57436,{}
wfi06,gbtds_mid_5stripe,medium,f146,im_66_6_v2,1,-1,28.0,0.4552096281065845,2.1967900902259827,2.3851345352122277,False,False,6,69.57436,{}
wfi06,gbtds_mid_5stripe,medium,f146,im_66_6_v2,1,-1,28.5,0.2876027707112353,3.4770179630989717,3.7751242871309194,False,False,6,69.57436,{}
wfi06,gbtds_mid_5stripe,medium,f146,im_66_6_v2,1,-1,29.0,0.1816188201250892,5.506037311063105,5.978104053370311,False,False,6,69.57436,{}
wfi06,gbtds_mid_5stripe,medium,f146,im_66_6_v2,1,-1,29.5,0.1146550586862731,8.721813162524887,9.469588321689267,False,False,6,69.57436,{}
wfi06,gbtds_mid_5stripe,medium,f146,im_66_6_v2,1,-1,30.0,0.0723669035594065,13.81847157767491,15.003214886302835,False,False,6,69.57436,{}
wfi07,gbtds_mid_5stripe,medium,f146,im_66_6_v2,1,-1,12.0,0.0,,,True,True,0,69.57436,"{""full_saturated"": ""Full saturation:\n There are 22 pixels saturated before the third resultant. These pixels cannot be recovered."", ""partial_saturated"": ""Partial saturation:\n There are 36 pixels saturated at the end of a ramp. Partial ramps may still be used in some cases.""}"
wfi07,gbtds_mid_5stripe,medium,f146,im_66_6_v2,1,-1,12.5,0.0,,,True,True,0,69.57436,"{""full_saturated"": ""Full saturation:\n There are 17 pixels saturated before the third resultant. These pixels cannot be recovered."", ""partial_saturated"": ""Partial saturation:\n There are 27 pixels saturated at the end of a ramp. Partial ramps may still be used in some cases.""}"
wfi07,gbtds_mid_5stripe,medium,f146,im_66_6_v2,1,-1,13.0,0.0,,,True,True,0,69.57436,"{""full_saturated"": ""Full saturation:\n There are 14 pixels saturated before the third resultant. These pixels cannot be recovered."", ""partial_saturated"": ""Partial saturation:\n There are 19 pixels saturated at the end of a ramp. Partial ramps may still be used in some cases.""}"
wfi07,gbtds_mid_5stripe,medium,f146,im_66_6_v2,1,-1,13.5,0.0,,,True,True,0,69.57436,"{""full_saturated"": ""Full saturation:\n There are 9 pixels saturated before the third resultant. These pixels cannot be recovered."", ""partial_saturated"": ""Partial saturation:\n There are 17 pixels saturated at the end of a ramp. Partial ramps may still be used in some cases.""}"
wfi07,gbtds_mid_5stripe,medium,f146,im_66_6_v2,1,-1,14.0,0.0,,,True,True,0,69.57436,"{""full_saturated"": ""Full saturation:\n There are 7 pixels saturated before the third resultant. These pixels cannot be recovered."", ""partial_saturated"": ""Partial saturation:\n There are 14 pixels saturated at the end of a ramp. Partial ramps may still be used in some cases.""}"
wfi07,gbtds_mid_5stripe,medium,f146,im_66_6_v2,1,-1,14.5,0.0,,,True,True,0,69.57436,"{""full_saturated"": ""Full saturation:\n There are 5 pixels saturated before the third resultant. These pixels cannot be recovered."", ""partial_saturated"": ""Partial saturation:\n There are 11 pixels saturated at the end of a ramp. Partial ramps may still be used in some cases.""}"
wfi07,gbtds_mid_5stripe,medium,f146,im_66_6_v2,1,-1,15.0,0.0,,,True,True,1,69.57436,"{""full_saturated"": ""Full saturation:\n There are 1 pixels saturated before the third resultant. These pixels cannot be recovered."", ""partial_saturated"": ""Partial saturation:\n There are 11 pixels saturated at the end of a ramp. Partial ramps may still be used in some cases.""}"
wfi07,gbtds_mid_5stripe,medium,f146,im_66_6_v2,1,-1,15.5,0.0,,,True,True,1,69.57436,"{""full_saturated"": ""Full saturation:\n There are 1 pixels saturated before the third resultant. These pixels cannot be recovered."", ""partial_saturated"": ""Partial saturation:\n There are 8 pixels saturated at the end of a ramp. Partial ramps may still be used in some cases.""}"
wfi07,gbtds_mid_5stripe,medium,f146,im_66_6_v2,1,-1,15.55,0.0,,,True,True,1,69.57436,"{""full_saturated"": ""Full saturation:\n There are 1 pixels saturated before the third resultant. These pixels cannot be recovered."", ""partial_saturated"": ""Partial saturation:\n There are 7 pixels saturated at the end of a ramp. Partial ramps may still be used in some cases.""}"
wfi07,gbtds_mid_5stripe,medium,f146,im_66_6_v2,1,-1,15.6,0.0,,,True,True,2,69.57436,"{""full_saturated"": ""Full saturation:\n There are 1 pixels saturated before the third resultant. These pixels cannot be recovered."", ""partial_saturated"": ""Partial saturation:\n There are 7 pixels saturated at the end of a ramp. Partial ramps may still be used in some cases.""}"
wfi07,gbtds_mid_5stripe,medium,f146,im_66_6_v2,1,-1,15.65,0.0,,,True,True,2,69.57436,"{""full_saturated"": ""Full saturation:\n There are 1 pixels saturated before the third resultant. These pixels cannot be recovered."", ""partial_saturated"": ""Partial saturation:\n There are 6 pixels saturated at the end of a ramp. Partial ramps may still be used in some cases.""}"
wfi07,gbtds_mid_5stripe,medium,f146,im_66_6_v2,1,-1,15.7,0.0,,,True,True,2,69.57436,"{""full_saturated"": ""Full saturation:\n There are 1 pixels saturated before the third resultant. These pixels cannot be recovered."", ""partial_saturated"": ""Partial saturation:\n There are 6 pixels saturated at the end of a ramp. Partial ramps may still be used in some cases.""}"
wfi07,gbtds_mid_5stripe,medium,f146,im_66_6_v2,1,-1,15.75,0.0,,,True,True,2,69.57436,"{""full_saturated"": ""Full saturation:\n There are 1 pixels saturated before the third resultant. These pixels cannot be recovered."", ""partial_saturated"": ""Partial saturation:\n There are 6 pixels saturated at the end of a ramp. Partial ramps may still be used in some cases.""}"
wfi07,gbtds_mid_5stripe,medium,f146,im_66_6_v2,1,-1,15.8,0.0,,,True,True,2,69.57436,"{""full_saturated"": ""Full saturation:\n There are 1 pixels saturated before the third resultant. These pixels cannot be recovered."", ""partial_saturated"": ""Partial saturation:\n There are 6 pixels saturated at the end of a ramp. Partial ramps may still be used in some cases.""}"
wfi07,gbtds_mid_5stripe,medium,f146,im_66_6_v2,1,-1,15.85,0.0,,,True,True,2,69.57436,"{""full_saturated"": ""Full saturation:\n There are 1 pixels saturated before the third resultant. These pixels cannot be recovered."", ""partial_saturated"": ""Partial saturation:\n There are 6 pixels saturated at the end of a ramp. Partial ramps may still be used in some cases.""}"
wfi07,gbtds_mid_5stripe,medium,f146,im_66_6_v2,1,-1,15.9,0.0,,,True,True,2,69.57436,"{""full_saturated"": ""Full saturation:\n There are 1 pixels saturated before the third resultant. These pixels cannot be recovered."", ""partial_saturated"": ""Partial saturation:\n There are 5 pixels saturated at the end of a ramp. Partial ramps may still be used in some cases.""}"
wfi07,gbtds_mid_5stripe,medium,f146,im_66_6_v2,1,-1,15.95,0.0,,,True,True,2,69.57436,"{""full_saturated"": ""Full saturation:\n There are 1 pixels saturated before the third resultant. These pixels cannot be recovered."", ""partial_saturated"": ""Partial saturation:\n There are 5 pixels saturated at the end of a ramp. Partial ramps may still be used in some cases.""}"
wfi07,gbtds_mid_5stripe,medium,f146,im_66_6_v2,1,-1,16.0,0.0,,,True,True,2,69.57436,"{""full_saturated"": ""Full saturation:\n There are 1 pixels saturated before the third resultant. These pixels cannot be recovered."", ""partial_saturated"": ""Partial saturation:\n There are 5 pixels saturated at the end of a ramp. Partial ramps may still be used in some cases.""}"
wfi07,gbtds_mid_5stripe,medium,f146,im_66_6_v2,1,-1,16.05,0.0,,,True,True,2,69.57436,"{""full_saturated"": ""Full saturation:\n There are 1 pixels saturated before the third resultant. These pixels cannot be recovered."", ""partial_saturated"": ""Partial saturation:\n There are 5 pixels saturated at the end of a ramp. Partial ramps may still be used in some cases.""}"
wfi07,gbtds_mid_5stripe,medium,f146,im_66_6_v2,1,-1,16.1,0.0,,,True,True,2,69.57436,"{""full_saturated"": ""Full saturation:\n There are 1 pixels saturated before the third resultant. These pixels cannot be recovered."", ""partial_saturated"": ""Partial saturation:\n There are 4 pixels saturated at the end of a ramp. Partial ramps may still be used in some cases.""}"
wfi07,gbtds_mid_5stripe,medium,f146,im_66_6_v2,1,-1,16.15,0.0,,,True,True,2,69.57436,"{""full_saturated"": ""Full saturation:\n There are 1 pixels saturated before the third resultant. These pixels cannot be recovered."", ""partial_saturated"": ""Partial saturation:\n There are 4 pixels saturated at the end of a ramp. Partial ramps may still be used in some cases.""}"
wfi07,gbtds_mid_5stripe,medium,f146,im_66_6_v2,1,-1,16.2,0.0,,,True,True,2,69.57436,"{""full_saturated"": ""Full saturation:\n There are 1 pixels saturated before the third resultant. These pixels cannot be recovered."", ""partial_saturated"": ""Partial saturation:\n There are 4 pixels saturated at the end of a ramp. Partial ramps may still be used in some cases.""}"
wfi07,gbtds_mid_5stripe,medium,f146,im_66_6_v2,1,-1,16.25,0.0,,,True,True,2,69.57436,"{""full_saturated"": ""Full saturation:\n There are 1 pixels saturated before the third resultant. These pixels cannot be recovered."", ""partial_saturated"": ""Partial saturation:\n There are 4 pixels saturated at the end of a ramp. Partial ramps may still be used in some cases.""}"
wfi07,gbtds_mid_5stripe,medium,f146,im_66_6_v2,1,-1,16.3,0.0,,,True,True,2,69.57436,"{""full_saturated"": ""Full saturation:\n There are 1 pixels saturated before the third resultant. These pixels cannot be recovered."", ""partial_saturated"": ""Partial saturation:\n There are 4 pixels saturated at the end of a ramp. Partial ramps may still be used in some cases.""}"
wfi07,gbtds_mid_5stripe,medium,f146,im_66_6_v2,1,-1,16.35,467.1294765514842,0.0021407341009228435,0.0023242725181322746,True,False,3,69.57436,"{""partial_saturated"": ""Partial saturation:\n There are 5 pixels saturated at the end of a ramp. Partial ramps may still be used in some cases.""}"
wfi07,gbtds_mid_5stripe,medium,f146,im_66_6_v2,1,-1,16.4,457.06707597288477,0.00218786268486187,0.002375441727993858,True,False,3,69.57436,"{""partial_saturated"": ""Partial saturation:\n There are 5 pixels saturated at the end of a ramp. Partial ramps may still be used in some cases.""}"
wfi07,gbtds_mid_5stripe,medium,f146,im_66_6_v2,1,-1,16.45,447.4126127278752,0.0022350733339925283,0.0024267000390051467,True,False,3,69.57436,"{""partial_saturated"": ""Partial saturation:\n There are 5 pixels saturated at the end of a ramp. Partial ramps may still be used in some cases.""}"
wfi07,gbtds_mid_5stripe,medium,f146,im_66_6_v2,1,-1,16.5,437.9339708240692,0.0022834492563303,0.0024792235293258,True,False,3,69.57436,"{""partial_saturated"": ""Partial saturation:\n There are 5 pixels saturated at the end of a ramp. Partial ramps may still be used in some cases.""}"
wfi07,gbtds_mid_5stripe,medium,f146,im_66_6_v2,1,-1,16.55,428.83884394202096,0.0023318783130923653,0.0025318047096146937,True,False,3,69.57436,"{""partial_saturated"": ""Partial saturation:\n There are 5 pixels saturated at the end of a ramp. Partial ramps may still be used in some cases.""}"
wfi07,gbtds_mid_5stripe,medium,f146,im_66_6_v2,1,-1,16.6,433.5383786431166,0.0023066008668708605,0.0025043600710881794,True,False,3,69.57436,"{""partial_saturated"": ""Partial saturation:\n There are 5 pixels saturated at the end of a ramp. Partial ramps may still be used in some cases.""}"
wfi07,gbtds_mid_5stripe,medium,f146,im_66_6_v2,1,-1,16.65,424.5694283397403,0.002355327381696923,0.0025572642123665194,True,False,3,69.57436,"{""partial_saturated"": ""Partial saturation:\n There are 5 pixels saturated at the end of a ramp. Partial ramps may still be used in some cases.""}"
wfi07,gbtds_mid_5stripe,medium,f146,im_66_6_v2,1,-1,16.7,421.08795358711507,0.0023748007785103237,0.00257840718431645,True,False,3,69.57436,"{""partial_saturated"": ""Partial saturation:\n There are 5 pixels saturated at the end of a ramp. Partial ramps may still be used in some cases.""}"
wfi07,gbtds_mid_5stripe,medium,f146,im_66_6_v2,1,-1,16.75,430.72855659714827,0.0023216477864858166,0.0025206970564842224,True,False,3,69.57436,"{""partial_saturated"": ""Partial saturation:\n There are 4 pixels saturated at the end of a ramp. Partial ramps may still be used in some cases.""}"
wfi07,gbtds_mid_5stripe,medium,f146,im_66_6_v2,1,-1,16.8,437.92537479451283,0.0022834940781160003,0.0024792721939613294,True,False,3,69.57436,"{""partial_saturated"": ""Partial saturation:\n There are 1 pixels saturated at the end of a ramp. Partial ramps may still be used in some cases.""}"
wfi07,gbtds_mid_5stripe,medium,f146,im_66_6_v2,1,-1,16.85,428.0511428921802,0.0023361694428459573,0.0025364637445474836,True,False,3,69.57436,"{""partial_saturated"": ""Partial saturation:\n There are 1 pixels saturated at the end of a ramp. Partial ramps may still be used in some cases.""}"
wfi07,gbtds_mid_5stripe,medium,f146,im_66_6_v2,1,-1,16.9,418.38888431407787,0.0023901208600210226,0.0025950407514724614,True,False,3,69.57436,"{""partial_saturated"": ""Partial saturation:\n There are 1 pixels saturated at the end of a ramp. Partial ramps may still be used in some cases.""}"
wfi07,gbtds_mid_5stripe,medium,f146,im_66_6_v2,1,-1,16.95,424.02063564461895,0.002358375786309896,0.0025605739756215753,True,False,3,69.57436,"{""partial_saturated"": ""Partial saturation:\n There are 1 pixels saturated at the end of a ramp. Partial ramps may still be used in some cases.""}"
wfi07,gbtds_mid_5stripe,medium,f146,im_66_6_v2,1,-1,17.0,414.4407879879399,0.0024128899205478,0.0026197619448347,True,False,3,69.57436,"{""partial_saturated"": ""Partial saturation:\n There are 1 pixels saturated at the end of a ramp. Partial ramps may still be used in some cases.""}"
wfi07,gbtds_mid_5stripe,medium,f146,im_66_6_v2,1,-1,17.05,405.06697782936885,0.0024687275308362504,0.0026803868599120585,True,False,3,69.57436,"{""partial_saturated"": ""Partial saturation:\n There are 1 pixels saturated at the end of a ramp. Partial ramps may still be used in some cases.""}"
wfi07,gbtds_mid_5stripe,medium,f146,im_66_6_v2,1,-1,17.1,410.89264892939747,0.0024337257008747977,0.002642384105890121,True,False,3,69.57436,"{""partial_saturated"": ""Partial saturation:\n There are 1 pixels saturated at the end of a ramp. Partial ramps may still be used in some cases.""}"
wfi07,gbtds_mid_5stripe,medium,f146,im_66_6_v2,1,-1,17.15,401.5894896906552,0.0024901050093972853,0.0027035971623522144,True,False,3,69.57436,"{""partial_saturated"": ""Partial saturation:\n There are 1 pixels saturated at the end of a ramp. Partial ramps may still be used in some cases.""}"
wfi07,gbtds_mid_5stripe,medium,f146,im_66_6_v2,1,-1,17.2,392.486856790721,0.002547856017846765,0.0027662995230871078,True,False,3,69.57436,"{""partial_saturated"": ""Partial saturation:\n There are 1 pixels saturated at the end of a ramp. Partial ramps may still be used in some cases.""}"
wfi07,gbtds_mid_5stripe,medium,f146,im_66_6_v2,1,-1,17.25,398.72197671856776,0.0025080132483036813,0.0027230407856963473,True,False,3,69.57436,"{""partial_saturated"": ""Partial saturation:\n There are 1 pixels saturated at the end of a ramp. Partial ramps may still be used in some cases.""}"
wfi07,gbtds_mid_5stripe,medium,f146,im_66_6_v2,1,-1,17.3,389.6733849267585,0.002566251734610913,0.002786272418790419,True,False,3,69.57436,"{""partial_saturated"": ""Partial saturation:\n There are 1 pixels saturated at the end of a ramp. Partial ramps may still be used in some cases.""}"
wfi07,gbtds_mid_5stripe,medium,f146,im_66_6_v2,1,-1,17.35,526.3725279809744,0.0018997951960671945,0.002062676425995722,True,False,4,69.57436,"{""partial_saturated"": ""Partial saturation:\n There are 1 pixels saturated at the end of a ramp. Partial ramps may still be used in some cases.""}"
wfi07,gbtds_mid_5stripe,medium,f146,im_66_6_v2,1,-1,17.4,514.5945921028117,0.001943277320334156,0.0021098865425721544,True,False,4,69.57436,"{""partial_saturated"": ""Partial saturation:\n There are 1 pixels saturated at the end of a ramp. Partial ramps may still be used in some cases.""}"
wfi07,gbtds_mid_5stripe,medium,f146,im_66_6_v2,1,-1,17.45,506.57935224732086,0.0019740243963038244,0.002143269756142872,True,False,4,69.57436,"{""partial_saturated"": ""Partial saturation:\n There are 1 pixels saturated at the end of a ramp. Partial ramps may still be used in some cases.""}"
wfi07,gbtds_mid_5stripe,medium,f146,im_66_6_v2,1,-1,17.5,495.2175835800812,0.0020193144047323,0.0021924427580075,True,False,4,69.57436,"{""partial_saturated"": ""Partial saturation:\n There are 1 pixels saturated at the end of a ramp. Partial ramps may still be used in some cases.""}"
wfi07,gbtds_mid_5stripe,medium,f146,im_66_6_v2,1,-1,17.55,487.23129422193074,0.0020524133237314317,0.0022283794527031826,True,False,4,69.57436,"{""partial_saturated"": ""Partial saturation:\n There are 1 pixels saturated at the end of a ramp. Partial ramps may still be used in some cases.""}"
wfi07,gbtds_mid_5stripe,medium,f146,im_66_6_v2,1,-1,17.6,476.2776804900848,0.002099615499451938,0.0022796285638262918,True,False,4,69.57436,"{""partial_saturated"": ""Partial saturation:\n There are 1 pixels saturated at the end of a ramp. Partial ramps may still be used in some cases.""}"
wfi07,gbtds_mid_5stripe,medium,f146,im_66_6_v2,1,-1,17.65,468.432084242056,0.0021347811852342365,0.002317809222045281,True,False,4,69.57436,"{""partial_saturated"": ""Partial saturation:\n There are 1 pixels saturated at the end of a ramp. Partial ramps may still be used in some cases.""}"
wfi07,gbtds_mid_5stripe,medium,f146,im_66_6_v2,1,-1,17.7,460.6178957574035,0.0021709968483870547,0.002357129878709621,True,False,4,69.57436,"{""partial_saturated"": ""Partial saturation:\n There are 1 pixels saturated at the end of a ramp. Partial ramps may still be used in some cases.""}"
wfi07,gbtds_mid_5stripe,medium,f146,im_66_6_v2,1,-1,17.75,450.2282535286519,0.0022210956157516252,0.00241152392425109,True,False,4,69.57436,"{""partial_saturated"": ""Partial saturation:\n There are 1 pixels saturated at the end of a ramp. Partial ramps may still be used in some cases.""}"
wfi07,gbtds_mid_5stripe,medium,f146,im_66_6_v2,1,-1,17.8,442.6456900863166,0.0022591431982654083,0.0024528335620898263,True,False,4,69.57436,"{""partial_saturated"": ""Partial saturation:\n There are 1 pixels saturated at the end of a ramp. Partial ramps may still be used in some cases.""}"
wfi07,gbtds_mid_5stripe,medium,f146,im_66_6_v2,1,-1,17.85,435.15035735015584,0.0022980562536808907,0.0024950828751921753,True,False,4,69.57436,"{""partial_saturated"": ""Partial saturation:\n There are 1 pixels saturated at the end of a ramp. Partial ramps may still be used in some cases.""}"
wfi07,gbtds_mid_5stripe,medium,f146,im_66_6_v2,1,-1,17.9,425.3018243903517,0.002351271362245973,0.0025528604452014197,True,False,4,69.57436,"{""partial_saturated"": ""Partial saturation:\n There are 1 pixels saturated at the end of a ramp. Partial ramps may still be used in some cases.""}"
wfi07,gbtds_mid_5stripe,medium,f146,im_66_6_v2,1,-1,17.95,418.06338063675645,0.0023919818054307703,0.0025970612472789026,True,False,4,69.57436,"{""partial_saturated"": ""Partial saturation:\n There are 1 pixels saturated at the end of a ramp. Partial ramps may still be used in some cases.""}"
wfi07,gbtds_mid_5stripe,medium,f146,im_66_6_v2,1,-1,18.0,410.9308361943599,0.0024334995379296,0.0026421385525923,True,False,4,69.57436,"{""partial_saturated"": ""Partial saturation:\n There are 1 pixels saturated at the end of a ramp. Partial ramps may still be used in some cases.""}"
wfi07,gbtds_mid_5stripe,medium,f146,im_66_6_v2,1,-1,18.05,403.9071162138911,0.0024758167406747173,0.0026880838716968093,True,False,4,69.57436,"{""partial_saturated"": ""Partial saturation:\n There are 1 pixels saturated at the end of a ramp. Partial ramps may still be used in some cases.""}"
wfi07,gbtds_mid_5stripe,medium,f146,im_66_6_v2,1,-1,18.1,397.00201432258245,0.002518878907217468,0.0027348380249675977,True,False,4,69.57436,"{""partial_saturated"": ""Partial saturation:\n There are 1 pixels saturated at the end of a ramp. Partial ramps may still be used in some cases.""}"
wfi07,gbtds_mid_5stripe,medium,f146,im_66_6_v2,1,-1,18.15,476.2894595616324,0.0020995635740509158,0.002279572186538455,True,False,5,69.57436,"{""partial_saturated"": ""Partial saturation:\n There are 1 pixels saturated at the end of a ramp. Partial ramps may still be used in some cases.""}"
wfi07,gbtds_mid_5stripe,medium,f146,im_66_6_v2,1,-1,18.2,474.31932774168155,0.0021082843171522808,0.002289040613056002,False,False,6,69.57436,{}
wfi07,gbtds_mid_5stripe,medium,f146,im_66_6_v2,1,-1,18.25,463.5220291205322,0.0021573947669701033,0.002342361606455169,False,False,6,69.57436,{}
wfi07,gbtds_mid_5stripe,medium,f146,im_66_6_v2,1,-1,18.3,452.95010992569036,0.002207748663896024,0.0023970326553982998,False,False,6,69.57436,{}
wfi07,gbtds_mid_5stripe,medium,f146,im_66_6_v2,1,-1,18.35,442.6067465463878,0.002259341972988191,0.0024530493790029424,False,False,6,69.57436,{}
wfi07,gbtds_mid_5stripe,medium,f146,im_66_6_v2,1,-1,18.4,432.4757391071194,0.0023122684339810127,0.002510513553892568,False,False,6,69.57436,{}
wfi07,gbtds_mid_5stripe,medium,f146,im_66_6_v2,1,-1,18.45,422.5562345444787,0.002366548918815536,0.0025694478414892345,False,False,6,69.57436,{}
wfi07,gbtds_mid_5stripe,medium,f146,im_66_6_v2,1,-1,18.5,412.8506944354726,0.0024221831608334,0.0026298519522723,False,False,6,69.57436,{}
wfi07,gbtds_mid_5stripe,medium,f146,im_66_6_v2,1,-1,18.55,403.35208927266535,0.0024792235533060585,0.002691782771513484,False,False,6,69.57436,{}
wfi07,gbtds_mid_5stripe,medium,f146,im_66_6_v2,1,-1,18.6,394.0481389072624,0.0025377610024326135,0.002755338999364372,False,False,6,69.57436,{}
wfi07,gbtds_mid_5stripe,medium,f146,im_66_6_v2,1,-1,18.65,384.949354516686,0.0025977443221213508,0.0028204650612320145,False,False,6,69.57436,{}
wfi07,gbtds_mid_5stripe,medium,f146,im_66_6_v2,1,-1,18.7,376.0456179399439,0.002659251836195321,0.002887245996126795,False,False,6,69.57436,{}
wfi07,gbtds_mid_5stripe,medium,f146,im_66_6_v2,1,-1,18.75,367.3286168625532,0.0027223580034173582,0.002955762646623281,False,False,6,69.57436,{}
wfi07,gbtds_mid_5stripe,medium,f146,im_66_6_v2,1,-1,19.0,326.45312413093325,0.0030632269262613,0.0033258563772318,False,False,6,69.57436,{}
wfi07,gbtds_mid_5stripe,medium,f146,im_66_6_v2,1,-1,19.5,256.79626432925664,0.0038941376449223,0.0042280062274038,False,False,6,69.57436,{}
wfi07,gbtds_mid_5stripe,medium,f146,im_66_6_v2,1,-1,20.0,200.74651654038183,0.0049814064883105,0.0054084933749758,False,False,6,69.57436,{}
wfi07,gbtds_mid_5stripe,medium,f146,im_66_6_v2,1,-1,20.5,155.49800869806114,0.0064309505206703,0.0069823158112999,False,False,6,69.57436,{}
wfi07,gbtds_mid_5stripe,medium,f146,im_66_6_v2,1,-1,21.0,119.04300532344912,0.0084003255569944,0.0091205375889839,False,False,6,69.57436,{}
wfi07,gbtds_mid_5stripe,medium,f146,im_66_6_v2,1,-1,21.2,106.50668446737134,0.0093890820562192,0.0101940663178821,False,False,6,69.57436,{}
wfi07,gbtds_mid_5stripe,medium,f146,im_66_6_v2,1,-1,21.5,89.63049754878294,0.0111569167565507,0.0121134684560598,False,False,6,69.57436,{}
wfi07,gbtds_mid_5stripe,medium,f146,im_66_6_v2,1,-1,22.0,66.083349541719,0.0151324048634776,0.0164297998253356,False,False,6,69.57436,{}
wfi07,gbtds_mid_5stripe,medium,f146,im_66_6_v2,1,-1,22.5,47.65780849114327,0.0209829203578641,0.0227819163140894,False,False,6,69.57436,{}
wfi07,gbtds_mid_5stripe,medium,f146,im_66_6_v2,1,-1,23.0,33.51460760822584,0.0298377355835298,0.0323959097910382,False,False,6,69.57436,{}
wfi07,gbtds_mid_5stripe,medium,f146,im_66_6_v2,1,-1,23.5,23.053093757911714,0.043378125751855,0.04709720162334,False,False,6,69.57436,{}
wfi07,gbtds_mid_5stripe,medium,f146,im_66_6_v2,1,-1,24.0,15.477329475806046,0.0646106294734622,0.0701500996315506,False,False,6,69.57436,{}
wfi07,gbtds_mid_5stripe,medium,f146,im_66_6_v2,1,-1,24.5,10.186497969696005,0.0981691650040002,0.1065858166357177,False,False,6,69.57436,{}
wfi07,gbtds_mid_5stripe,medium,f146,im_66_6_v2,1,-1,25.0,6.629360749274547,0.1508441066673631,0.1637769078831532,False,False,6,69.57436,{}
wfi07,gbtds_mid_5stripe,medium,f146,im_66_6_v2,1,-1,25.5,4.263857257560655,0.234529427134739,0.2546370901213698,False,False,6,69.57436,{}
wfi07,gbtds_mid_5stripe,medium,f146,im_66_6_v2,1,-1,26.0,2.724133404168994,0.3670892176093899,0.3985620539348501,False,False,6,69.57436,{}
wfi07,gbtds_mid_5stripe,medium,f146,im_66_6_v2,1,-1,26.5,1.732698026116742,0.5771346102593321,0.6266159413775294,False,False,6,69.57436,{}
wfi07,gbtds_mid_5stripe,medium,f146,im_66_6_v2,1,-1,27.0,1.098897005513371,0.910003389747004,0.9880236267009452,False,False,6,69.57436,{}
wfi07,gbtds_mid_5stripe,medium,f146,im_66_6_v2,1,-1,27.5,0.695630396160805,1.4375450030921817,1.5607946558263186,False,False,6,69.57436,{}
wfi07,gbtds_mid_5stripe,medium,f146,im_66_6_v2,1,-1,28.0,0.4398253442727762,2.2736297783235697,2.4685621665421,False,False,6,69.57436,{}
wfi07,gbtds_mid_5stripe,medium,f146,im_66_6_v2,1,-1,28.5,0.2778760812575132,3.5987264376068424,3.907267584329996,False,False,6,69.57436,{}
wfi07,gbtds_mid_5stripe,medium,f146,im_66_6_v2,1,-1,29.0,0.1754737515056289,5.698858042411668,6.187456502423387,False,False,6,69.57436,{}
wfi07,gbtds_mid_5stripe,medium,f146,im_66_6_v2,1,-1,29.5,0.1107746090404409,9.027339465805976,9.801309290667458,False,False,6,69.57436,{}
wfi07,gbtds_mid_5stripe,medium,f146,im_66_6_v2,1,-1,30.0,0.0699172397707476,14.302624120730597,15.528876830924116,False,False,6,69.57436,{}
wfi08,gbtds_mid_5stripe,medium,f146,im_66_6_v2,1,-1,12.0,0.0,,,True,True,0,69.57436,"{""full_saturated"": ""Full saturation:\n There are 22 pixels saturated before the third resultant. These pixels cannot be recovered."", ""partial_saturated"": ""Partial saturation:\n There are 38 pixels saturated at the end of a ramp. Partial ramps may still be used in some cases.""}"
wfi08,gbtds_mid_5stripe,medium,f146,im_66_6_v2,1,-1,12.5,0.0,,,True,True,0,69.57436,"{""full_saturated"": ""Full saturation:\n There are 19 pixels saturated before the third resultant. These pixels cannot be recovered."", ""partial_saturated"": ""Partial saturation:\n There are 22 pixels saturated at the end of a ramp. Partial ramps may still be used in some cases.""}"
wfi08,gbtds_mid_5stripe,medium,f146,im_66_6_v2,1,-1,13.0,0.0,,,True,True,0,69.57436,"{""full_saturated"": ""Full saturation:\n There are 11 pixels saturated before the third resultant. These pixels cannot be recovered."", ""partial_saturated"": ""Partial saturation:\n There are 24 pixels saturated at the end of a ramp. Partial ramps may still be used in some cases.""}"
wfi08,gbtds_mid_5stripe,medium,f146,im_66_6_v2,1,-1,13.5,0.0,,,True,True,0,69.57436,"{""full_saturated"": ""Full saturation:\n There are 9 pixels saturated before the third resultant. These pixels cannot be recovered."", ""partial_saturated"": ""Partial saturation:\n There are 16 pixels saturated at the end of a ramp. Partial ramps may still be used in some cases.""}"
wfi08,gbtds_mid_5stripe,medium,f146,im_66_6_v2,1,-1,14.0,0.0,,,True,True,0,69.57436,"{""full_saturated"": ""Full saturation:\n There are 7 pixels saturated before the third resultant. These pixels cannot be recovered."", ""partial_saturated"": ""Partial saturation:\n There are 15 pixels saturated at the end of a ramp. Partial ramps may still be used in some cases.""}"
wfi08,gbtds_mid_5stripe,medium,f146,im_66_6_v2,1,-1,14.5,0.0,,,True,True,0,69.57436,"{""full_saturated"": ""Full saturation:\n There are 5 pixels saturated before the third resultant. These pixels cannot be recovered."", ""partial_saturated"": ""Partial saturation:\n There are 12 pixels saturated at the end of a ramp. Partial ramps may still be used in some cases.""}"
wfi08,gbtds_mid_5stripe,medium,f146,im_66_6_v2,1,-1,15.0,0.0,,,True,True,1,69.57436,"{""full_saturated"": ""Full saturation:\n There are 1 pixels saturated before the third resultant. These pixels cannot be recovered."", ""partial_saturated"": ""Partial saturation:\n There are 10 pixels saturated at the end of a ramp. Partial ramps may still be used in some cases.""}"
wfi08,gbtds_mid_5stripe,medium,f146,im_66_6_v2,1,-1,15.5,0.0,,,True,True,1,69.57436,"{""full_saturated"": ""Full saturation:\n There are 1 pixels saturated before the third resultant. These pixels cannot be recovered."", ""partial_saturated"": ""Partial saturation:\n There are 8 pixels saturated at the end of a ramp. Partial ramps may still be used in some cases.""}"
wfi08,gbtds_mid_5stripe,medium,f146,im_66_6_v2,1,-1,15.55,0.0,,,True,True,1,69.57436,"{""full_saturated"": ""Full saturation:\n There are 1 pixels saturated before the third resultant. These pixels cannot be recovered."", ""partial_saturated"": ""Partial saturation:\n There are 8 pixels saturated at the end of a ramp. Partial ramps may still be used in some cases.""}"
wfi08,gbtds_mid_5stripe,medium,f146,im_66_6_v2,1,-1,15.6,0.0,,,True,True,2,69.57436,"{""full_saturated"": ""Full saturation:\n There are 1 pixels saturated before the third resultant. These pixels cannot be recovered."", ""partial_saturated"": ""Partial saturation:\n There are 7 pixels saturated at the end of a ramp. Partial ramps may still be used in some cases.""}"
wfi08,gbtds_mid_5stripe,medium,f146,im_66_6_v2,1,-1,15.65,0.0,,,True,True,2,69.57436,"{""full_saturated"": ""Full saturation:\n There are 1 pixels saturated before the third resultant. These pixels cannot be recovered."", ""partial_saturated"": ""Partial saturation:\n There are 6 pixels saturated at the end of a ramp. Partial ramps may still be used in some cases.""}"
wfi08,gbtds_mid_5stripe,medium,f146,im_66_6_v2,1,-1,15.7,0.0,,,True,True,2,69.57436,"{""full_saturated"": ""Full saturation:\n There are 1 pixels saturated before the third resultant. These pixels cannot be recovered."", ""partial_saturated"": ""Partial saturation:\n There are 6 pixels saturated at the end of a ramp. Partial ramps may still be used in some cases.""}"
wfi08,gbtds_mid_5stripe,medium,f146,im_66_6_v2,1,-1,15.75,0.0,,,True,True,2,69.57436,"{""full_saturated"": ""Full saturation:\n There are 1 pixels saturated before the third resultant. These pixels cannot be recovered."", ""partial_saturated"": ""Partial saturation:\n There are 6 pixels saturated at the end of a ramp. Partial ramps may still be used in some cases.""}"
wfi08,gbtds_mid_5stripe,medium,f146,im_66_6_v2,1,-1,15.8,0.0,,,True,True,2,69.57436,"{""full_saturated"": ""Full saturation:\n There are 1 pixels saturated before the third resultant. These pixels cannot be recovered."", ""partial_saturated"": ""Partial saturation:\n There are 6 pixels saturated at the end of a ramp. Partial ramps may still be used in some cases.""}"
wfi08,gbtds_mid_5stripe,medium,f146,im_66_6_v2,1,-1,15.85,0.0,,,True,True,2,69.57436,"{""full_saturated"": ""Full saturation:\n There are 1 pixels saturated before the third resultant. These pixels cannot be recovered."", ""partial_saturated"": ""Partial saturation:\n There are 6 pixels saturated at the end of a ramp. Partial ramps may still be used in some cases.""}"
wfi08,gbtds_mid_5stripe,medium,f146,im_66_6_v2,1,-1,15.9,0.0,,,True,True,2,69.57436,"{""full_saturated"": ""Full saturation:\n There are 1 pixels saturated before the third resultant. These pixels cannot be recovered."", ""partial_saturated"": ""Partial saturation:\n There are 6 pixels saturated at the end of a ramp. Partial ramps may still be used in some cases.""}"
wfi08,gbtds_mid_5stripe,medium,f146,im_66_6_v2,1,-1,15.95,0.0,,,True,True,2,69.57436,"{""full_saturated"": ""Full saturation:\n There are 1 pixels saturated before the third resultant. These pixels cannot be recovered."", ""partial_saturated"": ""Partial saturation:\n There are 5 pixels saturated at the end of a ramp. Partial ramps may still be used in some cases.""}"
wfi08,gbtds_mid_5stripe,medium,f146,im_66_6_v2,1,-1,16.0,0.0,,,True,True,2,69.57436,"{""full_saturated"": ""Full saturation:\n There are 1 pixels saturated before the third resultant. These pixels cannot be recovered."", ""partial_saturated"": ""Partial saturation:\n There are 5 pixels saturated at the end of a ramp. Partial ramps may still be used in some cases.""}"
wfi08,gbtds_mid_5stripe,medium,f146,im_66_6_v2,1,-1,16.05,0.0,,,True,True,2,69.57436,"{""full_saturated"": ""Full saturation:\n There are 1 pixels saturated before the third resultant. These pixels cannot be recovered."", ""partial_saturated"": ""Partial saturation:\n There are 4 pixels saturated at the end of a ramp. Partial ramps may still be used in some cases.""}"
wfi08,gbtds_mid_5stripe,medium,f146,im_66_6_v2,1,-1,16.1,0.0,,,True,True,2,69.57436,"{""full_saturated"": ""Full saturation:\n There are 1 pixels saturated before the third resultant. These pixels cannot be recovered."", ""partial_saturated"": ""Partial saturation:\n There are 4 pixels saturated at the end of a ramp. Partial ramps may still be used in some cases.""}"
wfi08,gbtds_mid_5stripe,medium,f146,im_66_6_v2,1,-1,16.15,0.0,,,True,True,2,69.57436,"{""full_saturated"": ""Full saturation:\n There are 1 pixels saturated before the third resultant. These pixels cannot be recovered."", ""partial_saturated"": ""Partial saturation:\n There are 4 pixels saturated at the end of a ramp. Partial ramps may still be used in some cases.""}"
wfi08,gbtds_mid_5stripe,medium,f146,im_66_6_v2,1,-1,16.2,0.0,,,True,True,2,69.57436,"{""full_saturated"": ""Full saturation:\n There are 1 pixels saturated before the third resultant. These pixels cannot be recovered."", ""partial_saturated"": ""Partial saturation:\n There are 4 pixels saturated at the end of a ramp. Partial ramps may still be used in some cases.""}"
wfi08,gbtds_mid_5stripe,medium,f146,im_66_6_v2,1,-1,16.25,0.0,,,True,True,2,69.57436,"{""full_saturated"": ""Full saturation:\n There are 1 pixels saturated before the third resultant. These pixels cannot be recovered."", ""partial_saturated"": ""Partial saturation:\n There are 4 pixels saturated at the end of a ramp. Partial ramps may still be used in some cases.""}"
wfi08,gbtds_mid_5stripe,medium,f146,im_66_6_v2,1,-1,16.3,0.0,,,True,True,2,69.57436,"{""full_saturated"": ""Full saturation:\n There are 1 pixels saturated before the third resultant. These pixels cannot be recovered."", ""partial_saturated"": ""Partial saturation:\n There are 4 pixels saturated at the end of a ramp. Partial ramps may still be used in some cases.""}"
wfi08,gbtds_mid_5stripe,medium,f146,im_66_6_v2,1,-1,16.35,466.9532862225232,0.0021415418404903508,0.002325149510224733,True,False,3,69.57436,"{""partial_saturated"": ""Partial saturation:\n There are 5 pixels saturated at the end of a ramp. Partial ramps may still be used in some cases.""}"
wfi08,gbtds_mid_5stripe,medium,f146,im_66_6_v2,1,-1,16.4,457.11359393750723,0.002187640037974263,0.002375199992207106,True,False,3,69.57436,"{""partial_saturated"": ""Partial saturation:\n There are 5 pixels saturated at the end of a ramp. Partial ramps may still be used in some cases.""}"
wfi08,gbtds_mid_5stripe,medium,f146,im_66_6_v2,1,-1,16.45,447.4504629051912,0.0022348842674275804,0.0024264947625904734,True,False,3,69.57436,"{""partial_saturated"": ""Partial saturation:\n There are 5 pixels saturated at the end of a ramp. Partial ramps may still be used in some cases.""}"
wfi08,gbtds_mid_5stripe,medium,f146,im_66_6_v2,1,-1,16.5,438.18301682661536,0.0022821514335314,0.0024778144361257,True,False,3,69.57436,"{""partial_saturated"": ""Partial saturation:\n There are 5 pixels saturated at the end of a ramp. Partial ramps may still be used in some cases.""}"
wfi08,gbtds_mid_5stripe,medium,f146,im_66_6_v2,1,-1,16.55,428.7152168921256,0.0023325507483715523,0.0025325347969426637,True,False,3,69.57436,"{""partial_saturated"": ""Partial saturation:\n There are 5 pixels saturated at the end of a ramp. Partial ramps may still be used in some cases.""}"
wfi08,gbtds_mid_5stripe,medium,f146,im_66_6_v2,1,-1,16.6,433.5936227099469,0.0023063069833685066,0.0025040409911296926,True,False,3,69.57436,"{""partial_saturated"": ""Partial saturation:\n There are 5 pixels saturated at the end of a ramp. Partial ramps may still be used in some cases.""}"
wfi08,gbtds_mid_5stripe,medium,f146,im_66_6_v2,1,-1,16.65,424.4335951475353,0.0023560811666013264,0.00255808262392783,True,False,3,69.57436,"{""partial_saturated"": ""Partial saturation:\n There are 5 pixels saturated at the end of a ramp. Partial ramps may still be used in some cases.""}"
wfi08,gbtds_mid_5stripe,medium,f146,im_66_6_v2,1,-1,16.7,421.01804994279513,0.002375195078063453,0.002578835289616802,True,False,3,69.57436,"{""partial_saturated"": ""Partial saturation:\n There are 5 pixels saturated at the end of a ramp. Partial ramps may still be used in some cases.""}"
wfi08,gbtds_mid_5stripe,medium,f146,im_66_6_v2,1,-1,16.75,424.1386441798689,0.002357719612966744,0.002559861544466318,True,False,3,69.57436,"{""partial_saturated"": ""Partial saturation:\n There are 4 pixels saturated at the end of a ramp. Partial ramps may still be used in some cases.""}"
wfi08,gbtds_mid_5stripe,medium,f146,im_66_6_v2,1,-1,16.8,437.5603150375165,0.0022853992138529744,0.002481340668805941,True,False,3,69.57436,"{""partial_saturated"": ""Partial saturation:\n There are 2 pixels saturated at the end of a ramp. Partial ramps may still be used in some cases.""}"
wfi08,gbtds_mid_5stripe,medium,f146,im_66_6_v2,1,-1,16.85,428.24544699077114,0.002335109472912973,0.002535312896815287,True,False,3,69.57436,"{""partial_saturated"": ""Partial saturation:\n There are 1 pixels saturated at the end of a ramp. Partial ramps may still be used in some cases.""}"
wfi08,gbtds_mid_5stripe,medium,f146,im_66_6_v2,1,-1,16.9,418.58693218447604,0.002388990011659725,0.002593812948464509,True,False,3,69.57436,"{""partial_saturated"": ""Partial saturation:\n There are 1 pixels saturated at the end of a ramp. Partial ramps may still be used in some cases.""}"
wfi08,gbtds_mid_5stripe,medium,f146,im_66_6_v2,1,-1,16.95,424.21803815332925,0.0023572783570286566,0.0025593824569187726,True,False,3,69.57436,"{""partial_saturated"": ""Partial saturation:\n There are 1 pixels saturated at the end of a ramp. Partial ramps may still be used in some cases.""}"
wfi08,gbtds_mid_5stripe,medium,f146,im_66_6_v2,1,-1,17.0,414.6423072742229,0.0024117172378617,0.0026184887207857,True,False,3,69.57436,"{""partial_saturated"": ""Partial saturation:\n There are 1 pixels saturated at the end of a ramp. Partial ramps may still be used in some cases.""}"
wfi08,gbtds_mid_5stripe,medium,f146,im_66_6_v2,1,-1,17.05,405.27273334192506,0.002467474166726901,0.002679026037120793,True,False,3,69.57436,"{""partial_saturated"": ""Partial saturation:\n There are 1 pixels saturated at the end of a ramp. Partial ramps may still be used in some cases.""}"
wfi08,gbtds_mid_5stripe,medium,f146,im_66_6_v2,1,-1,17.1,411.10082757832606,0.0024324932788160644,0.0026410460206414124,True,False,3,69.57436,"{""partial_saturated"": ""Partial saturation:\n There are 1 pixels saturated at the end of a ramp. Partial ramps may still be used in some cases.""}"
wfi08,gbtds_mid_5stripe,medium,f146,im_66_6_v2,1,-1,17.15,401.802420716287,0.0024887854040732643,0.002702164419075933,True,False,3,69.57436,"{""partial_saturated"": ""Partial saturation:\n There are 1 pixels saturated at the end of a ramp. Partial ramps may still be used in some cases.""}"
wfi08,gbtds_mid_5stripe,medium,f146,im_66_6_v2,1,-1,17.2,392.70466444642454,0.0025464428883462545,0.0027647652372263915,True,False,3,69.57436,"{""partial_saturated"": ""Partial saturation:\n There are 1 pixels saturated at the end of a ramp. Partial ramps may still be used in some cases.""}"
wfi08,gbtds_mid_5stripe,medium,f146,im_66_6_v2,1,-1,17.25,398.9456111029151,0.0025066073473911017,0.0027215143481752564,True,False,3,69.57436,"{""partial_saturated"": ""Partial saturation:\n There are 1 pixels saturated at the end of a ramp. Partial ramps may still be used in some cases.""}"
wfi08,gbtds_mid_5stripe,medium,f146,im_66_6_v2,1,-1,17.3,389.9024153397649,0.0025647443069276446,0.0027846357499786397,True,False,3,69.57436,"{""partial_saturated"": ""Partial saturation:\n There are 1 pixels saturated at the end of a ramp. Partial ramps may still be used in some cases.""}"
wfi08,gbtds_mid_5stripe,medium,f146,im_66_6_v2,1,-1,17.35,526.3693208450288,0.0018998067714026503,0.0020626889937565085,True,False,4,69.57436,"{""partial_saturated"": ""Partial saturation:\n There are 1 pixels saturated at the end of a ramp. Partial ramps may still be used in some cases.""}"
wfi08,gbtds_mid_5stripe,medium,f146,im_66_6_v2,1,-1,17.4,514.5962914954254,0.001943270902893574,0.002109879574924572,True,False,4,69.57436,"{""partial_saturated"": ""Partial saturation:\n There are 1 pixels saturated at the end of a ramp. Partial ramps may still be used in some cases.""}"
wfi08,gbtds_mid_5stripe,medium,f146,im_66_6_v2,1,-1,17.45,506.5750863468791,0.001974041019686559,0.0021432878047513526,True,False,4,69.57436,"{""partial_saturated"": ""Partial saturation:\n There are 1 pixels saturated at the end of a ramp. Partial ramps may still be used in some cases.""}"
wfi08,gbtds_mid_5stripe,medium,f146,im_66_6_v2,1,-1,17.5,495.21830981641136,0.0020193114434131,0.002192439542796,True,False,4,69.57436,"{""partial_saturated"": ""Partial saturation:\n There are 1 pixels saturated at the end of a ramp. Partial ramps may still be used in some cases.""}"
wfi08,gbtds_mid_5stripe,medium,f146,im_66_6_v2,1,-1,17.55,487.228496639137,0.00205242510833812,0.0022283922476773227,True,False,4,69.57436,"{""partial_saturated"": ""Partial saturation:\n There are 1 pixels saturated at the end of a ramp. Partial ramps may still be used in some cases.""}"
wfi08,gbtds_mid_5stripe,medium,f146,im_66_6_v2,1,-1,17.6,476.28010620466245,0.0020996048060220466,0.002279616953582305,True,False,4,69.57436,"{""partial_saturated"": ""Partial saturation:\n There are 1 pixels saturated at the end of a ramp. Partial ramps may still be used in some cases.""}"
wfi08,gbtds_mid_5stripe,medium,f146,im_66_6_v2,1,-1,17.65,468.4326200729361,0.0021347787432999385,0.002317806570748804,True,False,4,69.57436,"{""partial_saturated"": ""Partial saturation:\n There are 1 pixels saturated at the end of a ramp. Partial ramps may still be used in some cases.""}"
wfi08,gbtds_mid_5stripe,medium,f146,im_66_6_v2,1,-1,17.7,460.61809483063774,0.002170995910110055,0.002357128859988312,True,False,4,69.57436,"{""partial_saturated"": ""Partial saturation:\n There are 1 pixels saturated at the end of a ramp. Partial ramps may still be used in some cases.""}"
wfi08,gbtds_mid_5stripe,medium,f146,im_66_6_v2,1,-1,17.75,450.23291407815964,0.002221072624260433,0.002411498961556701,True,False,4,69.57436,"{""partial_saturated"": ""Partial saturation:\n There are 1 pixels saturated at the end of a ramp. Partial ramps may still be used in some cases.""}"
wfi08,gbtds_mid_5stripe,medium,f146,im_66_6_v2,1,-1,17.8,442.65058488613204,0.0022591182168148296,0.002452806438824486,True,False,4,69.57436,"{""partial_saturated"": ""Partial saturation:\n There are 1 pixels saturated at the end of a ramp. Partial ramps may still be used in some cases.""}"
wfi08,gbtds_mid_5stripe,medium,f146,im_66_6_v2,1,-1,17.85,435.1560094541593,0.002298026404953838,0.0024950504673485483,True,False,4,69.57436,"{""partial_saturated"": ""Partial saturation:\n There are 1 pixels saturated at the end of a ramp. Partial ramps may still be used in some cases.""}"
wfi08,gbtds_mid_5stripe,medium,f146,im_66_6_v2,1,-1,17.9,427.7616374175984,0.002337750542655042,0.0025381804018535428,True,False,4,69.57436,"{""partial_saturated"": ""Partial saturation:\n There are 1 pixels saturated at the end of a ramp. Partial ramps may still be used in some cases.""}"
wfi08,gbtds_mid_5stripe,medium,f146,im_66_6_v2,1,-1,17.95,418.0756988118671,0.002391911328120502,0.0025969847275115307,True,False,4,69.57436,"{""partial_saturated"": ""Partial saturation:\n There are 1 pixels saturated at the end of a ramp. Partial ramps may still be used in some cases.""}"
wfi08,gbtds_mid_5stripe,medium,f146,im_66_6_v2,1,-1,18.0,410.945145856023,0.0024334148002087,0.0026420465497809,True,False,4,69.57436,"{""partial_saturated"": ""Partial saturation:\n There are 1 pixels saturated at the end of a ramp. Partial ramps may still be used in some cases.""}"
wfi08,gbtds_mid_5stripe,medium,f146,im_66_6_v2,1,-1,18.05,403.92688942694843,0.0024756955433660314,0.00268795228339085,True,False,4,69.57436,"{""partial_saturated"": ""Partial saturation:\n There are 1 pixels saturated at the end of a ramp. Partial ramps may still be used in some cases.""}"
wfi08,gbtds_mid_5stripe,medium,f146,im_66_6_v2,1,-1,18.1,397.01872467483344,0.0025187728886566264,0.0027347229167777156,True,False,4,69.57436,"{""partial_saturated"": ""Partial saturation:\n There are 1 pixels saturated at the end of a ramp. Partial ramps may still be used in some cases.""}"
wfi08,gbtds_mid_5stripe,medium,f146,im_66_6_v2,1,-1,18.15,476.21708025717595,0.0020998826826202047,0.0022799186542653807,True,False,5,69.57436,"{""partial_saturated"": ""Partial saturation:\n There are 1 pixels saturated at the end of a ramp. Partial ramps may still be used in some cases.""}"
wfi08,gbtds_mid_5stripe,medium,f146,im_66_6_v2,1,-1,18.2,474.2610992743023,0.0021085431664755235,0.0022893216551378237,False,False,6,69.57436,{}
wfi08,gbtds_mid_5stripe,medium,f146,im_66_6_v2,1,-1,18.25,463.4749565109124,0.0021576138817253556,0.0023425995072779426,False,False,6,69.57436,{}
wfi08,gbtds_mid_5stripe,medium,f146,im_66_6_v2,1,-1,18.3,452.91528499310164,0.0022079184190377478,0.0023972169647016135,False,False,6,69.57436,{}
wfi08,gbtds_mid_5stripe,medium,f146,im_66_6_v2,1,-1,18.35,442.5763634690443,0.0022594970778866377,0.0024532177820067213,False,False,6,69.57436,{}
wfi08,gbtds_mid_5stripe,medium,f146,im_66_6_v2,1,-1,18.4,432.45753752766143,0.0023123657543742933,0.002510619218167014,False,False,6,69.57436,{}
wfi08,gbtds_mid_5stripe,medium,f146,im_66_6_v2,1,-1,18.45,422.5445999664128,0.002366614080689915,0.0025695185900954176,False,False,6,69.57436,{}
wfi08,gbtds_mid_5stripe,medium,f146,im_66_6_v2,1,-1,18.5,412.8514502786303,0.0024221787263314,0.002629847137573,False,False,6,69.57436,{}
wfi08,gbtds_mid_5stripe,medium,f146,im_66_6_v2,1,-1,18.55,403.35320522705865,0.002479216694056199,0.002691775324177574,False,False,6,69.57436,{}
wfi08,gbtds_mid_5stripe,medium,f146,im_66_6_v2,1,-1,18.6,394.0676729643343,0.0025376352048306853,0.0027552024163534864,False,False,6,69.57436,{}
wfi08,gbtds_mid_5stripe,medium,f146,im_66_6_v2,1,-1,18.65,384.9793877936113,0.0025975416651036476,0.0028202450291707464,False,False,6,69.57436,{}
wfi08,gbtds_mid_5stripe,medium,f146,im_66_6_v2,1,-1,18.7,376.0841207307424,0.0026589795869524373,0.0028869504052670774,False,False,6,69.57436,{}
wfi08,gbtds_mid_5stripe,medium,f146,im_66_6_v2,1,-1,18.75,367.37957234388574,0.0027219804128465527,0.002955352682869982,False,False,6,69.57436,{}
wfi08,gbtds_mid_5stripe,medium,f146,im_66_6_v2,1,-1,19.0,326.56750663831303,0.003062154010036,0.0033246914732414,False,False,6,69.57436,{}
wfi08,gbtds_mid_5stripe,medium,f146,im_66_6_v2,1,-1,19.5,256.9938507681705,0.003891143686944,0.0042247555788311,False,False,6,69.57436,{}
wfi08,gbtds_mid_5stripe,medium,f146,im_66_6_v2,1,-1,20.0,201.02851701517997,0.0049744186289972,0.0054009064031256,False,False,6,69.57436,{}
wfi08,gbtds_mid_5stripe,medium,f146,im_66_6_v2,1,-1,20.5,155.8720650069574,0.0064155177514031,0.0069655598949668,False,False,6,69.57436,{}
wfi08,gbtds_mid_5stripe,medium,f146,im_66_6_v2,1,-1,21.0,119.42948450296522,0.008373141725946,0.0090910231194305,False,False,6,69.57436,{}
wfi08,gbtds_mid_5stripe,medium,f146,im_66_6_v2,1,-1,21.2,106.91931721101628,0.009352846857658,0.0101547244509176,False,False,6,69.57436,{}
wfi08,gbtds_mid_5stripe,medium,f146,im_66_6_v2,1,-1,21.5,90.07933525414336,0.0111013252615449,0.0120531107572553,False,False,6,69.57436,{}
wfi08,gbtds_mid_5stripe,medium,f146,im_66_6_v2,1,-1,22.0,66.54990877482244,0.0150263166157535,0.0163146159738823,False,False,6,69.57436,{}
wfi08,gbtds_mid_5stripe,medium,f146,im_66_6_v2,1,-1,22.5,48.07340689234881,0.0208015213533608,0.0225849648473932,False,False,6,69.57436,{}
wfi08,gbtds_mid_5stripe,medium,f146,im_66_6_v2,1,-1,23.0,33.86510039485108,0.0295289247142477,0.0320606226498359,False,False,6,69.57436,{}
wfi08,gbtds_mid_5stripe,medium,f146,im_66_6_v2,1,-1,23.5,23.250605866787986,0.0430096319093532,0.0466971145173053,False,False,6,69.57436,{}
wfi08,gbtds_mid_5stripe,medium,f146,im_66_6_v2,1,-1,24.0,15.67228544291518,0.0638069031885876,0.0692774649053465,False,False,6,69.57436,{}
wfi08,gbtds_mid_5stripe,medium,f146,im_66_6_v2,1,-1,24.5,10.326988650664438,0.0968336495591732,0.1051357991652555,False,False,6,69.57436,{}
wfi08,gbtds_mid_5stripe,medium,f146,im_66_6_v2,1,-1,25.0,6.723579982104274,0.1487302899142475,0.1614818605040714,False,False,6,69.57436,{}
wfi08,gbtds_mid_5stripe,medium,f146,im_66_6_v2,1,-1,25.5,4.326998833748493,0.2311070648322077,0.2509213074637121,False,False,6,69.57436,{}
wfi08,gbtds_mid_5stripe,medium,f146,im_66_6_v2,1,-1,26.0,2.765567152846212,0.3615894840849696,0.3925907941308649,False,False,6,69.57436,{}
wfi08,gbtds_mid_5stripe,medium,f146,im_66_6_v2,1,-1,26.5,1.7595096851399088,0.5683401509213541,0.6170674784730135,False,False,6,69.57436,{}
wfi08,gbtds_mid_5stripe,medium,f146,im_66_6_v2,1,-1,27.0,1.1160893984211455,0.8959855737494063,0.9728039763607156,False,False,6,69.57436,{}
wfi08,gbtds_mid_5stripe,medium,f146,im_66_6_v2,1,-1,27.5,0.7065900790187621,1.4152477223975386,1.5365856909084905,False,False,6,69.57436,{}
wfi08,gbtds_mid_5stripe,medium,f146,im_66_6_v2,1,-1,28.0,0.4467856490910328,2.238209759052152,2.430105369245891,False,False,6,69.57436,{}
wfi08,gbtds_mid_5stripe,medium,f146,im_66_6_v2,1,-1,28.5,0.2822858839494921,3.5425079922838947,3.8462291828676567,False,False,6,69.57436,{}
wfi08,gbtds_mid_5stripe,medium,f146,im_66_6_v2,1,-1,29.0,0.1782634146722941,5.609676005804802,6.090628336465248,False,False,6,69.57436,{}
wfi08,gbtds_mid_5stripe,medium,f146,im_66_6_v2,1,-1,29.5,0.1125376713805855,8.885913381112621,9.647757870218696,False,False,6,69.57436,{}
wfi08,gbtds_mid_5stripe,medium,f146,im_66_6_v2,1,-1,30.0,0.0710308139508986,14.078397027679678,15.285425357911064,False,False,6,69.57436,{}
wfi09,gbtds_mid_5stripe,medium,f146,im_66_6_v2,1,-1,12.0,0.0,,,True,True,0,69.57436,"{""full_saturated"": ""Full saturation:\n There are 22 pixels saturated before the third resultant. These pixels cannot be recovered."", ""partial_saturated"": ""Partial saturation:\n There are 38 pixels saturated at the end of a ramp. Partial ramps may still be used in some cases.""}"
wfi09,gbtds_mid_5stripe,medium,f146,im_66_6_v2,1,-1,12.5,0.0,,,True,True,0,69.57436,"{""full_saturated"": ""Full saturation:\n There are 17 pixels saturated before the third resultant. These pixels cannot be recovered."", ""partial_saturated"": ""Partial saturation:\n There are 27 pixels saturated at the end of a ramp. Partial ramps may still be used in some cases.""}"
wfi09,gbtds_mid_5stripe,medium,f146,im_66_6_v2,1,-1,13.0,0.0,,,True,True,0,69.57436,"{""full_saturated"": ""Full saturation:\n There are 15 pixels saturated before the third resultant. These pixels cannot be recovered."", ""partial_saturated"": ""Partial saturation:\n There are 19 pixels saturated at the end of a ramp. Partial ramps may still be used in some cases.""}"
wfi09,gbtds_mid_5stripe,medium,f146,im_66_6_v2,1,-1,13.5,0.0,,,True,True,0,69.57436,"{""full_saturated"": ""Full saturation:\n There are 9 pixels saturated before the third resultant. These pixels cannot be recovered."", ""partial_saturated"": ""Partial saturation:\n There are 18 pixels saturated at the end of a ramp. Partial ramps may still be used in some cases.""}"
wfi09,gbtds_mid_5stripe,medium,f146,im_66_6_v2,1,-1,14.0,0.0,,,True,True,0,69.57436,"{""full_saturated"": ""Full saturation:\n There are 6 pixels saturated before the third resultant. These pixels cannot be recovered."", ""partial_saturated"": ""Partial saturation:\n There are 15 pixels saturated at the end of a ramp. Partial ramps may still be used in some cases.""}"
wfi09,gbtds_mid_5stripe,medium,f146,im_66_6_v2,1,-1,14.5,0.0,,,True,True,0,69.57436,"{""full_saturated"": ""Full saturation:\n There are 5 pixels saturated before the third resultant. These pixels cannot be recovered."", ""partial_saturated"": ""Partial saturation:\n There are 11 pixels saturated at the end of a ramp. Partial ramps may still be used in some cases.""}"
wfi09,gbtds_mid_5stripe,medium,f146,im_66_6_v2,1,-1,15.0,0.0,,,True,True,1,69.57436,"{""full_saturated"": ""Full saturation:\n There are 1 pixels saturated before the third resultant. These pixels cannot be recovered."", ""partial_saturated"": ""Partial saturation:\n There are 12 pixels saturated at the end of a ramp. Partial ramps may still be used in some cases.""}"
wfi09,gbtds_mid_5stripe,medium,f146,im_66_6_v2,1,-1,15.5,0.0,,,True,True,1,69.57436,"{""full_saturated"": ""Full saturation:\n There are 1 pixels saturated before the third resultant. These pixels cannot be recovered."", ""partial_saturated"": ""Partial saturation:\n There are 8 pixels saturated at the end of a ramp. Partial ramps may still be used in some cases.""}"
wfi09,gbtds_mid_5stripe,medium,f146,im_66_6_v2,1,-1,15.55,0.0,,,True,True,1,69.57436,"{""full_saturated"": ""Full saturation:\n There are 1 pixels saturated before the third resultant. These pixels cannot be recovered."", ""partial_saturated"": ""Partial saturation:\n There are 8 pixels saturated at the end of a ramp. Partial ramps may still be used in some cases.""}"
wfi09,gbtds_mid_5stripe,medium,f146,im_66_6_v2,1,-1,15.6,0.0,,,True,True,1,69.57436,"{""full_saturated"": ""Full saturation:\n There are 1 pixels saturated before the third resultant. These pixels cannot be recovered."", ""partial_saturated"": ""Partial saturation:\n There are 8 pixels saturated at the end of a ramp. Partial ramps may still be used in some cases.""}"
wfi09,gbtds_mid_5stripe,medium,f146,im_66_6_v2,1,-1,15.65,0.0,,,True,True,2,69.57436,"{""full_saturated"": ""Full saturation:\n There are 1 pixels saturated before the third resultant. These pixels cannot be recovered."", ""partial_saturated"": ""Partial saturation:\n There are 7 pixels saturated at the end of a ramp. Partial ramps may still be used in some cases.""}"
wfi09,gbtds_mid_5stripe,medium,f146,im_66_6_v2,1,-1,15.7,0.0,,,True,True,2,69.57436,"{""full_saturated"": ""Full saturation:\n There are 1 pixels saturated before the third resultant. These pixels cannot be recovered."", ""partial_saturated"": ""Partial saturation:\n There are 7 pixels saturated at the end of a ramp. Partial ramps may still be used in some cases.""}"
wfi09,gbtds_mid_5stripe,medium,f146,im_66_6_v2,1,-1,15.75,0.0,,,True,True,2,69.57436,"{""full_saturated"": ""Full saturation:\n There are 1 pixels saturated before the third resultant. These pixels cannot be recovered."", ""partial_saturated"": ""Partial saturation:\n There are 6 pixels saturated at the end of a ramp. Partial ramps may still be used in some cases.""}"
wfi09,gbtds_mid_5stripe,medium,f146,im_66_6_v2,1,-1,15.8,0.0,,,True,True,2,69.57436,"{""full_saturated"": ""Full saturation:\n There are 1 pixels saturated before the third resultant. These pixels cannot be recovered."", ""partial_saturated"": ""Partial saturation:\n There are 6 pixels saturated at the end of a ramp. Partial ramps may still be used in some cases.""}"
wfi09,gbtds_mid_5stripe,medium,f146,im_66_6_v2,1,-1,15.85,0.0,,,True,True,2,69.57436,"{""full_saturated"": ""Full saturation:\n There are 1 pixels saturated before the third resultant. These pixels cannot be recovered."", ""partial_saturated"": ""Partial saturation:\n There are 5 pixels saturated at the end of a ramp. Partial ramps may still be used in some cases.""}"
wfi09,gbtds_mid_5stripe,medium,f146,im_66_6_v2,1,-1,15.9,0.0,,,True,True,2,69.57436,"{""full_saturated"": ""Full saturation:\n There are 1 pixels saturated before the third resultant. These pixels cannot be recovered."", ""partial_saturated"": ""Partial saturation:\n There are 5 pixels saturated at the end of a ramp. Partial ramps may still be used in some cases.""}"
wfi09,gbtds_mid_5stripe,medium,f146,im_66_6_v2,1,-1,15.95,0.0,,,True,True,2,69.57436,"{""full_saturated"": ""Full saturation:\n There are 1 pixels saturated before the third resultant. These pixels cannot be recovered."", ""partial_saturated"": ""Partial saturation:\n There are 5 pixels saturated at the end of a ramp. Partial ramps may still be used in some cases.""}"
wfi09,gbtds_mid_5stripe,medium,f146,im_66_6_v2,1,-1,16.0,0.0,,,True,True,2,69.57436,"{""full_saturated"": ""Full saturation:\n There are 1 pixels saturated before the third resultant. These pixels cannot be recovered."", ""partial_saturated"": ""Partial saturation:\n There are 5 pixels saturated at the end of a ramp. Partial ramps may still be used in some cases.""}"
wfi09,gbtds_mid_5stripe,medium,f146,im_66_6_v2,1,-1,16.05,0.0,,,True,True,2,69.57436,"{""full_saturated"": ""Full saturation:\n There are 1 pixels saturated before the third resultant. These pixels cannot be recovered."", ""partial_saturated"": ""Partial saturation:\n There are 4 pixels saturated at the end of a ramp. Partial ramps may still be used in some cases.""}"
wfi09,gbtds_mid_5stripe,medium,f146,im_66_6_v2,1,-1,16.1,0.0,,,True,True,2,69.57436,"{""full_saturated"": ""Full saturation:\n There are 1 pixels saturated before the third resultant. These pixels cannot be recovered."", ""partial_saturated"": ""Partial saturation:\n There are 4 pixels saturated at the end of a ramp. Partial ramps may still be used in some cases.""}"
wfi09,gbtds_mid_5stripe,medium,f146,im_66_6_v2,1,-1,16.15,0.0,,,True,True,2,69.57436,"{""full_saturated"": ""Full saturation:\n There are 1 pixels saturated before the third resultant. These pixels cannot be recovered."", ""partial_saturated"": ""Partial saturation:\n There are 4 pixels saturated at the end of a ramp. Partial ramps may still be used in some cases.""}"
wfi09,gbtds_mid_5stripe,medium,f146,im_66_6_v2,1,-1,16.2,0.0,,,True,True,2,69.57436,"{""full_saturated"": ""Full saturation:\n There are 1 pixels saturated before the third resultant. These pixels cannot be recovered."", ""partial_saturated"": ""Partial saturation:\n There are 4 pixels saturated at the end of a ramp. Partial ramps may still be used in some cases.""}"
wfi09,gbtds_mid_5stripe,medium,f146,im_66_6_v2,1,-1,16.25,0.0,,,True,True,2,69.57436,"{""full_saturated"": ""Full saturation:\n There are 1 pixels saturated before the third resultant. These pixels cannot be recovered."", ""partial_saturated"": ""Partial saturation:\n There are 4 pixels saturated at the end of a ramp. Partial ramps may still be used in some cases.""}"
wfi09,gbtds_mid_5stripe,medium,f146,im_66_6_v2,1,-1,16.3,0.0,,,True,True,2,69.57436,"{""full_saturated"": ""Full saturation:\n There are 1 pixels saturated before the third resultant. These pixels cannot be recovered."", ""partial_saturated"": ""Partial saturation:\n There are 4 pixels saturated at the end of a ramp. Partial ramps may still be used in some cases.""}"
wfi09,gbtds_mid_5stripe,medium,f146,im_66_6_v2,1,-1,16.35,0.0,,,True,True,2,69.57436,"{""full_saturated"": ""Full saturation:\n There are 1 pixels saturated before the third resultant. These pixels cannot be recovered."", ""partial_saturated"": ""Partial saturation:\n There are 4 pixels saturated at the end of a ramp. Partial ramps may still be used in some cases.""}"
wfi09,gbtds_mid_5stripe,medium,f146,im_66_6_v2,1,-1,16.4,462.91699184340143,0.002160214504155178,0.0023454230972049074,True,False,3,69.57436,"{""partial_saturated"": ""Partial saturation:\n There are 5 pixels saturated at the end of a ramp. Partial ramps may still be used in some cases.""}"
wfi09,gbtds_mid_5stripe,medium,f146,im_66_6_v2,1,-1,16.45,453.3614881740344,0.0022057453623324187,0.002394857598361645,True,False,3,69.57436,"{""partial_saturated"": ""Partial saturation:\n There are 5 pixels saturated at the end of a ramp. Partial ramps may still be used in some cases.""}"
wfi09,gbtds_mid_5stripe,medium,f146,im_66_6_v2,1,-1,16.5,443.56617783537257,0.0022544550282892,0.0024477434462126,True,False,3,69.57436,"{""partial_saturated"": ""Partial saturation:\n There are 5 pixels saturated at the end of a ramp. Partial ramps may still be used in some cases.""}"
wfi09,gbtds_mid_5stripe,medium,f146,im_66_6_v2,1,-1,16.55,434.1677123147083,0.0023032574086834577,0.002500729957485021,True,False,3,69.57436,"{""partial_saturated"": ""Partial saturation:\n There are 5 pixels saturated at the end of a ramp. Partial ramps may still be used in some cases.""}"
wfi09,gbtds_mid_5stripe,medium,f146,im_66_6_v2,1,-1,16.6,439.0768908737817,0.0022775054228200385,0.0024727700940886874,True,False,3,69.57436,"{""partial_saturated"": ""Partial saturation:\n There are 5 pixels saturated at the end of a ramp. Partial ramps may still be used in some cases.""}"
wfi09,gbtds_mid_5stripe,medium,f146,im_66_6_v2,1,-1,16.65,435.31997085624135,0.0022971608631533165,0.0024941107172789904,True,False,3,69.57436,"{""partial_saturated"": ""Partial saturation:\n There are 5 pixels saturated at the end of a ramp. Partial ramps may still be used in some cases.""}"
wfi09,gbtds_mid_5stripe,medium,f146,im_66_6_v2,1,-1,16.7,426.55709177197247,0.002344352067494348,0.002545347916378187,True,False,3,69.57436,"{""partial_saturated"": ""Partial saturation:\n There are 4 pixels saturated at the end of a ramp. Partial ramps may still be used in some cases.""}"
wfi09,gbtds_mid_5stripe,medium,f146,im_66_6_v2,1,-1,16.75,423.3527021563273,0.0023620966511056773,0.002564613853243365,True,False,3,69.57436,"{""partial_saturated"": ""Partial saturation:\n There are 4 pixels saturated at the end of a ramp. Partial ramps may still be used in some cases.""}"
wfi09,gbtds_mid_5stripe,medium,f146,im_66_6_v2,1,-1,16.8,443.07882173212073,0.0022569347731194113,0.0024504357949533193,True,False,3,69.57436,"{""partial_saturated"": ""Partial saturation:\n There are 3 pixels saturated at the end of a ramp. Partial ramps may still be used in some cases.""}"
wfi09,gbtds_mid_5stripe,medium,f146,im_66_6_v2,1,-1,16.85,434.20873032299846,0.002303039828923112,0.002500493723261791,True,False,3,69.57436,"{""partial_saturated"": ""Partial saturation:\n There are 1 pixels saturated at the end of a ramp. Partial ramps may still be used in some cases.""}"
wfi09,gbtds_mid_5stripe,medium,f146,im_66_6_v2,1,-1,16.9,424.41735140780406,0.002356171340975981,0.0025581805295111343,True,False,3,69.57436,"{""partial_saturated"": ""Partial saturation:\n There are 1 pixels saturated at the end of a ramp. Partial ramps may still be used in some cases.""}"
wfi09,gbtds_mid_5stripe,medium,f146,im_66_6_v2,1,-1,16.95,414.83638655718926,0.002410588927117029,0.002617263672960014,True,False,3,69.57436,"{""partial_saturated"": ""Partial saturation:\n There are 1 pixels saturated at the end of a ramp. Partial ramps may still be used in some cases.""}"
wfi09,gbtds_mid_5stripe,medium,f146,im_66_6_v2,1,-1,17.0,420.4132037761773,0.0023786122581734,0.0025825454457804,True,False,3,69.57436,"{""partial_saturated"": ""Partial saturation:\n There are 1 pixels saturated at the end of a ramp. Partial ramps may still be used in some cases.""}"
wfi09,gbtds_mid_5stripe,medium,f146,im_66_6_v2,1,-1,17.05,410.9143389977381,0.0024335972369304553,0.002642244627934743,True,False,3,69.57436,"{""partial_saturated"": ""Partial saturation:\n There are 1 pixels saturated at the end of a ramp. Partial ramps may still be used in some cases.""}"
wfi09,gbtds_mid_5stripe,medium,f146,im_66_6_v2,1,-1,17.1,401.62004961905814,0.0024899155332222906,0.002703391441209084,True,False,3,69.57436,"{""partial_saturated"": ""Partial saturation:\n There are 1 pixels saturated at the end of a ramp. Partial ramps may still be used in some cases.""}"
wfi09,gbtds_mid_5stripe,medium,f146,im_66_6_v2,1,-1,17.15,407.38927928619074,0.0024546546775903264,0.0026651074536387107,True,False,3,69.57436,"{""partial_saturated"": ""Partial saturation:\n There are 1 pixels saturated at the end of a ramp. Partial ramps may still be used in some cases.""}"
wfi09,gbtds_mid_5stripe,medium,f146,im_66_6_v2,1,-1,17.2,398.1652758198561,0.002511519865565663,0.0027268480470139097,True,False,3,69.57436,"{""partial_saturated"": ""Partial saturation:\n There are 1 pixels saturated at the end of a ramp. Partial ramps may still be used in some cases.""}"
wfi09,gbtds_mid_5stripe,medium,f146,im_66_6_v2,1,-1,17.25,404.4843455218508,0.0024722835656589798,0.002684247775664476,True,False,3,69.57436,"{""partial_saturated"": ""Partial saturation:\n There are 1 pixels saturated at the end of a ramp. Partial ramps may still be used in some cases.""}"
wfi09,gbtds_mid_5stripe,medium,f146,im_66_6_v2,1,-1,17.3,395.315680326567,0.0025296239177102922,0.0027465042718801632,True,False,3,69.57436,"{""partial_saturated"": ""Partial saturation:\n There are 1 pixels saturated at the end of a ramp. Partial ramps may still be used in some cases.""}"
wfi09,gbtds_mid_5stripe,medium,f146,im_66_6_v2,1,-1,17.35,386.3448090789809,0.0025883614235271604,0.0028102777085227282,True,False,3,69.57436,"{""partial_saturated"": ""Partial saturation:\n There are 1 pixels saturated at the end of a ramp. Partial ramps may still be used in some cases.""}"
wfi09,gbtds_mid_5stripe,medium,f146,im_66_6_v2,1,-1,17.4,521.6820741996639,0.00191687629201012,0.0020812219902779034,True,False,4,69.57436,"{""partial_saturated"": ""Partial saturation:\n There are 1 pixels saturated at the end of a ramp. Partial ramps may still be used in some cases.""}"
wfi09,gbtds_mid_5stripe,medium,f146,im_66_6_v2,1,-1,17.45,510.0029869516532,0.0019607728299340277,0.0021288820507654282,True,False,4,69.57436,"{""partial_saturated"": ""Partial saturation:\n There are 1 pixels saturated at the end of a ramp. Partial ramps may still be used in some cases.""}"
wfi09,gbtds_mid_5stripe,medium,f146,im_66_6_v2,1,-1,17.5,502.04717385807766,0.0019918446952211,0.002162617899857,True,False,4,69.57436,"{""partial_saturated"": ""Partial saturation:\n There are 1 pixels saturated at the end of a ramp. Partial ramps may still be used in some cases.""}"
wfi09,gbtds_mid_5stripe,medium,f146,im_66_6_v2,1,-1,17.55,490.78138858679455,0.002037567078245369,0.002212260346474237,True,False,4,69.57436,"{""partial_saturated"": ""Partial saturation:\n There are 1 pixels saturated at the end of a ramp. Partial ramps may still be used in some cases.""}"
wfi09,gbtds_mid_5stripe,medium,f146,im_66_6_v2,1,-1,17.6,482.8558792467055,0.0020710113368818898,0.002248571988917203,True,False,4,69.57436,"{""partial_saturated"": ""Partial saturation:\n There are 1 pixels saturated at the end of a ramp. Partial ramps may still be used in some cases.""}"
wfi09,gbtds_mid_5stripe,medium,f146,im_66_6_v2,1,-1,17.65,474.9028396772421,0.002105693873466053,0.002286228074559477,True,False,4,69.57436,"{""partial_saturated"": ""Partial saturation:\n There are 1 pixels saturated at the end of a ramp. Partial ramps may still be used in some cases.""}"
wfi09,gbtds_mid_5stripe,medium,f146,im_66_6_v2,1,-1,17.7,464.21010577930264,0.0021541969628628152,0.002338889634760162,True,False,4,69.57436,"{""partial_saturated"": ""Partial saturation:\n There are 1 pixels saturated at the end of a ramp. Partial ramps may still be used in some cases.""}"
wfi09,gbtds_mid_5stripe,medium,f146,im_66_6_v2,1,-1,17.75,456.45762343124636,0.002190783872734737,0.00237861336742833,True,False,4,69.57436,"{""partial_saturated"": ""Partial saturation:\n There are 1 pixels saturated at the end of a ramp. Partial ramps may still be used in some cases.""}"
wfi09,gbtds_mid_5stripe,medium,f146,im_66_6_v2,1,-1,17.8,448.772126566572,0.002228302385111829,0.002419348574664805,True,False,4,69.57436,"{""partial_saturated"": ""Partial saturation:\n There are 1 pixels saturated at the end of a ramp. Partial ramps may still be used in some cases.""}"
wfi09,gbtds_mid_5stripe,medium,f146,im_66_6_v2,1,-1,17.85,438.6345163543977,0.0022798023473192502,0.0024752639481770778,True,False,4,69.57436,"{""partial_saturated"": ""Partial saturation:\n There are 1 pixels saturated at the end of a ramp. Partial ramps may still be used in some cases.""}"
wfi09,gbtds_mid_5stripe,medium,f146,im_66_6_v2,1,-1,17.9,431.1983100113517,0.002319118551215273,0.0025179509741806417,True,False,4,69.57436,"{""partial_saturated"": ""Partial saturation:\n There are 1 pixels saturated at the end of a ramp. Partial ramps may still be used in some cases.""}"
wfi09,gbtds_mid_5stripe,medium,f146,im_66_6_v2,1,-1,17.95,423.86198162639954,0.002359258540157112,0.0025615324134333874,True,False,4,69.57436,"{""partial_saturated"": ""Partial saturation:\n There are 1 pixels saturated at the end of a ramp. Partial ramps may still be used in some cases.""}"
wfi09,gbtds_mid_5stripe,medium,f146,im_66_6_v2,1,-1,18.0,416.6330816663024,0.0024001934651961,0.0026059769435873,True,False,4,69.57436,"{""partial_saturated"": ""Partial saturation:\n There are 1 pixels saturated at the end of a ramp. Partial ramps may still be used in some cases.""}"
wfi09,gbtds_mid_5stripe,medium,f146,im_66_6_v2,1,-1,18.05,407.1796342644948,0.0024559185083171974,0.0026664796404155602,True,False,4,69.57436,"{""partial_saturated"": ""Partial saturation:\n There are 1 pixels saturated at the end of a ramp. Partial ramps may still be used in some cases.""}"
wfi09,gbtds_mid_5stripe,medium,f146,im_66_6_v2,1,-1,18.1,400.21478264227846,0.0024986583289049167,0.0027128838110125142,True,False,4,69.57436,"{""partial_saturated"": ""Partial saturation:\n There are 1 pixels saturated at the end of a ramp. Partial ramps may still be used in some cases.""}"
wfi09,gbtds_mid_5stripe,medium,f146,im_66_6_v2,1,-1,18.15,393.35996568101245,0.002542200750573917,0.0027601593946613924,True,False,4,69.57436,"{""partial_saturated"": ""Partial saturation:\n There are 1 pixels saturated at the end of a ramp. Partial ramps may still be used in some cases.""}"
wfi09,gbtds_mid_5stripe,medium,f146,im_66_6_v2,1,-1,18.2,471.74698257261514,0.002119780384278498,0.0023015223093472655,True,False,5,69.57436,"{""partial_saturated"": ""Partial saturation:\n There are 1 pixels saturated at the end of a ramp. Partial ramps may still be used in some cases.""}"
wfi09,gbtds_mid_5stripe,medium,f146,im_66_6_v2,1,-1,18.25,469.7703431638304,0.002128699724348615,0.0023112063597839415,False,False,6,69.57436,{}
wfi09,gbtds_mid_5stripe,medium,f146,im_66_6_v2,1,-1,18.3,459.06873991347936,0.0021783230114698505,0.0023650841592105748,False,False,6,69.57436,{}
wfi09,gbtds_mid_5stripe,medium,f146,im_66_6_v2,1,-1,18.35,448.5845863460371,0.002229233973787504,0.002420360034217928,False,False,6,69.57436,{}
wfi09,gbtds_mid_5stripe,medium,f146,im_66_6_v2,1,-1,18.4,438.33212778811344,0.0022813750957433646,0.0024769715380821146,False,False,6,69.57436,{}
wfi09,gbtds_mid_5stripe,medium,f146,im_66_6_v2,1,-1,18.45,428.2944887871577,0.0023348420915519953,0.0025350225911911963,False,False,6,69.57436,{}
wfi09,gbtds_mid_5stripe,medium,f146,im_66_6_v2,1,-1,18.5,418.4711904620072,0.0023896507640011,0.0025945303512039,False,False,6,69.57436,{}
wfi09,gbtds_mid_5stripe,medium,f146,im_66_6_v2,1,-1,18.55,408.85319827294114,0.0024458656657796833,0.0026555649053118485,False,False,6,69.57436,{}
wfi09,gbtds_mid_5stripe,medium,f146,im_66_6_v2,1,-1,18.6,399.4329711850228,0.0025035489610014854,0.0027181937473439105,False,False,6,69.57436,{}
wfi09,gbtds_mid_5stripe,medium,f146,im_66_6_v2,1,-1,18.65,390.2220760369862,0.002562643329039174,0.002782354642219731,False,False,6,69.57436,{}
wfi09,gbtds_mid_5stripe,medium,f146,im_66_6_v2,1,-1,18.7,381.2032365906332,0.002623272585363384,0.0028481820208784863,False,False,6,69.57436,{}
wfi09,gbtds_mid_5stripe,medium,f146,im_66_6_v2,1,-1,18.75,372.38044348032923,0.0026854256648223373,0.002915663869484281,False,False,6,69.57436,{}
wfi09,gbtds_mid_5stripe,medium,f146,im_66_6_v2,1,-1,19.0,331.00038938934665,0.0030211444821707,0.003280165944098,False,False,6,69.57436,{}
wfi09,gbtds_mid_5stripe,medium,f146,im_66_6_v2,1,-1,19.5,260.46166408475614,0.0038393366007006,0.0041685067496336,False,False,6,69.57436,{}
wfi09,gbtds_mid_5stripe,medium,f146,im_66_6_v2,1,-1,20.0,203.70645222411983,0.004909024672914,0.0053299058174337,False,False,6,69.57436,{}
wfi09,gbtds_mid_5stripe,medium,f146,im_66_6_v2,1,-1,20.5,157.90053174057385,0.0063331009020474,0.0068760769377392,False,False,6,69.57436,{}
wfi09,gbtds_mid_5stripe,medium,f146,im_66_6_v2,1,-1,21.0,120.94896777063676,0.0082679498505217,0.008976812491836,False,False,6,69.57436,{}
wfi09,gbtds_mid_5stripe,medium,f146,im_66_6_v2,1,-1,21.2,108.26776734583208,0.0092363593017095,0.0100282496940205,False,False,6,69.57436,{}
wfi09,gbtds_mid_5stripe,medium,f146,im_66_6_v2,1,-1,21.5,91.1769730646798,0.0109676814922405,0.0119080088783811,False,False,6,69.57436,{}
wfi09,gbtds_mid_5stripe,medium,f146,im_66_6_v2,1,-1,22.0,67.31662967534798,0.0148551703319486,0.0161287962572454,False,False,6,69.57436,{}
wfi09,gbtds_mid_5stripe,medium,f146,im_66_6_v2,1,-1,22.5,48.55552520736929,0.0205949785473277,0.0223607138450506,False,False,6,69.57436,{}
wfi09,gbtds_mid_5stripe,medium,f146,im_66_6_v2,1,-1,23.0,34.2182782538414,0.029224147181857,0.0317297146485224,False,False,6,69.57436,{}
wfi09,gbtds_mid_5stripe,medium,f146,im_66_6_v2,1,-1,23.5,23.480907570822943,0.0425877916764421,0.0462391073038101,False,False,6,69.57436,{}
wfi09,gbtds_mid_5stripe,medium,f146,im_66_6_v2,1,-1,24.0,15.824764741233066,0.0631920926694345,0.0686099428656358,False,False,6,69.57436,{}
wfi09,gbtds_mid_5stripe,medium,f146,im_66_6_v2,1,-1,24.5,10.423452690420396,0.0959375007207586,0.1041628179265367,False,False,6,69.57436,{}
wfi09,gbtds_mid_5stripe,medium,f146,im_66_6_v2,1,-1,25.0,6.7854763589970695,0.1473735883957608,0.1600088405464,False,False,6,69.57436,{}
wfi09,gbtds_mid_5stripe,medium,f146,im_66_6_v2,1,-1,25.5,4.3659939148239815,0.2290429211558614,0.2486801919424804,False,False,6,69.57436,{}
wfi09,gbtds_mid_5stripe,medium,f146,im_66_6_v2,1,-1,26.0,2.790129595815493,0.3584062910553522,0.3891346862118756,False,False,6,69.57436,{}
wfi09,gbtds_mid_5stripe,medium,f146,im_66_6_v2,1,-1,26.5,1.774985807652406,0.5633847863395588,0.6116872597387821,False,False,6,69.57436,{}
wfi09,gbtds_mid_5stripe,medium,f146,im_66_6_v2,1,-1,27.0,1.1258440633515585,0.8882224746321179,0.9643752985879496,False,False,6,69.57436,{}
wfi09,gbtds_mid_5stripe,medium,f146,im_66_6_v2,1,-1,27.5,0.7127404387364477,1.4030353066156995,1.523326228946588,False,False,6,69.57436,{}
wfi09,gbtds_mid_5stripe,medium,f146,im_66_6_v2,1,-1,28.0,0.4506644138543427,2.2189460034073285,2.409190012302692,False,False,6,69.57436,{}
wfi09,gbtds_mid_5stripe,medium,f146,im_66_6_v2,1,-1,28.5,0.2847324580471148,3.512068862323133,3.81318031742792,False,False,6,69.57436,{}
wfi09,gbtds_mid_5stripe,medium,f146,im_66_6_v2,1,-1,29.0,0.1798067920468546,5.5615251716376575,6.038349232520674,False,False,6,69.57436,{}
wfi09,gbtds_mid_5stripe,medium,f146,im_66_6_v2,1,-1,29.5,0.113511347651045,8.809691900356833,9.56500144898186,False,False,6,69.57436,{}
wfi09,gbtds_mid_5stripe,medium,f146,im_66_6_v2,1,-1,30.0,0.0716451149707324,13.957685746034558,15.1543647491062,False,False,6,69.57436,{}
wfi10,gbtds_mid_5stripe,medium,f146,im_66_6_v2,1,-1,12.0,0.0,,,True,True,0,69.57436,"{""full_saturated"": ""Full saturation:\n There are 21 pixels saturated before the third resultant. These pixels cannot be recovered."", ""partial_saturated"": ""Partial saturation:\n There are 33 pixels saturated at the end of a ramp. Partial ramps may still be used in some cases.""}"
wfi10,gbtds_mid_5stripe,medium,f146,im_66_6_v2,1,-1,12.5,0.0,,,True,True,0,69.57436,"{""full_saturated"": ""Full saturation:\n There are 17 pixels saturated before the third resultant. These pixels cannot be recovered."", ""partial_saturated"": ""Partial saturation:\n There are 21 pixels saturated at the end of a ramp. Partial ramps may still be used in some cases.""}"
wfi10,gbtds_mid_5stripe,medium,f146,im_66_6_v2,1,-1,13.0,0.0,,,True,True,0,69.57436,"{""full_saturated"": ""Full saturation:\n There are 12 pixels saturated before the third resultant. These pixels cannot be recovered."", ""partial_saturated"": ""Partial saturation:\n There are 20 pixels saturated at the end of a ramp. Partial ramps may still be used in some cases.""}"
wfi10,gbtds_mid_5stripe,medium,f146,im_66_6_v2,1,-1,13.5,0.0,,,True,True,0,69.57436,"{""full_saturated"": ""Full saturation:\n There are 10 pixels saturated before the third resultant. These pixels cannot be recovered."", ""partial_saturated"": ""Partial saturation:\n There are 17 pixels saturated at the end of a ramp. Partial ramps may still be used in some cases.""}"
wfi10,gbtds_mid_5stripe,medium,f146,im_66_6_v2,1,-1,14.0,0.0,,,True,True,0,69.57436,"{""full_saturated"": ""Full saturation:\n There are 5 pixels saturated before the third resultant. These pixels cannot be recovered."", ""partial_saturated"": ""Partial saturation:\n There are 15 pixels saturated at the end of a ramp. Partial ramps may still be used in some cases.""}"
wfi10,gbtds_mid_5stripe,medium,f146,im_66_6_v2,1,-1,14.5,0.0,,,True,True,0,69.57436,"{""full_saturated"": ""Full saturation:\n There are 5 pixels saturated before the third resultant. These pixels cannot be recovered."", ""partial_saturated"": ""Partial saturation:\n There are 10 pixels saturated at the end of a ramp. Partial ramps may still be used in some cases.""}"
wfi10,gbtds_mid_5stripe,medium,f146,im_66_6_v2,1,-1,15.0,0.0,,,True,True,1,69.57436,"{""full_saturated"": ""Full saturation:\n There are 1 pixels saturated before the third resultant. These pixels cannot be recovered."", ""partial_saturated"": ""Partial saturation:\n There are 11 pixels saturated at the end of a ramp. Partial ramps may still be used in some cases.""}"
wfi10,gbtds_mid_5stripe,medium,f146,im_66_6_v2,1,-1,15.5,0.0,,,True,True,1,69.57436,"{""full_saturated"": ""Full saturation:\n There are 1 pixels saturated before the third resultant. These pixels cannot be recovered."", ""partial_saturated"": ""Partial saturation:\n There are 8 pixels saturated at the end of a ramp. Partial ramps may still be used in some cases.""}"
wfi10,gbtds_mid_5stripe,medium,f146,im_66_6_v2,1,-1,15.55,0.0,,,True,True,1,69.57436,"{""full_saturated"": ""Full saturation:\n There are 1 pixels saturated before the third resultant. These pixels cannot be recovered."", ""partial_saturated"": ""Partial saturation:\n There are 8 pixels saturated at the end of a ramp. Partial ramps may still be used in some cases.""}"
wfi10,gbtds_mid_5stripe,medium,f146,im_66_6_v2,1,-1,15.6,0.0,,,True,True,1,69.57436,"{""full_saturated"": ""Full saturation:\n There are 1 pixels saturated before the third resultant. These pixels cannot be recovered."", ""partial_saturated"": ""Partial saturation:\n There are 8 pixels saturated at the end of a ramp. Partial ramps may still be used in some cases.""}"
wfi10,gbtds_mid_5stripe,medium,f146,im_66_6_v2,1,-1,15.65,0.0,,,True,True,2,69.57436,"{""full_saturated"": ""Full saturation:\n There are 1 pixels saturated before the third resultant. These pixels cannot be recovered."", ""partial_saturated"": ""Partial saturation:\n There are 8 pixels saturated at the end of a ramp. Partial ramps may still be used in some cases.""}"
wfi10,gbtds_mid_5stripe,medium,f146,im_66_6_v2,1,-1,15.7,0.0,,,True,True,2,69.57436,"{""full_saturated"": ""Full saturation:\n There are 1 pixels saturated before the third resultant. These pixels cannot be recovered."", ""partial_saturated"": ""Partial saturation:\n There are 7 pixels saturated at the end of a ramp. Partial ramps may still be used in some cases.""}"
wfi10,gbtds_mid_5stripe,medium,f146,im_66_6_v2,1,-1,15.75,0.0,,,True,True,2,69.57436,"{""full_saturated"": ""Full saturation:\n There are 1 pixels saturated before the third resultant. These pixels cannot be recovered."", ""partial_saturated"": ""Partial saturation:\n There are 6 pixels saturated at the end of a ramp. Partial ramps may still be used in some cases.""}"
wfi10,gbtds_mid_5stripe,medium,f146,im_66_6_v2,1,-1,15.8,0.0,,,True,True,2,69.57436,"{""full_saturated"": ""Full saturation:\n There are 1 pixels saturated before the third resultant. These pixels cannot be recovered."", ""partial_saturated"": ""Partial saturation:\n There are 5 pixels saturated at the end of a ramp. Partial ramps may still be used in some cases.""}"
wfi10,gbtds_mid_5stripe,medium,f146,im_66_6_v2,1,-1,15.85,0.0,,,True,True,2,69.57436,"{""full_saturated"": ""Full saturation:\n There are 1 pixels saturated before the third resultant. These pixels cannot be recovered."", ""partial_saturated"": ""Partial saturation:\n There are 4 pixels saturated at the end of a ramp. Partial ramps may still be used in some cases.""}"
wfi10,gbtds_mid_5stripe,medium,f146,im_66_6_v2,1,-1,15.9,0.0,,,True,True,2,69.57436,"{""full_saturated"": ""Full saturation:\n There are 1 pixels saturated before the third resultant. These pixels cannot be recovered."", ""partial_saturated"": ""Partial saturation:\n There are 4 pixels saturated at the end of a ramp. Partial ramps may still be used in some cases.""}"
wfi10,gbtds_mid_5stripe,medium,f146,im_66_6_v2,1,-1,15.95,0.0,,,True,True,2,69.57436,"{""full_saturated"": ""Full saturation:\n There are 1 pixels saturated before the third resultant. These pixels cannot be recovered."", ""partial_saturated"": ""Partial saturation:\n There are 4 pixels saturated at the end of a ramp. Partial ramps may still be used in some cases.""}"
wfi10,gbtds_mid_5stripe,medium,f146,im_66_6_v2,1,-1,16.0,0.0,,,True,True,2,69.57436,"{""full_saturated"": ""Full saturation:\n There are 1 pixels saturated before the third resultant. These pixels cannot be recovered."", ""partial_saturated"": ""Partial saturation:\n There are 4 pixels saturated at the end of a ramp. Partial ramps may still be used in some cases.""}"
wfi10,gbtds_mid_5stripe,medium,f146,im_66_6_v2,1,-1,16.05,0.0,,,True,True,2,69.57436,"{""full_saturated"": ""Full saturation:\n There are 1 pixels saturated before the third resultant. These pixels cannot be recovered."", ""partial_saturated"": ""Partial saturation:\n There are 4 pixels saturated at the end of a ramp. Partial ramps may still be used in some cases.""}"
wfi10,gbtds_mid_5stripe,medium,f146,im_66_6_v2,1,-1,16.1,0.0,,,True,True,2,69.57436,"{""full_saturated"": ""Full saturation:\n There are 1 pixels saturated before the third resultant. These pixels cannot be recovered."", ""partial_saturated"": ""Partial saturation:\n There are 4 pixels saturated at the end of a ramp. Partial ramps may still be used in some cases.""}"
wfi10,gbtds_mid_5stripe,medium,f146,im_66_6_v2,1,-1,16.15,0.0,,,True,True,2,69.57436,"{""full_saturated"": ""Full saturation:\n There are 1 pixels saturated before the third resultant. These pixels cannot be recovered."", ""partial_saturated"": ""Partial saturation:\n There are 4 pixels saturated at the end of a ramp. Partial ramps may still be used in some cases.""}"
wfi10,gbtds_mid_5stripe,medium,f146,im_66_6_v2,1,-1,16.2,0.0,,,True,True,2,69.57436,"{""full_saturated"": ""Full saturation:\n There are 1 pixels saturated before the third resultant. These pixels cannot be recovered."", ""partial_saturated"": ""Partial saturation:\n There are 4 pixels saturated at the end of a ramp. Partial ramps may still be used in some cases.""}"
wfi10,gbtds_mid_5stripe,medium,f146,im_66_6_v2,1,-1,16.25,0.0,,,True,True,2,69.57436,"{""full_saturated"": ""Full saturation:\n There are 1 pixels saturated before the third resultant. These pixels cannot be recovered."", ""partial_saturated"": ""Partial saturation:\n There are 4 pixels saturated at the end of a ramp. Partial ramps may still be used in some cases.""}"
wfi10,gbtds_mid_5stripe,medium,f146,im_66_6_v2,1,-1,16.3,0.0,,,True,True,2,69.57436,"{""full_saturated"": ""Full saturation:\n There are 1 pixels saturated before the third resultant. These pixels cannot be recovered."", ""partial_saturated"": ""Partial saturation:\n There are 4 pixels saturated at the end of a ramp. Partial ramps may still be used in some cases.""}"
wfi10,gbtds_mid_5stripe,medium,f146,im_66_6_v2,1,-1,16.35,0.0,,,True,True,2,69.57436,"{""full_saturated"": ""Full saturation:\n There are 1 pixels saturated before the third resultant. These pixels cannot be recovered."", ""partial_saturated"": ""Partial saturation:\n There are 4 pixels saturated at the end of a ramp. Partial ramps may still be used in some cases.""}"
wfi10,gbtds_mid_5stripe,medium,f146,im_66_6_v2,1,-1,16.4,458.36365338551377,0.002181673857894083,0.002368722294489948,True,False,3,69.57436,"{""partial_saturated"": ""Partial saturation:\n There are 5 pixels saturated at the end of a ramp. Partial ramps may still be used in some cases.""}"
wfi10,gbtds_mid_5stripe,medium,f146,im_66_6_v2,1,-1,16.45,448.0527572678683,0.0022318800270258133,0.0024232329500184775,True,False,3,69.57436,"{""partial_saturated"": ""Partial saturation:\n There are 5 pixels saturated at the end of a ramp. Partial ramps may still be used in some cases.""}"
wfi10,gbtds_mid_5stripe,medium,f146,im_66_6_v2,1,-1,16.5,438.76532258775177,0.0022791226847696,0.0024745260139399,True,False,3,69.57436,"{""partial_saturated"": ""Partial saturation:\n There are 5 pixels saturated at the end of a ramp. Partial ramps may still be used in some cases.""}"
wfi10,gbtds_mid_5stripe,medium,f146,im_66_6_v2,1,-1,16.55,429.6491750059669,0.0023274803215579598,0.0025270296509775697,True,False,3,69.57436,"{""partial_saturated"": ""Partial saturation:\n There are 5 pixels saturated at the end of a ramp. Partial ramps may still be used in some cases.""}"
wfi10,gbtds_mid_5stripe,medium,f146,im_66_6_v2,1,-1,16.6,434.5651531200201,0.002301150915623038,0.002498442861704252,True,False,3,69.57436,"{""partial_saturated"": ""Partial saturation:\n There are 5 pixels saturated at the end of a ramp. Partial ramps may still be used in some cases.""}"
wfi10,gbtds_mid_5stripe,medium,f146,im_66_6_v2,1,-1,16.65,425.1553391504917,0.002352081481554748,0.00255374002106513,True,False,3,69.57436,"{""partial_saturated"": ""Partial saturation:\n There are 5 pixels saturated at the end of a ramp. Partial ramps may still be used in some cases.""}"
wfi10,gbtds_mid_5stripe,medium,f146,im_66_6_v2,1,-1,16.7,421.68986016423884,0.0023714110640709316,0.0025747268486258105,True,False,3,69.57436,"{""partial_saturated"": ""Partial saturation:\n There are 5 pixels saturated at the end of a ramp. Partial ramps may still be used in some cases.""}"
wfi10,gbtds_mid_5stripe,medium,f146,im_66_6_v2,1,-1,16.75,418.99036761627883,0.002386689712437073,0.002591315430316699,True,False,3,69.57436,"{""partial_saturated"": ""Partial saturation:\n There are 4 pixels saturated at the end of a ramp. Partial ramps may still be used in some cases.""}"
wfi10,gbtds_mid_5stripe,medium,f146,im_66_6_v2,1,-1,16.8,438.191081820285,0.0022821094300822155,0.0024777688314602023,True,False,3,69.57436,"{""partial_saturated"": ""Partial saturation:\n There are 3 pixels saturated at the end of a ramp. Partial ramps may still be used in some cases.""}"
wfi10,gbtds_mid_5stripe,medium,f146,im_66_6_v2,1,-1,16.85,429.359515314577,0.002329050514386142,0.0025287344661795784,True,False,3,69.57436,"{""partial_saturated"": ""Partial saturation:\n There are 1 pixels saturated at the end of a ramp. Partial ramps may still be used in some cases.""}"
wfi10,gbtds_mid_5stripe,medium,f146,im_66_6_v2,1,-1,16.9,419.65117749711794,0.0023829314764805295,0.0025872349774726557,True,False,3,69.57436,"{""partial_saturated"": ""Partial saturation:\n There are 1 pixels saturated at the end of a ramp. Partial ramps may still be used in some cases.""}"
wfi10,gbtds_mid_5stripe,medium,f146,im_66_6_v2,1,-1,16.95,410.1510517511869,0.0024381261384808974,0.002647161820315843,True,False,3,69.57436,"{""partial_saturated"": ""Partial saturation:\n There are 1 pixels saturated at the end of a ramp. Partial ramps may still be used in some cases.""}"
wfi10,gbtds_mid_5stripe,medium,f146,im_66_6_v2,1,-1,17.0,415.6964723200912,0.0024056013620197,0.0026118484929602,True,False,3,69.57436,"{""partial_saturated"": ""Partial saturation:\n There are 1 pixels saturated at the end of a ramp. Partial ramps may still be used in some cases.""}"
wfi10,gbtds_mid_5stripe,medium,f146,im_66_6_v2,1,-1,17.05,406.27605597795576,0.0024613805940221574,0.002672410024618927,True,False,3,69.57436,"{""partial_saturated"": ""Partial saturation:\n There are 1 pixels saturated at the end of a ramp. Partial ramps may still be used in some cases.""}"
wfi10,gbtds_mid_5stripe,medium,f146,im_66_6_v2,1,-1,17.1,397.0580240934907,0.0025185235892992344,0.0027344522434395724,True,False,3,69.57436,"{""partial_saturated"": ""Partial saturation:\n There are 1 pixels saturated at the end of a ramp. Partial ramps may still be used in some cases.""}"
wfi10,gbtds_mid_5stripe,medium,f146,im_66_6_v2,1,-1,17.15,402.7862459594641,0.0024827064231499074,0.002695564249399411,True,False,3,69.57436,"{""partial_saturated"": ""Partial saturation:\n There are 1 pixels saturated at the end of a ramp. Partial ramps may still be used in some cases.""}"
wfi10,gbtds_mid_5stripe,medium,f146,im_66_6_v2,1,-1,17.2,393.63607273617396,0.0025404175817754088,0.002758223343737657,True,False,3,69.57436,"{""partial_saturated"": ""Partial saturation:\n There are 1 pixels saturated at the end of a ramp. Partial ramps may still be used in some cases.""}"
wfi10,gbtds_mid_5stripe,medium,f146,im_66_6_v2,1,-1,17.25,399.90244176552005,0.0025006098877144215,0.0027150026890677076,True,False,3,69.57436,"{""partial_saturated"": ""Partial saturation:\n There are 1 pixels saturated at the end of a ramp. Partial ramps may still be used in some cases.""}"
wfi10,gbtds_mid_5stripe,medium,f146,im_66_6_v2,1,-1,17.3,390.8047351419753,0.0025588226295075733,0.00277820637041077,True,False,3,69.57436,"{""partial_saturated"": ""Partial saturation:\n There are 1 pixels saturated at the end of a ramp. Partial ramps may still be used in some cases.""}"
wfi10,gbtds_mid_5stripe,medium,f146,im_66_6_v2,1,-1,17.35,381.9026638685032,0.0026184682501830367,0.00284296578023339,True,False,3,69.57436,"{""partial_saturated"": ""Partial saturation:\n There are 1 pixels saturated at the end of a ramp. Partial ramps may still be used in some cases.""}"
wfi10,gbtds_mid_5stripe,medium,f146,im_66_6_v2,1,-1,17.4,517.0567023159163,0.0019340238614468446,0.002099839727238959,True,False,4,69.57436,"{""partial_saturated"": ""Partial saturation:\n There are 1 pixels saturated at the end of a ramp. Partial ramps may still be used in some cases.""}"
wfi10,gbtds_mid_5stripe,medium,f146,im_66_6_v2,1,-1,17.45,505.4632881698574,0.0019783830466119966,0.0021480021005863344,True,False,4,69.57436,"{""partial_saturated"": ""Partial saturation:\n There are 1 pixels saturated at the end of a ramp. Partial ramps may still be used in some cases.""}"
wfi10,gbtds_mid_5stripe,medium,f146,im_66_6_v2,1,-1,17.5,497.6055874919376,0.0020096237364219,0.0021819212485746,True,False,4,69.57436,"{""partial_saturated"": ""Partial saturation:\n There are 1 pixels saturated at the end of a ramp. Partial ramps may still be used in some cases.""}"
wfi10,gbtds_mid_5stripe,medium,f146,im_66_6_v2,1,-1,17.55,489.60038499367494,0.0020424820540386602,0.0022175967136385233,True,False,4,69.57436,"{""partial_saturated"": ""Partial saturation:\n There are 1 pixels saturated at the end of a ramp. Partial ramps may still be used in some cases.""}"
wfi10,gbtds_mid_5stripe,medium,f146,im_66_6_v2,1,-1,17.6,478.58597631055545,0.002089488721982731,0.0022686335548904443,True,False,4,69.57436,"{""partial_saturated"": ""Partial saturation:\n There are 1 pixels saturated at the end of a ramp. Partial ramps may still be used in some cases.""}"
wfi10,gbtds_mid_5stripe,medium,f146,im_66_6_v2,1,-1,17.65,470.71770323969344,0.0021244155321067065,0.0023065548571587573,True,False,4,69.57436,"{""partial_saturated"": ""Partial saturation:\n There are 1 pixels saturated at the end of a ramp. Partial ramps may still be used in some cases.""}"
wfi10,gbtds_mid_5stripe,medium,f146,im_66_6_v2,1,-1,17.7,460.1030271085657,0.0021734262569066743,0.0023597675754955193,True,False,4,69.57436,"{""partial_saturated"": ""Partial saturation:\n There are 1 pixels saturated at the end of a ramp. Partial ramps may still be used in some cases.""}"
wfi10,gbtds_mid_5stripe,medium,f146,im_66_6_v2,1,-1,17.75,452.4290233577785,0.0022102914454477985,0.002399793445389853,True,False,4,69.57436,"{""partial_saturated"": ""Partial saturation:\n There are 1 pixels saturated at the end of a ramp. Partial ramps may still be used in some cases.""}"
wfi10,gbtds_mid_5stripe,medium,f146,im_66_6_v2,1,-1,17.8,444.81852131793624,0.0022481078284176145,0.0024408520615131807,True,False,4,69.57436,"{""partial_saturated"": ""Partial saturation:\n There are 1 pixels saturated at the end of a ramp. Partial ramps may still be used in some cases.""}"
wfi10,gbtds_mid_5stripe,medium,f146,im_66_6_v2,1,-1,17.85,434.7529261846045,0.002300157031203927,0.002497363765407078,True,False,4,69.57436,"{""partial_saturated"": ""Partial saturation:\n There are 1 pixels saturated at the end of a ramp. Partial ramps may still be used in some cases.""}"
wfi10,gbtds_mid_5stripe,medium,f146,im_66_6_v2,1,-1,17.9,427.3872477231996,0.0023397984037363162,0.0025404038387717973,True,False,4,69.57436,"{""partial_saturated"": ""Partial saturation:\n There are 1 pixels saturated at the end of a ramp. Partial ramps may still be used in some cases.""}"
wfi10,gbtds_mid_5stripe,medium,f146,im_66_6_v2,1,-1,17.95,420.1187816414612,0.0023802792060208878,0.002584355311409812,True,False,4,69.57436,"{""partial_saturated"": ""Partial saturation:\n There are 1 pixels saturated at the end of a ramp. Partial ramps may still be used in some cases.""}"
wfi10,gbtds_mid_5stripe,medium,f146,im_66_6_v2,1,-1,18.0,412.9565129819598,0.0024215624855484,0.0026291780626439,True,False,4,69.57436,"{""partial_saturated"": ""Partial saturation:\n There are 1 pixels saturated at the end of a ramp. Partial ramps may still be used in some cases.""}"
wfi10,gbtds_mid_5stripe,medium,f146,im_66_6_v2,1,-1,18.05,405.905259137184,0.002463629079666666,0.0026748512868890488,True,False,4,69.57436,"{""partial_saturated"": ""Partial saturation:\n There are 1 pixels saturated at the end of a ramp. Partial ramps may still be used in some cases.""}"
wfi10,gbtds_mid_5stripe,medium,f146,im_66_6_v2,1,-1,18.1,396.66581962147797,0.0025210137867544506,0.002737155940973697,True,False,4,69.57436,"{""partial_saturated"": ""Partial saturation:\n There are 1 pixels saturated at the end of a ramp. Partial ramps may still be used in some cases.""}"
wfi10,gbtds_mid_5stripe,medium,f146,im_66_6_v2,1,-1,18.15,389.876960964203,0.0025649117545363653,0.002784817553909828,True,False,4,69.57436,"{""partial_saturated"": ""Partial saturation:\n There are 1 pixels saturated at the end of a ramp. Partial ramps may still be used in some cases.""}"
wfi10,gbtds_mid_5stripe,medium,f146,im_66_6_v2,1,-1,18.2,468.270127130645,0.0021355195261494975,0.0023186108655084345,True,False,5,69.57436,"{""partial_saturated"": ""Partial saturation:\n There are 1 pixels saturated at the end of a ramp. Partial ramps may still be used in some cases.""}"
wfi10,gbtds_mid_5stripe,medium,f146,im_66_6_v2,1,-1,18.25,466.34427193144927,0.0021443385502695656,0.0023281859992862275,False,False,6,69.57436,{}
wfi10,gbtds_mid_5stripe,medium,f146,im_66_6_v2,1,-1,18.3,455.70034883322114,0.0021944244777525584,0.002382566104103403,False,False,6,69.57436,{}
wfi10,gbtds_mid_5stripe,medium,f146,im_66_6_v2,1,-1,18.35,445.27607368465834,0.0022457977400963916,0.0024383439149866398,False,False,6,69.57436,{}
wfi10,gbtds_mid_5stripe,medium,f146,im_66_6_v2,1,-1,18.4,435.0693352166358,0.0022984842163193734,0.00249554752972306,False,False,6,69.57436,{}
wfi10,gbtds_mid_5stripe,medium,f146,im_66_6_v2,1,-1,18.45,425.081272248222,0.002352491312334409,0.0025541849891804326,False,False,6,69.57436,{}
wfi10,gbtds_mid_5stripe,medium,f146,im_66_6_v2,1,-1,18.5,415.3035389191547,0.0024078773867483,0.002614319655411,False,False,6,69.57436,{}
wfi10,gbtds_mid_5stripe,medium,f146,im_66_6_v2,1,-1,18.55,405.7318858363067,0.0024646818130617714,0.002675994277650073,False,False,6,69.57436,{}
wfi10,gbtds_mid_5stripe,medium,f146,im_66_6_v2,1,-1,18.6,396.35858000142747,0.002522967965008853,0.0027392776630550527,False,False,6,69.57436,{}
wfi10,gbtds_mid_5stripe,medium,f146,im_66_6_v2,1,-1,18.65,387.18297623754137,0.002582758182494284,0.0028041940668693485,False,False,6,69.57436,{}
wfi10,gbtds_mid_5stripe,medium,f146,im_66_6_v2,1,-1,18.7,378.20423539323747,0.0026440740383572147,0.002870766911505463,False,False,6,69.57436,{}
wfi10,gbtds_mid_5stripe,medium,f146,im_66_6_v2,1,-1,18.75,369.4131607244702,0.0027069961396038573,0.0029390837149083993,False,False,6,69.57436,{}
wfi10,gbtds_mid_5stripe,medium,f146,im_66_6_v2,1,-1,19.0,328.1770653277133,0.00304713554252,0.0033083853793193,False,False,6,69.57436,{}
wfi10,gbtds_mid_5stripe,medium,f146,im_66_6_v2,1,-1,19.5,257.9209492599313,0.0038771569462246,0.0042095696680455,False,False,6,69.57436,{}
wfi10,gbtds_mid_5stripe,medium,f146,im_66_6_v2,1,-1,20.0,201.4027392859752,0.004965175764467,0.0053908710904694,False,False,6,69.57436,{}
wfi10,gbtds_mid_5stripe,medium,f146,im_66_6_v2,1,-1,20.5,155.6649524800778,0.0064240536104488,0.0069748275861715,False,False,6,69.57436,{}
wfi10,gbtds_mid_5stripe,medium,f146,im_66_6_v2,1,-1,21.0,118.96673607000685,0.0084057109830393,0.0091263847410188,False,False,6,69.57436,{}
wfi10,gbtds_mid_5stripe,medium,f146,im_66_6_v2,1,-1,21.2,106.30819657654908,0.0094066123986962,0.0102130996453911,False,False,6,69.57436,{}
wfi10,gbtds_mid_5stripe,medium,f146,im_66_6_v2,1,-1,21.5,89.2687311528986,0.0112021307694763,0.0121625589468555,False,False,6,69.57436,{}
wfi10,gbtds_mid_5stripe,medium,f146,im_66_6_v2,1,-1,22.0,65.5498782528503,0.0152555584640848,0.0165635121482612,False,False,6,69.57436,{}
wfi10,gbtds_mid_5stripe,medium,f146,im_66_6_v2,1,-1,22.5,47.27303326187882,0.0211537092291135,0.0229673479749748,False,False,6,69.57436,{}
wfi10,gbtds_mid_5stripe,medium,f146,im_66_6_v2,1,-1,23.0,33.04113285445644,0.0302653061081446,0.0328601385897,False,False,6,69.57436,{}
wfi10,gbtds_mid_5stripe,medium,f146,im_66_6_v2,1,-1,23.5,22.75165990314578,0.0439528370350566,0.047721186470795,False,False,6,69.57436,{}
wfi10,gbtds_mid_5stripe,medium,f146,im_66_6_v2,1,-1,24.0,15.205727111508846,0.0657646946224047,0.0714031099464071,False,False,6,69.57436,{}
wfi10,gbtds_mid_5stripe,medium,f146,im_66_6_v2,1,-1,24.5,9.986133010162956,0.1001388624588009,0.1087243884748148,False,False,6,69.57436,{}
wfi10,gbtds_mid_5stripe,medium,f146,im_66_6_v2,1,-1,25.0,6.49521039909297,0.1539596007759265,0.1671595126325312,False,False,6,69.57436,{}
wfi10,gbtds_mid_5stripe,medium,f146,im_66_6_v2,1,-1,25.5,4.173144543074324,0.2396274535133421,0.2601722019334311,False,False,6,69.57436,{}
wfi10,gbtds_mid_5stripe,medium,f146,im_66_6_v2,1,-1,26.0,2.664280437912549,0.3753358639616388,0.4075157364473232,False,False,6,69.57436,{}
wfi10,gbtds_mid_5stripe,medium,f146,im_66_6_v2,1,-1,26.5,1.6938362177843644,0.5903758518684042,0.6409924367884487,False,False,6,69.57436,{}
wfi10,gbtds_mid_5stripe,medium,f146,im_66_6_v2,1,-1,27.0,1.0739253580049817,0.9311634114475966,1.010997828354746,False,False,6,69.57436,{}
wfi10,gbtds_mid_5stripe,medium,f146,im_66_6_v2,1,-1,27.5,0.6796907717240862,1.4712572858145854,1.5973973017230745,False,False,6,69.57436,{}
wfi10,gbtds_mid_5stripe,medium,f146,im_66_6_v2,1,-1,28.0,0.4296940544110584,2.3272372278238915,2.526765715309342,False,False,6,69.57436,{}
wfi10,gbtds_mid_5stripe,medium,f146,im_66_6_v2,1,-1,28.5,0.2714539188171105,3.683866508015824,3.999707241248684,False,False,6,69.57436,{}
wfi10,gbtds_mid_5stripe,medium,f146,im_66_6_v2,1,-1,29.0,0.1714097363472652,5.833974319720459,6.334157136549682,False,False,6,69.57436,{}
wfi10,gbtds_mid_5stripe,medium,f146,im_66_6_v2,1,-1,29.5,0.1082056352722496,9.24166285317729,10.034007951862897,False,False,6,69.57436,{}
wfi10,gbtds_mid_5stripe,medium,f146,im_66_6_v2,1,-1,30.0,0.068294428578309,14.642482861590404,15.897873770379118,False,False,6,69.57436,{}
wfi11,gbtds_mid_5stripe,medium,f146,im_66_6_v2,1,-1,12.0,0.0,,,True,True,0,69.57436,"{""full_saturated"": ""Full saturation:\n There are 23 pixels saturated before the third resultant. These pixels cannot be recovered."", ""partial_saturated"": ""Partial saturation:\n There are 31 pixels saturated at the end of a ramp. Partial ramps may still be used in some cases.""}"
wfi11,gbtds_mid_5stripe,medium,f146,im_66_6_v2,1,-1,12.5,0.0,,,True,True,0,69.57436,"{""full_saturated"": ""Full saturation:\n There are 16 pixels saturated before the third resultant. These pixels cannot be recovered."", ""partial_saturated"": ""Partial saturation:\n There are 25 pixels saturated at the end of a ramp. Partial ramps may still be used in some cases.""}"
wfi11,gbtds_mid_5stripe,medium,f146,im_66_6_v2,1,-1,13.0,0.0,,,True,True,0,69.57436,"{""full_saturated"": ""Full saturation:\n There are 13 pixels saturated before the third resultant. These pixels cannot be recovered."", ""partial_saturated"": ""Partial saturation:\n There are 20 pixels saturated at the end of a ramp. Partial ramps may still be used in some cases.""}"
wfi11,gbtds_mid_5stripe,medium,f146,im_66_6_v2,1,-1,13.5,0.0,,,True,True,0,69.57436,"{""full_saturated"": ""Full saturation:\n There are 10 pixels saturated before the third resultant. These pixels cannot be recovered."", ""partial_saturated"": ""Partial saturation:\n There are 17 pixels saturated at the end of a ramp. Partial ramps may still be used in some cases.""}"
wfi11,gbtds_mid_5stripe,medium,f146,im_66_6_v2,1,-1,14.0,0.0,,,True,True,0,69.57436,"{""full_saturated"": ""Full saturation:\n There are 6 pixels saturated before the third resultant. These pixels cannot be recovered."", ""partial_saturated"": ""Partial saturation:\n There are 16 pixels saturated at the end of a ramp. Partial ramps may still be used in some cases.""}"
wfi11,gbtds_mid_5stripe,medium,f146,im_66_6_v2,1,-1,14.5,0.0,,,True,True,0,69.57436,"{""full_saturated"": ""Full saturation:\n There are 5 pixels saturated before the third resultant. These pixels cannot be recovered."", ""partial_saturated"": ""Partial saturation:\n There are 11 pixels saturated at the end of a ramp. Partial ramps may still be used in some cases.""}"
wfi11,gbtds_mid_5stripe,medium,f146,im_66_6_v2,1,-1,15.0,0.0,,,True,True,1,69.57436,"{""full_saturated"": ""Full saturation:\n There are 1 pixels saturated before the third resultant. These pixels cannot be recovered."", ""partial_saturated"": ""Partial saturation:\n There are 10 pixels saturated at the end of a ramp. Partial ramps may still be used in some cases.""}"
wfi11,gbtds_mid_5stripe,medium,f146,im_66_6_v2,1,-1,15.5,0.0,,,True,True,1,69.57436,"{""full_saturated"": ""Full saturation:\n There are 1 pixels saturated before the third resultant. These pixels cannot be recovered."", ""partial_saturated"": ""Partial saturation:\n There are 9 pixels saturated at the end of a ramp. Partial ramps may still be used in some cases.""}"
wfi11,gbtds_mid_5stripe,medium,f146,im_66_6_v2,1,-1,15.55,0.0,,,True,True,1,69.57436,"{""full_saturated"": ""Full saturation:\n There are 1 pixels saturated before the third resultant. These pixels cannot be recovered."", ""partial_saturated"": ""Partial saturation:\n There are 8 pixels saturated at the end of a ramp. Partial ramps may still be used in some cases.""}"
wfi11,gbtds_mid_5stripe,medium,f146,im_66_6_v2,1,-1,15.6,0.0,,,True,True,2,69.57436,"{""full_saturated"": ""Full saturation:\n There are 1 pixels saturated before the third resultant. These pixels cannot be recovered."", ""partial_saturated"": ""Partial saturation:\n There are 8 pixels saturated at the end of a ramp. Partial ramps may still be used in some cases.""}"
wfi11,gbtds_mid_5stripe,medium,f146,im_66_6_v2,1,-1,15.65,0.0,,,True,True,2,69.57436,"{""full_saturated"": ""Full saturation:\n There are 1 pixels saturated before the third resultant. These pixels cannot be recovered."", ""partial_saturated"": ""Partial saturation:\n There are 8 pixels saturated at the end of a ramp. Partial ramps may still be used in some cases.""}"
wfi11,gbtds_mid_5stripe,medium,f146,im_66_6_v2,1,-1,15.7,0.0,,,True,True,2,69.57436,"{""full_saturated"": ""Full saturation:\n There are 1 pixels saturated before the third resultant. These pixels cannot be recovered."", ""partial_saturated"": ""Partial saturation:\n There are 7 pixels saturated at the end of a ramp. Partial ramps may still be used in some cases.""}"
wfi11,gbtds_mid_5stripe,medium,f146,im_66_6_v2,1,-1,15.75,0.0,,,True,True,2,69.57436,"{""full_saturated"": ""Full saturation:\n There are 1 pixels saturated before the third resultant. These pixels cannot be recovered."", ""partial_saturated"": ""Partial saturation:\n There are 6 pixels saturated at the end of a ramp. Partial ramps may still be used in some cases.""}"
wfi11,gbtds_mid_5stripe,medium,f146,im_66_6_v2,1,-1,15.8,0.0,,,True,True,2,69.57436,"{""full_saturated"": ""Full saturation:\n There are 1 pixels saturated before the third resultant. These pixels cannot be recovered."", ""partial_saturated"": ""Partial saturation:\n There are 6 pixels saturated at the end of a ramp. Partial ramps may still be used in some cases.""}"
wfi11,gbtds_mid_5stripe,medium,f146,im_66_6_v2,1,-1,15.85,0.0,,,True,True,2,69.57436,"{""full_saturated"": ""Full saturation:\n There are 1 pixels saturated before the third resultant. These pixels cannot be recovered."", ""partial_saturated"": ""Partial saturation:\n There are 5 pixels saturated at the end of a ramp. Partial ramps may still be used in some cases.""}"
wfi11,gbtds_mid_5stripe,medium,f146,im_66_6_v2,1,-1,15.9,0.0,,,True,True,2,69.57436,"{""full_saturated"": ""Full saturation:\n There are 1 pixels saturated before the third resultant. These pixels cannot be recovered."", ""partial_saturated"": ""Partial saturation:\n There are 5 pixels saturated at the end of a ramp. Partial ramps may still be used in some cases.""}"
wfi11,gbtds_mid_5stripe,medium,f146,im_66_6_v2,1,-1,15.95,0.0,,,True,True,2,69.57436,"{""full_saturated"": ""Full saturation:\n There are 1 pixels saturated before the third resultant. These pixels cannot be recovered."", ""partial_saturated"": ""Partial saturation:\n There are 4 pixels saturated at the end of a ramp. Partial ramps may still be used in some cases.""}"
wfi11,gbtds_mid_5stripe,medium,f146,im_66_6_v2,1,-1,16.0,0.0,,,True,True,2,69.57436,"{""full_saturated"": ""Full saturation:\n There are 1 pixels saturated before the third resultant. These pixels cannot be recovered."", ""partial_saturated"": ""Partial saturation:\n There are 4 pixels saturated at the end of a ramp. Partial ramps may still be used in some cases.""}"
wfi11,gbtds_mid_5stripe,medium,f146,im_66_6_v2,1,-1,16.05,0.0,,,True,True,2,69.57436,"{""full_saturated"": ""Full saturation:\n There are 1 pixels saturated before the third resultant. These pixels cannot be recovered."", ""partial_saturated"": ""Partial saturation:\n There are 4 pixels saturated at the end of a ramp. Partial ramps may still be used in some cases.""}"
wfi11,gbtds_mid_5stripe,medium,f146,im_66_6_v2,1,-1,16.1,0.0,,,True,True,2,69.57436,"{""full_saturated"": ""Full saturation:\n There are 1 pixels saturated before the third resultant. These pixels cannot be recovered."", ""partial_saturated"": ""Partial saturation:\n There are 4 pixels saturated at the end of a ramp. Partial ramps may still be used in some cases.""}"
wfi11,gbtds_mid_5stripe,medium,f146,im_66_6_v2,1,-1,16.15,0.0,,,True,True,2,69.57436,"{""full_saturated"": ""Full saturation:\n There are 1 pixels saturated before the third resultant. These pixels cannot be recovered."", ""partial_saturated"": ""Partial saturation:\n There are 4 pixels saturated at the end of a ramp. Partial ramps may still be used in some cases.""}"
wfi11,gbtds_mid_5stripe,medium,f146,im_66_6_v2,1,-1,16.2,0.0,,,True,True,2,69.57436,"{""full_saturated"": ""Full saturation:\n There are 1 pixels saturated before the third resultant. These pixels cannot be recovered."", ""partial_saturated"": ""Partial saturation:\n There are 4 pixels saturated at the end of a ramp. Partial ramps may still be used in some cases.""}"
wfi11,gbtds_mid_5stripe,medium,f146,im_66_6_v2,1,-1,16.25,0.0,,,True,True,2,69.57436,"{""full_saturated"": ""Full saturation:\n There are 1 pixels saturated before the third resultant. These pixels cannot be recovered."", ""partial_saturated"": ""Partial saturation:\n There are 4 pixels saturated at the end of a ramp. Partial ramps may still be used in some cases.""}"
wfi11,gbtds_mid_5stripe,medium,f146,im_66_6_v2,1,-1,16.3,0.0,,,True,True,2,69.57436,"{""full_saturated"": ""Full saturation:\n There are 1 pixels saturated before the third resultant. These pixels cannot be recovered."", ""partial_saturated"": ""Partial saturation:\n There are 4 pixels saturated at the end of a ramp. Partial ramps may still be used in some cases.""}"
wfi11,gbtds_mid_5stripe,medium,f146,im_66_6_v2,1,-1,16.35,471.3142955606412,0.0021217264348208933,0.002303635206877433,True,False,3,69.57436,"{""partial_saturated"": ""Partial saturation:\n There are 5 pixels saturated at the end of a ramp. Partial ramps may still be used in some cases.""}"
wfi11,gbtds_mid_5stripe,medium,f146,im_66_6_v2,1,-1,16.4,461.17504379432256,0.002168374055483335,0.00235428221749647,True,False,3,69.57436,"{""partial_saturated"": ""Partial saturation:\n There are 5 pixels saturated at the end of a ramp. Partial ramps may still be used in some cases.""}"
wfi11,gbtds_mid_5stripe,medium,f146,im_66_6_v2,1,-1,16.45,451.4421889848988,0.0022151230531833412,0.002405039296835521,True,False,3,69.57436,"{""partial_saturated"": ""Partial saturation:\n There are 5 pixels saturated at the end of a ramp. Partial ramps may still be used in some cases.""}"
wfi11,gbtds_mid_5stripe,medium,f146,im_66_6_v2,1,-1,16.5,441.9031215552948,0.0022629394345087,0.002456955273221,True,False,3,69.57436,"{""partial_saturated"": ""Partial saturation:\n There are 5 pixels saturated at the end of a ramp. Partial ramps may still be used in some cases.""}"
wfi11,gbtds_mid_5stripe,medium,f146,im_66_6_v2,1,-1,16.55,432.7462566773571,0.0023108229928504513,0.002508944186125271,True,False,3,69.57436,"{""partial_saturated"": ""Partial saturation:\n There are 5 pixels saturated at the end of a ramp. Partial ramps may still be used in some cases.""}"
wfi11,gbtds_mid_5stripe,medium,f146,im_66_6_v2,1,-1,16.6,437.6088541468522,0.0022851457197994017,0.0024810654411342864,True,False,3,69.57436,"{""partial_saturated"": ""Partial saturation:\n There are 5 pixels saturated at the end of a ramp. Partial ramps may still be used in some cases.""}"
wfi11,gbtds_mid_5stripe,medium,f146,im_66_6_v2,1,-1,16.65,428.14938549805726,0.0023356333884182057,0.0025358817308475524,True,False,3,69.57436,"{""partial_saturated"": ""Partial saturation:\n There are 5 pixels saturated at the end of a ramp. Partial ramps may still be used in some cases.""}"
wfi11,gbtds_mid_5stripe,medium,f146,im_66_6_v2,1,-1,16.7,424.8570300207142,0.002353732972127693,0.002555533104171993,True,False,3,69.57436,"{""partial_saturated"": ""Partial saturation:\n There are 5 pixels saturated at the end of a ramp. Partial ramps may still be used in some cases.""}"
wfi11,gbtds_mid_5stripe,medium,f146,im_66_6_v2,1,-1,16.75,422.2210754042095,0.002368427485630979,0.0025714874694938183,True,False,3,69.57436,"{""partial_saturated"": ""Partial saturation:\n There are 4 pixels saturated at the end of a ramp. Partial ramps may still be used in some cases.""}"
wfi11,gbtds_mid_5stripe,medium,f146,im_66_6_v2,1,-1,16.8,441.84331614553633,0.002263245733178898,0.0024572878327766864,True,False,3,69.57436,"{""partial_saturated"": ""Partial saturation:\n There are 3 pixels saturated at the end of a ramp. Partial ramps may still be used in some cases.""}"
wfi11,gbtds_mid_5stripe,medium,f146,im_66_6_v2,1,-1,16.85,432.9802595527354,0.0023095741155335597,0.0025075882348070204,True,False,3,69.57436,"{""partial_saturated"": ""Partial saturation:\n There are 1 pixels saturated at the end of a ramp. Partial ramps may still be used in some cases.""}"
wfi11,gbtds_mid_5stripe,medium,f146,im_66_6_v2,1,-1,16.9,423.20281376544403,0.0023629332496693657,0.0025655221785928104,True,False,3,69.57436,"{""partial_saturated"": ""Partial saturation:\n There are 1 pixels saturated at the end of a ramp. Partial ramps may still be used in some cases.""}"
wfi11,gbtds_mid_5stripe,medium,f146,im_66_6_v2,1,-1,16.95,428.8526187520299,0.002331803412813523,0.002531723387670208,True,False,3,69.57436,"{""partial_saturated"": ""Partial saturation:\n There are 1 pixels saturated at the end of a ramp. Partial ramps may still be used in some cases.""}"
wfi11,gbtds_mid_5stripe,medium,f146,im_66_6_v2,1,-1,17.0,419.1593709643548,0.0023857274088834,0.0025902706225085,True,False,3,69.57436,"{""partial_saturated"": ""Partial saturation:\n There are 1 pixels saturated at the end of a ramp. Partial ramps may still be used in some cases.""}"
wfi11,gbtds_mid_5stripe,medium,f146,im_66_6_v2,1,-1,17.05,409.67451117677706,0.00244096220955395,0.002650241045359123,True,False,3,69.57436,"{""partial_saturated"": ""Partial saturation:\n There are 1 pixels saturated at the end of a ramp. Partial ramps may still be used in some cases.""}"
wfi11,gbtds_mid_5stripe,medium,f146,im_66_6_v2,1,-1,17.1,415.5147523742631,0.002406653420332182,0.0026129907507596345,True,False,3,69.57436,"{""partial_saturated"": ""Partial saturation:\n There are 1 pixels saturated at the end of a ramp. Partial ramps may still be used in some cases.""}"
wfi11,gbtds_mid_5stripe,medium,f146,im_66_6_v2,1,-1,17.15,406.10215411658623,0.002462434611250336,0.0026735544092839993,True,False,3,69.57436,"{""partial_saturated"": ""Partial saturation:\n There are 1 pixels saturated at the end of a ramp. Partial ramps may still be used in some cases.""}"
wfi11,gbtds_mid_5stripe,medium,f146,im_66_6_v2,1,-1,17.2,396.8922817644488,0.0025195753254619573,0.002735594151469294,True,False,3,69.57436,"{""partial_saturated"": ""Partial saturation:\n There are 1 pixels saturated at the end of a ramp. Partial ramps may still be used in some cases.""}"
wfi11,gbtds_mid_5stripe,medium,f146,im_66_6_v2,1,-1,17.25,403.1394363004389,0.002480531324786474,0.002693202666357321,True,False,3,69.57436,"{""partial_saturated"": ""Partial saturation:\n There are 1 pixels saturated at the end of a ramp. Partial ramps may still be used in some cases.""}"
wfi11,gbtds_mid_5stripe,medium,f146,im_66_6_v2,1,-1,17.3,393.98515052142824,0.0025381667270366107,0.002755779509256093,True,False,3,69.57436,"{""partial_saturated"": ""Partial saturation:\n There are 1 pixels saturated at the end of a ramp. Partial ramps may still be used in some cases.""}"
wfi11,gbtds_mid_5stripe,medium,f146,im_66_6_v2,1,-1,17.35,531.4557455323167,0.001881624215010377,0.002042947533986361,True,False,4,69.57436,"{""partial_saturated"": ""Partial saturation:\n There are 1 pixels saturated at the end of a ramp. Partial ramps may still be used in some cases.""}"
wfi11,gbtds_mid_5stripe,medium,f146,im_66_6_v2,1,-1,17.4,519.5613647867623,0.001924700464227972,0.002089716977327088,True,False,4,69.57436,"{""partial_saturated"": ""Partial saturation:\n There are 1 pixels saturated at the end of a ramp. Partial ramps may still be used in some cases.""}"
wfi11,gbtds_mid_5stripe,medium,f146,im_66_6_v2,1,-1,17.45,511.4461476193619,0.0019552400671208866,0.0021228749298668613,True,False,4,69.57436,"{""partial_saturated"": ""Partial saturation:\n There are 1 pixels saturated at the end of a ramp. Partial ramps may still be used in some cases.""}"
wfi11,gbtds_mid_5stripe,medium,f146,im_66_6_v2,1,-1,17.5,499.97237575886334,0.0020001105030696,0.0021715923866997,True,False,4,69.57436,"{""partial_saturated"": ""Partial saturation:\n There are 1 pixels saturated at the end of a ramp. Partial ramps may still be used in some cases.""}"
wfi11,gbtds_mid_5stripe,medium,f146,im_66_6_v2,1,-1,17.55,491.88796023350824,0.0020329832824639207,0.0022072835534391014,True,False,4,69.57436,"{""partial_saturated"": ""Partial saturation:\n There are 1 pixels saturated at the end of a ramp. Partial ramps may still be used in some cases.""}"
wfi11,gbtds_mid_5stripe,medium,f146,im_66_6_v2,1,-1,17.6,480.8269799535228,0.0020797501839365604,0.002258060071552303,True,False,4,69.57436,"{""partial_saturated"": ""Partial saturation:\n There are 1 pixels saturated at the end of a ramp. Partial ramps may still be used in some cases.""}"
wfi11,gbtds_mid_5stripe,medium,f146,im_66_6_v2,1,-1,17.65,472.8857133972771,0.00211467585437475,0.0022959801364224957,True,False,4,69.57436,"{""partial_saturated"": ""Partial saturation:\n There are 1 pixels saturated at the end of a ramp. Partial ramps may still be used in some cases.""}"
wfi11,gbtds_mid_5stripe,medium,f146,im_66_6_v2,1,-1,17.7,464.97743271245383,0.0021506420089389775,0.0023350298925788045,True,False,4,69.57436,"{""partial_saturated"": ""Partial saturation:\n There are 1 pixels saturated at the end of a ramp. Partial ramps may still be used in some cases.""}"
wfi11,gbtds_mid_5stripe,medium,f146,im_66_6_v2,1,-1,17.75,454.48625297245815,0.002200286572937554,0.0023889307930814907,True,False,4,69.57436,"{""partial_saturated"": ""Partial saturation:\n There are 1 pixels saturated at the end of a ramp. Partial ramps may still be used in some cases.""}"
wfi11,gbtds_mid_5stripe,medium,f146,im_66_6_v2,1,-1,17.8,446.8116881721516,0.002238079321717992,0.002429963748709741,True,False,4,69.57436,"{""partial_saturated"": ""Partial saturation:\n There are 1 pixels saturated at the end of a ramp. Partial ramps may still be used in some cases.""}"
wfi11,gbtds_mid_5stripe,medium,f146,im_66_6_v2,1,-1,17.85,439.2254341511473,0.002276735184820553,0.0024719338188063655,True,False,4,69.57436,"{""partial_saturated"": ""Partial saturation:\n There are 1 pixels saturated at the end of a ramp. Partial ramps may still be used in some cases.""}"
wfi11,gbtds_mid_5stripe,medium,f146,im_66_6_v2,1,-1,17.9,429.2813846963803,0.0023294744092089486,0.0025291947041357096,True,False,4,69.57436,"{""partial_saturated"": ""Partial saturation:\n There are 1 pixels saturated at the end of a ramp. Partial ramps may still be used in some cases.""}"
wfi11,gbtds_mid_5stripe,medium,f146,im_66_6_v2,1,-1,17.95,421.9548221821045,0.002369921961855022,0.0025731100764374115,True,False,4,69.57436,"{""partial_saturated"": ""Partial saturation:\n There are 1 pixels saturated at the end of a ramp. Partial ramps may still be used in some cases.""}"
wfi11,gbtds_mid_5stripe,medium,f146,im_66_6_v2,1,-1,18.0,414.7354032685115,0.002411175877726,0.0026179009464865,True,False,4,69.57436,"{""partial_saturated"": ""Partial saturation:\n There are 1 pixels saturated at the end of a ramp. Partial ramps may still be used in some cases.""}"
wfi11,gbtds_mid_5stripe,medium,f146,im_66_6_v2,1,-1,18.05,407.6290295530609,0.0024532109528519986,0.0026635399494206033,True,False,4,69.57436,"{""partial_saturated"": ""Partial saturation:\n There are 1 pixels saturated at the end of a ramp. Partial ramps may still be used in some cases.""}"
wfi11,gbtds_mid_5stripe,medium,f146,im_66_6_v2,1,-1,18.1,400.6380526151048,0.002496018522136502,0.0027100176772304804,True,False,4,69.57436,"{""partial_saturated"": ""Partial saturation:\n There are 1 pixels saturated at the end of a ramp. Partial ramps may still be used in some cases.""}"
wfi11,gbtds_mid_5stripe,medium,f146,im_66_6_v2,1,-1,18.15,479.71307713783267,0.0020845794031015687,0.0022633033296404637,True,False,5,69.57436,"{""partial_saturated"": ""Partial saturation:\n There are 1 pixels saturated at the end of a ramp. Partial ramps may still be used in some cases.""}"
wfi11,gbtds_mid_5stripe,medium,f146,im_66_6_v2,1,-1,18.2,477.61492845817406,0.0020937369006202924,0.002273245956241525,False,False,6,69.57436,{}
wfi11,gbtds_mid_5stripe,medium,f146,im_66_6_v2,1,-1,18.25,466.7326374739245,0.002142554258498514,0.0023262487291105445,False,False,6,69.57436,{}
wfi11,gbtds_mid_5stripe,medium,f146,im_66_6_v2,1,-1,18.3,456.081616998623,0.0021925900161922536,0.002380574362771143,False,False,6,69.57436,{}
wfi11,gbtds_mid_5stripe,medium,f146,im_66_6_v2,1,-1,18.35,445.6523038642841,0.002243901784707329,0.0024362854075781286,False,False,6,69.57436,{}
wfi11,gbtds_mid_5stripe,medium,f146,im_66_6_v2,1,-1,18.4,435.44918507584185,0.0022964792087642343,0.0024933706204296317,False,False,6,69.57436,{}
wfi11,gbtds_mid_5stripe,medium,f146,im_66_6_v2,1,-1,18.45,425.4618581539979,0.002350386952049754,0.0025519002090315275,False,False,6,69.57436,{}
wfi11,gbtds_mid_5stripe,medium,f146,im_66_6_v2,1,-1,18.5,415.6850577698188,0.0024056674188989,0.0026119202133056,False,False,6,69.57436,{}
wfi11,gbtds_mid_5stripe,medium,f146,im_66_6_v2,1,-1,18.55,406.11829691095886,0.0024623367319479557,0.002673448138181709,False,False,6,69.57436,{}
wfi11,gbtds_mid_5stripe,medium,f146,im_66_6_v2,1,-1,18.6,396.7524379245942,0.0025204634034033525,0.002736558369842914,False,False,6,69.57436,{}
wfi11,gbtds_mid_5stripe,medium,f146,im_66_6_v2,1,-1,18.65,387.5867043519544,0.002580067862936634,0.0028012730895232386,False,False,6,69.57436,{}
wfi11,gbtds_mid_5stripe,medium,f146,im_66_6_v2,1,-1,18.7,378.6137051678633,0.0026412144789017527,0.0028676621842750093,False,False,6,69.57436,{}
wfi11,gbtds_mid_5stripe,medium,f146,im_66_6_v2,1,-1,18.75,369.8324327695993,0.002703927269199202,0.002935751731202354,False,False,6,69.57436,{}
wfi11,gbtds_mid_5stripe,medium,f146,im_66_6_v2,1,-1,19.0,328.6468982788924,0.0030427793636177,0.0033036557181707,False,False,6,69.57436,{}
wfi11,gbtds_mid_5stripe,medium,f146,im_66_6_v2,1,-1,19.5,258.4617169433101,0.0038690449472613,0.0042007621770781,False,False,6,69.57436,{}
wfi11,gbtds_mid_5stripe,medium,f146,im_66_6_v2,1,-1,20.0,202.0100897516092,0.0049502477882644,0.0053746632462425,False,False,6,69.57436,{}
wfi11,gbtds_mid_5stripe,medium,f146,im_66_6_v2,1,-1,20.5,156.39562721601263,0.0063940406634183,0.0069422414429689,False,False,6,69.57436,{}
wfi11,gbtds_mid_5stripe,medium,f146,im_66_6_v2,1,-1,21.0,119.67851247262858,0.0083557188282124,0.0090721064485694,False,False,6,69.57436,{}
wfi11,gbtds_mid_5stripe,medium,f146,im_66_6_v2,1,-1,21.2,107.0446209467154,0.0093418986508231,0.0101428375863798,False,False,6,69.57436,{}
wfi11,gbtds_mid_5stripe,medium,f146,im_66_6_v2,1,-1,21.5,90.04309380112394,0.0111057934349598,0.0120579620149011,False,False,6,69.57436,{}
wfi11,gbtds_mid_5stripe,medium,f146,im_66_6_v2,1,-1,22.0,66.32200121719352,0.0150779527403759,0.0163706791838582,False,False,6,69.57436,{}
wfi11,gbtds_mid_5stripe,medium,f146,im_66_6_v2,1,-1,22.5,47.80165889243112,0.0209197760740964,0.0227133582790793,False,False,6,69.57436,{}
wfi11,gbtds_mid_5stripe,medium,f146,im_66_6_v2,1,-1,23.0,33.593442399233055,0.0297677144281834,0.0323198852875797,False,False,6,69.57436,{}
wfi11,gbtds_mid_5stripe,medium,f146,im_66_6_v2,1,-1,23.5,23.05472266154477,0.0433750609226801,0.0470938740273434,False,False,6,69.57436,{}
wfi11,gbtds_mid_5stripe,medium,f146,im_66_6_v2,1,-1,24.0,15.50012473613504,0.0645156098433663,0.0700469333789928,False,False,6,69.57436,{}
wfi11,gbtds_mid_5stripe,medium,f146,im_66_6_v2,1,-1,24.5,10.196517906942043,0.098072695907215,0.1064810766446978,False,False,6,69.57436,{}
wfi11,gbtds_mid_5stripe,medium,f146,im_66_6_v2,1,-1,25.0,6.634893665481539,0.1507183159848611,0.1636403323849396,False,False,6,69.57436,{}
wfi11,gbtds_mid_5stripe,medium,f146,im_66_6_v2,1,-1,25.5,4.266375682927138,0.2343909853043943,0.2544867788139115,False,False,6,69.57436,{}
wfi11,gbtds_mid_5stripe,medium,f146,im_66_6_v2,1,-1,26.0,2.725295928634547,0.3669326290378415,0.3983920400534686,False,False,6,69.57436,{}
wfi11,gbtds_mid_5stripe,medium,f146,im_66_6_v2,1,-1,26.5,1.7332509187010483,0.5769505091331097,0.6264160561194531,False,False,6,69.57436,{}
wfi11,gbtds_mid_5stripe,medium,f146,im_66_6_v2,1,-1,27.0,1.0991710145281266,0.9097765377567744,0.987777325282031,False,False,6,69.57436,{}
wfi11,gbtds_mid_5stripe,medium,f146,im_66_6_v2,1,-1,27.5,0.6957726976071357,1.4372509922265513,1.5604754375849117,False,False,6,69.57436,{}
wfi11,gbtds_mid_5stripe,medium,f146,im_66_6_v2,1,-1,28.0,0.4399027848853588,2.2732295278844523,2.4681276001493795,False,False,6,69.57436,{}
wfi11,gbtds_mid_5stripe,medium,f146,im_66_6_v2,1,-1,28.5,0.2779199673049713,3.598158166529521,3.906650591847231,False,False,6,69.57436,{}
wfi11,gbtds_mid_5stripe,medium,f146,im_66_6_v2,1,-1,29.0,0.1754994519769777,5.698023490872104,6.186550399602146,False,False,6,69.57436,{}
wfi11,gbtds_mid_5stripe,medium,f146,im_66_6_v2,1,-1,29.5,0.1107900282945401,9.026083081606012,9.799945188854473,False,False,6,69.57436,{}
wfi11,gbtds_mid_5stripe,medium,f146,im_66_6_v2,1,-1,30.0,0.0699266498799508,14.30069940025422,15.526787092218871,False,False,6,69.57436,{}
wfi12,gbtds_mid_5stripe,medium,f146,im_66_6_v2,1,-1,12.0,0.0,,,True,True,0,69.57436,"{""full_saturated"": ""Full saturation:\n There are 23 pixels saturated before the third resultant. These pixels cannot be recovered."", ""partial_saturated"": ""Partial saturation:\n There are 32 pixels saturated at the end of a ramp. Partial ramps may still be used in some cases.""}"
wfi12,gbtds_mid_5stripe,medium,f146,im_66_6_v2,1,-1,12.5,0.0,,,True,True,0,69.57436,"{""full_saturated"": ""Full saturation:\n There are 19 pixels saturated before the third resultant. These pixels cannot be recovered."", ""partial_saturated"": ""Partial saturation:\n There are 22 pixels saturated at the end of a ramp. Partial ramps may still be used in some cases.""}"
wfi12,gbtds_mid_5stripe,medium,f146,im_66_6_v2,1,-1,13.0,0.0,,,True,True,0,69.57436,"{""full_saturated"": ""Full saturation:\n There are 13 pixels saturated before the third resultant. These pixels cannot be recovered."", ""partial_saturated"": ""Partial saturation:\n There are 21 pixels saturated at the end of a ramp. Partial ramps may still be used in some cases.""}"
wfi12,gbtds_mid_5stripe,medium,f146,im_66_6_v2,1,-1,13.5,0.0,,,True,True,0,69.57436,"{""full_saturated"": ""Full saturation:\n There are 9 pixels saturated before the third resultant. These pixels cannot be recovered."", ""partial_saturated"": ""Partial saturation:\n There are 16 pixels saturated at the end of a ramp. Partial ramps may still be used in some cases.""}"
wfi12,gbtds_mid_5stripe,medium,f146,im_66_6_v2,1,-1,14.0,0.0,,,True,True,0,69.57436,"{""full_saturated"": ""Full saturation:\n There are 7 pixels saturated before the third resultant. These pixels cannot be recovered."", ""partial_saturated"": ""Partial saturation:\n There are 14 pixels saturated at the end of a ramp. Partial ramps may still be used in some cases.""}"
wfi12,gbtds_mid_5stripe,medium,f146,im_66_6_v2,1,-1,14.5,0.0,,,True,True,0,69.57436,"{""full_saturated"": ""Full saturation:\n There are 5 pixels saturated before the third resultant. These pixels cannot be recovered."", ""partial_saturated"": ""Partial saturation:\n There are 12 pixels saturated at the end of a ramp. Partial ramps may still be used in some cases.""}"
wfi12,gbtds_mid_5stripe,medium,f146,im_66_6_v2,1,-1,15.0,0.0,,,True,True,1,69.57436,"{""full_saturated"": ""Full saturation:\n There are 3 pixels saturated before the third resultant. These pixels cannot be recovered."", ""partial_saturated"": ""Partial saturation:\n There are 10 pixels saturated at the end of a ramp. Partial ramps may still be used in some cases.""}"
wfi12,gbtds_mid_5stripe,medium,f146,im_66_6_v2,1,-1,15.5,0.0,,,True,True,1,69.57436,"{""full_saturated"": ""Full saturation:\n There are 1 pixels saturated before the third resultant. These pixels cannot be recovered."", ""partial_saturated"": ""Partial saturation:\n There are 8 pixels saturated at the end of a ramp. Partial ramps may still be used in some cases.""}"
wfi12,gbtds_mid_5stripe,medium,f146,im_66_6_v2,1,-1,15.55,0.0,,,True,True,1,69.57436,"{""full_saturated"": ""Full saturation:\n There are 1 pixels saturated before the third resultant. These pixels cannot be recovered."", ""partial_saturated"": ""Partial saturation:\n There are 8 pixels saturated at the end of a ramp. Partial ramps may still be used in some cases.""}"
wfi12,gbtds_mid_5stripe,medium,f146,im_66_6_v2,1,-1,15.6,0.0,,,True,True,1,69.57436,"{""full_saturated"": ""Full saturation:\n There are 1 pixels saturated before the third resultant. These pixels cannot be recovered."", ""partial_saturated"": ""Partial saturation:\n There are 8 pixels saturated at the end of a ramp. Partial ramps may still be used in some cases.""}"
wfi12,gbtds_mid_5stripe,medium,f146,im_66_6_v2,1,-1,15.65,0.0,,,True,True,2,69.57436,"{""full_saturated"": ""Full saturation:\n There are 1 pixels saturated before the third resultant. These pixels cannot be recovered."", ""partial_saturated"": ""Partial saturation:\n There are 6 pixels saturated at the end of a ramp. Partial ramps may still be used in some cases.""}"
wfi12,gbtds_mid_5stripe,medium,f146,im_66_6_v2,1,-1,15.7,0.0,,,True,True,2,69.57436,"{""full_saturated"": ""Full saturation:\n There are 1 pixels saturated before the third resultant. These pixels cannot be recovered."", ""partial_saturated"": ""Partial saturation:\n There are 6 pixels saturated at the end of a ramp. Partial ramps may still be used in some cases.""}"
wfi12,gbtds_mid_5stripe,medium,f146,im_66_6_v2,1,-1,15.75,0.0,,,True,True,2,69.57436,"{""full_saturated"": ""Full saturation:\n There are 1 pixels saturated before the third resultant. These pixels cannot be recovered."", ""partial_saturated"": ""Partial saturation:\n There are 6 pixels saturated at the end of a ramp. Partial ramps may still be used in some cases.""}"
wfi12,gbtds_mid_5stripe,medium,f146,im_66_6_v2,1,-1,15.8,0.0,,,True,True,2,69.57436,"{""full_saturated"": ""Full saturation:\n There are 1 pixels saturated before the third resultant. These pixels cannot be recovered."", ""partial_saturated"": ""Partial saturation:\n There are 6 pixels saturated at the end of a ramp. Partial ramps may still be used in some cases.""}"
wfi12,gbtds_mid_5stripe,medium,f146,im_66_6_v2,1,-1,15.85,0.0,,,True,True,2,69.57436,"{""full_saturated"": ""Full saturation:\n There are 1 pixels saturated before the third resultant. These pixels cannot be recovered."", ""partial_saturated"": ""Partial saturation:\n There are 6 pixels saturated at the end of a ramp. Partial ramps may still be used in some cases.""}"
wfi12,gbtds_mid_5stripe,medium,f146,im_66_6_v2,1,-1,15.9,0.0,,,True,True,2,69.57436,"{""full_saturated"": ""Full saturation:\n There are 1 pixels saturated before the third resultant. These pixels cannot be recovered."", ""partial_saturated"": ""Partial saturation:\n There are 6 pixels saturated at the end of a ramp. Partial ramps may still be used in some cases.""}"
wfi12,gbtds_mid_5stripe,medium,f146,im_66_6_v2,1,-1,15.95,0.0,,,True,True,2,69.57436,"{""full_saturated"": ""Full saturation:\n There are 1 pixels saturated before the third resultant. These pixels cannot be recovered."", ""partial_saturated"": ""Partial saturation:\n There are 6 pixels saturated at the end of a ramp. Partial ramps may still be used in some cases.""}"
wfi12,gbtds_mid_5stripe,medium,f146,im_66_6_v2,1,-1,16.0,0.0,,,True,True,2,69.57436,"{""full_saturated"": ""Full saturation:\n There are 1 pixels saturated before the third resultant. These pixels cannot be recovered."", ""partial_saturated"": ""Partial saturation:\n There are 6 pixels saturated at the end of a ramp. Partial ramps may still be used in some cases.""}"
wfi12,gbtds_mid_5stripe,medium,f146,im_66_6_v2,1,-1,16.05,0.0,,,True,True,2,69.57436,"{""full_saturated"": ""Full saturation:\n There are 1 pixels saturated before the third resultant. These pixels cannot be recovered."", ""partial_saturated"": ""Partial saturation:\n There are 6 pixels saturated at the end of a ramp. Partial ramps may still be used in some cases.""}"
wfi12,gbtds_mid_5stripe,medium,f146,im_66_6_v2,1,-1,16.1,0.0,,,True,True,2,69.57436,"{""full_saturated"": ""Full saturation:\n There are 1 pixels saturated before the third resultant. These pixels cannot be recovered."", ""partial_saturated"": ""Partial saturation:\n There are 4 pixels saturated at the end of a ramp. Partial ramps may still be used in some cases.""}"
wfi12,gbtds_mid_5stripe,medium,f146,im_66_6_v2,1,-1,16.15,0.0,,,True,True,2,69.57436,"{""full_saturated"": ""Full saturation:\n There are 1 pixels saturated before the third resultant. These pixels cannot be recovered."", ""partial_saturated"": ""Partial saturation:\n There are 4 pixels saturated at the end of a ramp. Partial ramps may still be used in some cases.""}"
wfi12,gbtds_mid_5stripe,medium,f146,im_66_6_v2,1,-1,16.2,0.0,,,True,True,2,69.57436,"{""full_saturated"": ""Full saturation:\n There are 1 pixels saturated before the third resultant. These pixels cannot be recovered."", ""partial_saturated"": ""Partial saturation:\n There are 4 pixels saturated at the end of a ramp. Partial ramps may still be used in some cases.""}"
wfi12,gbtds_mid_5stripe,medium,f146,im_66_6_v2,1,-1,16.25,0.0,,,True,True,2,69.57436,"{""full_saturated"": ""Full saturation:\n There are 1 pixels saturated before the third resultant. These pixels cannot be recovered."", ""partial_saturated"": ""Partial saturation:\n There are 4 pixels saturated at the end of a ramp. Partial ramps may still be used in some cases.""}"
wfi12,gbtds_mid_5stripe,medium,f146,im_66_6_v2,1,-1,16.3,0.0,,,True,True,2,69.57436,"{""full_saturated"": ""Full saturation:\n There are 1 pixels saturated before the third resultant. These pixels cannot be recovered."", ""partial_saturated"": ""Partial saturation:\n There are 4 pixels saturated at the end of a ramp. Partial ramps may still be used in some cases.""}"
wfi12,gbtds_mid_5stripe,medium,f146,im_66_6_v2,1,-1,16.35,0.0,,,True,True,2,69.57436,"{""full_saturated"": ""Full saturation:\n There are 1 pixels saturated before the third resultant. These pixels cannot be recovered."", ""partial_saturated"": ""Partial saturation:\n There are 4 pixels saturated at the end of a ramp. Partial ramps may still be used in some cases.""}"
wfi12,gbtds_mid_5stripe,medium,f146,im_66_6_v2,1,-1,16.4,473.5506867216172,0.0021117063664778564,0.0022927560559032477,True,False,3,69.57436,"{""partial_saturated"": ""Partial saturation:\n There are 5 pixels saturated at the end of a ramp. Partial ramps may still be used in some cases.""}"
wfi12,gbtds_mid_5stripe,medium,f146,im_66_6_v2,1,-1,16.45,463.3634117784819,0.0021581332806614984,0.002343163437507626,True,False,3,69.57436,"{""partial_saturated"": ""Partial saturation:\n There are 5 pixels saturated at the end of a ramp. Partial ramps may still be used in some cases.""}"
wfi12,gbtds_mid_5stripe,medium,f146,im_66_6_v2,1,-1,16.5,453.5837365117204,0.0022046645845163,0.0023936841587574,True,False,3,69.57436,"{""partial_saturated"": ""Partial saturation:\n There are 5 pixels saturated at the end of a ramp. Partial ramps may still be used in some cases.""}"
wfi12,gbtds_mid_5stripe,medium,f146,im_66_6_v2,1,-1,16.55,443.9970230896364,0.0022522673531487052,0.002445368208108313,True,False,3,69.57436,"{""partial_saturated"": ""Partial saturation:\n There are 5 pixels saturated at the end of a ramp. Partial ramps may still be used in some cases.""}"
wfi12,gbtds_mid_5stripe,medium,f146,im_66_6_v2,1,-1,16.6,434.79337679636217,0.002299943038157997,0.0024971314254095454,True,False,3,69.57436,"{""partial_saturated"": ""Partial saturation:\n There are 5 pixels saturated at the end of a ramp. Partial ramps may still be used in some cases.""}"
wfi12,gbtds_mid_5stripe,medium,f146,im_66_6_v2,1,-1,16.65,439.4766923573783,0.0022754335267154723,0.002470520561475463,True,False,3,69.57436,"{""partial_saturated"": ""Partial saturation:\n There are 5 pixels saturated at the end of a ramp. Partial ramps may still be used in some cases.""}"
wfi12,gbtds_mid_5stripe,medium,f146,im_66_6_v2,1,-1,16.7,430.1910078239213,0.002324548820902606,0.00252384681458178,True,False,3,69.57436,"{""partial_saturated"": ""Partial saturation:\n There are 5 pixels saturated at the end of a ramp. Partial ramps may still be used in some cases.""}"
wfi12,gbtds_mid_5stripe,medium,f146,im_66_6_v2,1,-1,16.75,426.80439600925297,0.002342993674269279,0.002543873059673432,True,False,3,69.57436,"{""partial_saturated"": ""Partial saturation:\n There are 5 pixels saturated at the end of a ramp. Partial ramps may still be used in some cases.""}"
wfi12,gbtds_mid_5stripe,medium,f146,im_66_6_v2,1,-1,16.8,424.1125024850369,0.0023578649394691707,0.002560019330711514,True,False,3,69.57436,"{""partial_saturated"": ""Partial saturation:\n There are 4 pixels saturated at the end of a ramp. Partial ramps may still be used in some cases.""}"
wfi12,gbtds_mid_5stripe,medium,f146,im_66_6_v2,1,-1,16.85,443.68927399803874,0.0022538295573140683,0.0024470643497298715,True,False,3,69.57436,"{""partial_saturated"": ""Partial saturation:\n There are 3 pixels saturated at the end of a ramp. Partial ramps may still be used in some cases.""}"
wfi12,gbtds_mid_5stripe,medium,f146,im_66_6_v2,1,-1,16.9,434.7825361599503,0.002300000383713927,0.0024971936875558,True,False,3,69.57436,"{""partial_saturated"": ""Partial saturation:\n There are 1 pixels saturated at the end of a ramp. Partial ramps may still be used in some cases.""}"
wfi12,gbtds_mid_5stripe,medium,f146,im_66_6_v2,1,-1,16.95,424.96869352345504,0.0023531145122924393,0.0025548616199376696,True,False,3,69.57436,"{""partial_saturated"": ""Partial saturation:\n There are 1 pixels saturated at the end of a ramp. Partial ramps may still be used in some cases.""}"
wfi12,gbtds_mid_5stripe,medium,f146,im_66_6_v2,1,-1,17.0,415.36565350221406,0.0024075173081075,0.0026139287049942,True,False,3,69.57436,"{""partial_saturated"": ""Partial saturation:\n There are 1 pixels saturated at the end of a ramp. Partial ramps may still be used in some cases.""}"
wfi12,gbtds_mid_5stripe,medium,f146,im_66_6_v2,1,-1,17.05,420.92223123222317,0.002375735767323487,0.0025794223355219453,True,False,3,69.57436,"{""partial_saturated"": ""Partial saturation:\n There are 1 pixels saturated at the end of a ramp. Partial ramps may still be used in some cases.""}"
wfi12,gbtds_mid_5stripe,medium,f146,im_66_6_v2,1,-1,17.1,411.4017525892941,0.002430714000866954,0.0026391141941537353,True,False,3,69.57436,"{""partial_saturated"": ""Partial saturation:\n There are 1 pixels saturated at the end of a ramp. Partial ramps may still be used in some cases.""}"
wfi12,gbtds_mid_5stripe,medium,f146,im_66_6_v2,1,-1,17.15,417.27801367992254,0.002396483800287308,0.0026019492260882806,True,False,3,69.57436,"{""partial_saturated"": ""Partial saturation:\n There are 1 pixels saturated at the end of a ramp. Partial ramps may still be used in some cases.""}"
wfi12,gbtds_mid_5stripe,medium,f146,im_66_6_v2,1,-1,17.2,407.8298962848575,0.0024520026832499024,0.0026622280873684987,True,False,3,69.57436,"{""partial_saturated"": ""Partial saturation:\n There are 1 pixels saturated at the end of a ramp. Partial ramps may still be used in some cases.""}"
wfi12,gbtds_mid_5stripe,medium,f146,im_66_6_v2,1,-1,17.25,398.58518961749064,0.0025088739522902688,0.002723975283176165,True,False,3,69.57436,"{""partial_saturated"": ""Partial saturation:\n There are 1 pixels saturated at the end of a ramp. Partial ramps may still be used in some cases.""}"
wfi12,gbtds_mid_5stripe,medium,f146,im_66_6_v2,1,-1,17.3,404.87232899546234,0.002469914410997467,0.0026816754986738003,True,False,3,69.57436,"{""partial_saturated"": ""Partial saturation:\n There are 1 pixels saturated at the end of a ramp. Partial ramps may still be used in some cases.""}"
wfi12,gbtds_mid_5stripe,medium,f146,im_66_6_v2,1,-1,17.35,395.6831899381792,0.0025272744089943223,0.00274395332520384,True,False,3,69.57436,"{""partial_saturated"": ""Partial saturation:\n There are 1 pixels saturated at the end of a ramp. Partial ramps may still be used in some cases.""}"
wfi12,gbtds_mid_5stripe,medium,f146,im_66_6_v2,1,-1,17.4,533.8330351996892,0.001873244880069914,0.002033849786669706,True,False,4,69.57436,"{""partial_saturated"": ""Partial saturation:\n There are 1 pixels saturated at the end of a ramp. Partial ramps may still be used in some cases.""}"
wfi12,gbtds_mid_5stripe,medium,f146,im_66_6_v2,1,-1,17.45,521.8896334700875,0.001916113936486757,0.002080394273285291,True,False,4,69.57436,"{""partial_saturated"": ""Partial saturation:\n There are 1 pixels saturated at the end of a ramp. Partial ramps may still be used in some cases.""}"
wfi12,gbtds_mid_5stripe,medium,f146,im_66_6_v2,1,-1,17.5,513.7438566367892,0.0019464952954308,0.0021133804146406,True,False,4,69.57436,"{""partial_saturated"": ""Partial saturation:\n There are 1 pixels saturated at the end of a ramp. Partial ramps may still be used in some cases.""}"
wfi12,gbtds_mid_5stripe,medium,f146,im_66_6_v2,1,-1,17.55,502.22220319521864,0.0019911505179138612,0.0021618642064219792,True,False,4,69.57436,"{""partial_saturated"": ""Partial saturation:\n There are 1 pixels saturated at the end of a ramp. Partial ramps may still be used in some cases.""}"
wfi12,gbtds_mid_5stripe,medium,f146,im_66_6_v2,1,-1,17.6,494.1070016508113,0.00202385312626415,0.0021973706122979135,True,False,4,69.57436,"{""partial_saturated"": ""Partial saturation:\n There are 1 pixels saturated at the end of a ramp. Partial ramps may still be used in some cases.""}"
wfi12,gbtds_mid_5stripe,medium,f146,im_66_6_v2,1,-1,17.65,482.99932032855924,0.0020703962881764557,0.0022479042082700234,True,False,4,69.57436,"{""partial_saturated"": ""Partial saturation:\n There are 1 pixels saturated at the end of a ramp. Partial ramps may still be used in some cases.""}"
wfi12,gbtds_mid_5stripe,medium,f146,im_66_6_v2,1,-1,17.7,475.02743294628283,0.0021051415784508645,0.0022856284278657793,True,False,4,69.57436,"{""partial_saturated"": ""Partial saturation:\n There are 1 pixels saturated at the end of a ramp. Partial ramps may still be used in some cases.""}"
wfi12,gbtds_mid_5stripe,medium,f146,im_66_6_v2,1,-1,17.75,464.32320831077567,0.002153672231112538,0.0023383199145011,True,False,4,69.57436,"{""partial_saturated"": ""Partial saturation:\n There are 1 pixels saturated at the end of a ramp. Partial ramps may still be used in some cases.""}"
wfi12,gbtds_mid_5stripe,medium,f146,im_66_6_v2,1,-1,17.8,456.552103420567,0.0021903305066559276,0.0023781211314625574,True,False,4,69.57436,"{""partial_saturated"": ""Partial saturation:\n There are 1 pixels saturated at the end of a ramp. Partial ramps may still be used in some cases.""}"
wfi12,gbtds_mid_5stripe,medium,f146,im_66_6_v2,1,-1,17.85,448.8473453628252,0.0022279289614415593,0.002418943135066279,True,False,4,69.57436,"{""partial_saturated"": ""Partial saturation:\n There are 1 pixels saturated at the end of a ramp. Partial ramps may still be used in some cases.""}"
wfi12,gbtds_mid_5stripe,medium,f146,im_66_6_v2,1,-1,17.9,438.69893000102223,0.002279467606628696,0.002474900508090137,True,False,4,69.57436,"{""partial_saturated"": ""Partial saturation:\n There are 1 pixels saturated at the end of a ramp. Partial ramps may still be used in some cases.""}"
wfi12,gbtds_mid_5stripe,medium,f146,im_66_6_v2,1,-1,17.95,431.2440423603114,0.0023188726145101936,0.0025176839517958584,True,False,4,69.57436,"{""partial_saturated"": ""Partial saturation:\n There are 1 pixels saturated at the end of a ramp. Partial ramps may still be used in some cases.""}"
wfi12,gbtds_mid_5stripe,medium,f146,im_66_6_v2,1,-1,18.0,423.8889854638706,0.0023591082436494,0.0025613692310735,True,False,4,69.57436,"{""partial_saturated"": ""Partial saturation:\n There are 1 pixels saturated at the end of a ramp. Partial ramps may still be used in some cases.""}"
wfi12,gbtds_mid_5stripe,medium,f146,im_66_6_v2,1,-1,18.05,416.6412796807134,0.0024001462379491887,0.0026059256672554543,True,False,4,69.57436,"{""partial_saturated"": ""Partial saturation:\n There are 1 pixels saturated at the end of a ramp. Partial ramps may still be used in some cases.""}"
wfi12,gbtds_mid_5stripe,medium,f146,im_66_6_v2,1,-1,18.1,409.50753988294105,0.002441957479673886,0.0026513216461618518,True,False,4,69.57436,"{""partial_saturated"": ""Partial saturation:\n There are 1 pixels saturated at the end of a ramp. Partial ramps may still be used in some cases.""}"
wfi12,gbtds_mid_5stripe,medium,f146,im_66_6_v2,1,-1,18.15,402.4851668041752,0.0024845636124685784,0.0026975806670817824,True,False,4,69.57436,"{""partial_saturated"": ""Partial saturation:\n There are 1 pixels saturated at the end of a ramp. Partial ramps may still be used in some cases.""}"
wfi12,gbtds_mid_5stripe,medium,f146,im_66_6_v2,1,-1,18.2,482.10969252249714,0.002074216750897071,0.0022520522229647244,True,False,5,69.57436,"{""partial_saturated"": ""Partial saturation:\n There are 1 pixels saturated at the end of a ramp. Partial ramps may still be used in some cases.""}"
wfi12,gbtds_mid_5stripe,medium,f146,im_66_6_v2,1,-1,18.25,480.0298050410114,0.0020832039792082597,0.002261809982122609,False,False,6,69.57436,{}
wfi12,gbtds_mid_5stripe,medium,f146,im_66_6_v2,1,-1,18.3,469.0958465298941,0.0021317605077884076,0.0023145295631794485,False,False,6,69.57436,{}
wfi12,gbtds_mid_5stripe,medium,f146,im_66_6_v2,1,-1,18.35,458.39211570295436,0.002181538394190044,0.0023685752166420428,False,False,6,69.57436,{}
wfi12,gbtds_mid_5stripe,medium,f146,im_66_6_v2,1,-1,18.4,447.91497625698065,0.002232566565102466,0.002423978349264245,False,False,6,69.57436,{}
wfi12,gbtds_mid_5stripe,medium,f146,im_66_6_v2,1,-1,18.45,437.6586269024417,0.0022848858414549417,0.0024807832818068737,False,False,6,69.57436,{}
wfi12,gbtds_mid_5stripe,medium,f146,im_66_6_v2,1,-1,18.5,427.6185238267063,0.0023385329312938,0.0025390298695248,False,False,6,69.57436,{}
wfi12,gbtds_mid_5stripe,medium,f146,im_66_6_v2,1,-1,18.55,417.7935209940209,0.002393526825453837,0.0025987387314550226,False,False,6,69.57436,{}
wfi12,gbtds_mid_5stripe,medium,f146,im_66_6_v2,1,-1,18.6,408.16718447102204,0.002449976475438572,0.0026600281601893735,False,False,6,69.57436,{}
wfi12,gbtds_mid_5stripe,medium,f146,im_66_6_v2,1,-1,18.65,398.74860884762177,0.0025078457399261827,0.0027228589157862965,False,False,6,69.57436,{}
wfi12,gbtds_mid_5stripe,medium,f146,im_66_6_v2,1,-1,18.7,389.54183085475466,0.0025671183960031805,0.00278721338444127,False,False,6,69.57436,{}
wfi12,gbtds_mid_5stripe,medium,f146,im_66_6_v2,1,-1,18.75,380.5244184553149,0.0026279522456386863,0.002853262897465351,False,False,6,69.57436,{}
wfi12,gbtds_mid_5stripe,medium,f146,im_66_6_v2,1,-1,19.0,338.22304858082884,0.0029566287814977,0.003210118912102,False,False,6,69.57436,{}
wfi12,gbtds_mid_5stripe,medium,f146,im_66_6_v2,1,-1,19.5,266.1212008485233,0.0037576863354423,0.0040798561005146,False,False,6,69.57436,{}
wfi12,gbtds_mid_5stripe,medium,f146,im_66_6_v2,1,-1,20.0,208.081512490142,0.0048058089737663,0.0052178407959696,False,False,6,69.57436,{}
wfi12,gbtds_mid_5stripe,medium,f146,im_66_6_v2,1,-1,20.5,161.24948819918097,0.0062015700711233,0.006733269152563,False,False,6,69.57436,{}
wfi12,gbtds_mid_5stripe,medium,f146,im_66_6_v2,1,-1,21.0,123.48321281369,0.0080982667782444,0.00879258143693,False,False,6,69.57436,{}
wfi12,gbtds_mid_5stripe,medium,f146,im_66_6_v2,1,-1,21.2,110.50065267919594,0.0090497203025866,0.009825608975453,False,False,6,69.57436,{}
wfi12,gbtds_mid_5stripe,medium,f146,im_66_6_v2,1,-1,21.5,93.03559345250062,0.0107485744207194,0.0116701163981122,False,False,6,69.57436,{}
wfi12,gbtds_mid_5stripe,medium,f146,im_66_6_v2,1,-1,22.0,68.63255339708095,0.0145703452735379,0.0158195513793066,False,False,6,69.57436,{}
wfi12,gbtds_mid_5stripe,medium,f146,im_66_6_v2,1,-1,22.5,49.53875650679406,0.020186215208346,0.0219169046887405,False,False,6,69.57436,{}
wfi12,gbtds_mid_5stripe,medium,f146,im_66_6_v2,1,-1,23.0,34.86200188649855,0.028684526013616,0.0311438284093093,False,False,6,69.57436,{}
wfi12,gbtds_mid_5stripe,medium,f146,im_66_6_v2,1,-1,23.5,23.870393601435055,0.041892899492863,0.0454846377016948,False,False,6,69.57436,{}
wfi12,gbtds_mid_5stripe,medium,f146,im_66_6_v2,1,-1,24.0,16.117731682877533,0.0620434698675581,0.0673628415040279,False,False,6,69.57436,{}
wfi12,gbtds_mid_5stripe,medium,f146,im_66_6_v2,1,-1,24.5,10.612845921202137,0.0942254327844541,0.1023039637830854,False,False,6,69.57436,{}
wfi12,gbtds_mid_5stripe,medium,f146,im_66_6_v2,1,-1,25.0,6.892724548039746,0.1450805110563129,0.157519163458651,False,False,6,69.57436,{}
wfi12,gbtds_mid_5stripe,medium,f146,im_66_6_v2,1,-1,25.5,4.444646286296735,0.2249897822202622,0.2442795522571856,False,False,6,69.57436,{}
wfi12,gbtds_mid_5stripe,medium,f146,im_66_6_v2,1,-1,26.0,2.840079576190336,0.3521028102111819,0.3822907688433606,False,False,6,69.57436,{}
wfi12,gbtds_mid_5stripe,medium,f146,im_66_6_v2,1,-1,26.5,1.8066309767266184,0.5535164695403766,0.6009728709098872,False,False,6,69.57436,{}
wfi12,gbtds_mid_5stripe,medium,f146,im_66_6_v2,1,-1,27.0,1.145862138106848,0.8727053340397161,0.9475277772524568,False,False,6,69.57436,{}
wfi12,gbtds_mid_5stripe,medium,f146,im_66_6_v2,1,-1,27.5,0.7253913871174044,1.3785661337582855,1.4967591620748089,False,False,6,69.57436,{}
wfi12,gbtds_mid_5stripe,medium,f146,im_66_6_v2,1,-1,28.0,0.4586547507673177,2.1802892008139576,2.3672189221668813,False,False,6,69.57436,{}
wfi12,gbtds_mid_5stripe,medium,f146,im_66_6_v2,1,-1,28.5,0.2897772472298903,3.450926563625837,3.74679591009013,False,False,6,69.57436,{}
wfi12,gbtds_mid_5stripe,medium,f146,im_66_6_v2,1,-1,29.0,0.1829911202378925,5.46474604177502,5.93327262736382,False,False,6,69.57436,{}
wfi12,gbtds_mid_5stripe,medium,f146,im_66_6_v2,1,-1,29.5,0.1155210423330028,8.656431588605164,9.398601179760556,False,False,6,69.57436,{}
wfi12,gbtds_mid_5stripe,medium,f146,im_66_6_v2,1,-1,30.0,0.0729133476710322,13.71490998481873,14.89077431551646,False,False,6,69.57436,{}
wfi13,gbtds_mid_5stripe,medium,f146,im_66_6_v2,1,-1,12.0,0.0,,,True,True,0,69.57436,"{""full_saturated"": ""Full saturation:\n There are 21 pixels saturated before the third resultant. These pixels cannot be recovered."", ""partial_saturated"": ""Partial saturation:\n There are 35 pixels saturated at the end of a ramp. Partial ramps may still be used in some cases.""}"
wfi13,gbtds_mid_5stripe,medium,f146,im_66_6_v2,1,-1,12.5,0.0,,,True,True,0,69.57436,"{""full_saturated"": ""Full saturation:\n There are 15 pixels saturated before the third resultant. These pixels cannot be recovered."", ""partial_saturated"": ""Partial saturation:\n There are 26 pixels saturated at the end of a ramp. Partial ramps may still be used in some cases.""}"
wfi13,gbtds_mid_5stripe,medium,f146,im_66_6_v2,1,-1,13.0,0.0,,,True,True,0,69.57436,"{""full_saturated"": ""Full saturation:\n There are 12 pixels saturated before the third resultant. These pixels cannot be recovered."", ""partial_saturated"": ""Partial saturation:\n There are 20 pixels saturated at the end of a ramp. Partial ramps may still be used in some cases.""}"
wfi13,gbtds_mid_5stripe,medium,f146,im_66_6_v2,1,-1,13.5,0.0,,,True,True,0,69.57436,"{""full_saturated"": ""Full saturation:\n There are 9 pixels saturated before the third resultant. These pixels cannot be recovered."", ""partial_saturated"": ""Partial saturation:\n There are 17 pixels saturated at the end of a ramp. Partial ramps may still be used in some cases.""}"
wfi13,gbtds_mid_5stripe,medium,f146,im_66_6_v2,1,-1,14.0,0.0,,,True,True,0,69.57436,"{""full_saturated"": ""Full saturation:\n There are 5 pixels saturated before the third resultant. These pixels cannot be recovered."", ""partial_saturated"": ""Partial saturation:\n There are 15 pixels saturated at the end of a ramp. Partial ramps may still be used in some cases.""}"
wfi13,gbtds_mid_5stripe,medium,f146,im_66_6_v2,1,-1,14.5,0.0,,,True,True,0,69.57436,"{""full_saturated"": ""Full saturation:\n There are 5 pixels saturated before the third resultant. These pixels cannot be recovered."", ""partial_saturated"": ""Partial saturation:\n There are 10 pixels saturated at the end of a ramp. Partial ramps may still be used in some cases.""}"
wfi13,gbtds_mid_5stripe,medium,f146,im_66_6_v2,1,-1,15.0,0.0,,,True,True,1,69.57436,"{""full_saturated"": ""Full saturation:\n There are 1 pixels saturated before the third resultant. These pixels cannot be recovered."", ""partial_saturated"": ""Partial saturation:\n There are 10 pixels saturated at the end of a ramp. Partial ramps may still be used in some cases.""}"
wfi13,gbtds_mid_5stripe,medium,f146,im_66_6_v2,1,-1,15.5,0.0,,,True,True,1,69.57436,"{""full_saturated"": ""Full saturation:\n There are 1 pixels saturated before the third resultant. These pixels cannot be recovered."", ""partial_saturated"": ""Partial saturation:\n There are 8 pixels saturated at the end of a ramp. Partial ramps may still be used in some cases.""}"
wfi13,gbtds_mid_5stripe,medium,f146,im_66_6_v2,1,-1,15.55,0.0,,,True,True,1,69.57436,"{""full_saturated"": ""Full saturation:\n There are 1 pixels saturated before the third resultant. These pixels cannot be recovered."", ""partial_saturated"": ""Partial saturation:\n There are 8 pixels saturated at the end of a ramp. Partial ramps may still be used in some cases.""}"
wfi13,gbtds_mid_5stripe,medium,f146,im_66_6_v2,1,-1,15.6,0.0,,,True,True,2,69.57436,"{""full_saturated"": ""Full saturation:\n There are 1 pixels saturated before the third resultant. These pixels cannot be recovered."", ""partial_saturated"": ""Partial saturation:\n There are 8 pixels saturated at the end of a ramp. Partial ramps may still be used in some cases.""}"
wfi13,gbtds_mid_5stripe,medium,f146,im_66_6_v2,1,-1,15.65,0.0,,,True,True,2,69.57436,"{""full_saturated"": ""Full saturation:\n There are 1 pixels saturated before the third resultant. These pixels cannot be recovered."", ""partial_saturated"": ""Partial saturation:\n There are 7 pixels saturated at the end of a ramp. Partial ramps may still be used in some cases.""}"
wfi13,gbtds_mid_5stripe,medium,f146,im_66_6_v2,1,-1,15.7,0.0,,,True,True,2,69.57436,"{""full_saturated"": ""Full saturation:\n There are 1 pixels saturated before the third resultant. These pixels cannot be recovered."", ""partial_saturated"": ""Partial saturation:\n There are 7 pixels saturated at the end of a ramp. Partial ramps may still be used in some cases.""}"
wfi13,gbtds_mid_5stripe,medium,f146,im_66_6_v2,1,-1,15.75,0.0,,,True,True,2,69.57436,"{""full_saturated"": ""Full saturation:\n There are 1 pixels saturated before the third resultant. These pixels cannot be recovered."", ""partial_saturated"": ""Partial saturation:\n There are 6 pixels saturated at the end of a ramp. Partial ramps may still be used in some cases.""}"
wfi13,gbtds_mid_5stripe,medium,f146,im_66_6_v2,1,-1,15.8,0.0,,,True,True,2,69.57436,"{""full_saturated"": ""Full saturation:\n There are 1 pixels saturated before the third resultant. These pixels cannot be recovered."", ""partial_saturated"": ""Partial saturation:\n There are 4 pixels saturated at the end of a ramp. Partial ramps may still be used in some cases.""}"
wfi13,gbtds_mid_5stripe,medium,f146,im_66_6_v2,1,-1,15.85,0.0,,,True,True,2,69.57436,"{""full_saturated"": ""Full saturation:\n There are 1 pixels saturated before the third resultant. These pixels cannot be recovered."", ""partial_saturated"": ""Partial saturation:\n There are 4 pixels saturated at the end of a ramp. Partial ramps may still be used in some cases.""}"
wfi13,gbtds_mid_5stripe,medium,f146,im_66_6_v2,1,-1,15.9,0.0,,,True,True,2,69.57436,"{""full_saturated"": ""Full saturation:\n There are 1 pixels saturated before the third resultant. These pixels cannot be recovered."", ""partial_saturated"": ""Partial saturation:\n There are 4 pixels saturated at the end of a ramp. Partial ramps may still be used in some cases.""}"
wfi13,gbtds_mid_5stripe,medium,f146,im_66_6_v2,1,-1,15.95,0.0,,,True,True,2,69.57436,"{""full_saturated"": ""Full saturation:\n There are 1 pixels saturated before the third resultant. These pixels cannot be recovered."", ""partial_saturated"": ""Partial saturation:\n There are 4 pixels saturated at the end of a ramp. Partial ramps may still be used in some cases.""}"
wfi13,gbtds_mid_5stripe,medium,f146,im_66_6_v2,1,-1,16.0,0.0,,,True,True,2,69.57436,"{""full_saturated"": ""Full saturation:\n There are 1 pixels saturated before the third resultant. These pixels cannot be recovered."", ""partial_saturated"": ""Partial saturation:\n There are 4 pixels saturated at the end of a ramp. Partial ramps may still be used in some cases.""}"
wfi13,gbtds_mid_5stripe,medium,f146,im_66_6_v2,1,-1,16.05,0.0,,,True,True,2,69.57436,"{""full_saturated"": ""Full saturation:\n There are 1 pixels saturated before the third resultant. These pixels cannot be recovered."", ""partial_saturated"": ""Partial saturation:\n There are 4 pixels saturated at the end of a ramp. Partial ramps may still be used in some cases.""}"
wfi13,gbtds_mid_5stripe,medium,f146,im_66_6_v2,1,-1,16.1,0.0,,,True,True,2,69.57436,"{""full_saturated"": ""Full saturation:\n There are 1 pixels saturated before the third resultant. These pixels cannot be recovered."", ""partial_saturated"": ""Partial saturation:\n There are 4 pixels saturated at the end of a ramp. Partial ramps may still be used in some cases.""}"
wfi13,gbtds_mid_5stripe,medium,f146,im_66_6_v2,1,-1,16.15,0.0,,,True,True,2,69.57436,"{""full_saturated"": ""Full saturation:\n There are 1 pixels saturated before the third resultant. These pixels cannot be recovered."", ""partial_saturated"": ""Partial saturation:\n There are 4 pixels saturated at the end of a ramp. Partial ramps may still be used in some cases.""}"
wfi13,gbtds_mid_5stripe,medium,f146,im_66_6_v2,1,-1,16.2,0.0,,,True,True,2,69.57436,"{""full_saturated"": ""Full saturation:\n There are 1 pixels saturated before the third resultant. These pixels cannot be recovered."", ""partial_saturated"": ""Partial saturation:\n There are 4 pixels saturated at the end of a ramp. Partial ramps may still be used in some cases.""}"
wfi13,gbtds_mid_5stripe,medium,f146,im_66_6_v2,1,-1,16.25,0.0,,,True,True,2,69.57436,"{""full_saturated"": ""Full saturation:\n There are 1 pixels saturated before the third resultant. These pixels cannot be recovered."", ""partial_saturated"": ""Partial saturation:\n There are 4 pixels saturated at the end of a ramp. Partial ramps may still be used in some cases.""}"
wfi13,gbtds_mid_5stripe,medium,f146,im_66_6_v2,1,-1,16.3,0.0,,,True,True,2,69.57436,"{""full_saturated"": ""Full saturation:\n There are 1 pixels saturated before the third resultant. These pixels cannot be recovered."", ""partial_saturated"": ""Partial saturation:\n There are 4 pixels saturated at the end of a ramp. Partial ramps may still be used in some cases.""}"
wfi13,gbtds_mid_5stripe,medium,f146,im_66_6_v2,1,-1,16.35,462.0402823858832,0.0021643134551736507,0.002349873476727193,True,False,3,69.57436,"{""partial_saturated"": ""Partial saturation:\n There are 5 pixels saturated at the end of a ramp. Partial ramps may still be used in some cases.""}"
wfi13,gbtds_mid_5stripe,medium,f146,im_66_6_v2,1,-1,16.4,452.2776816614797,0.0022110310558027466,0.002400596467129634,True,False,3,69.57436,"{""partial_saturated"": ""Partial saturation:\n There are 5 pixels saturated at the end of a ramp. Partial ramps may still be used in some cases.""}"
wfi13,gbtds_mid_5stripe,medium,f146,im_66_6_v2,1,-1,16.45,442.90224694195115,0.002257834560345016,0.0024514127265207373,True,False,3,69.57436,"{""partial_saturated"": ""Partial saturation:\n There are 5 pixels saturated at the end of a ramp. Partial ramps may still be used in some cases.""}"
wfi13,gbtds_mid_5stripe,medium,f146,im_66_6_v2,1,-1,16.5,433.29915951850097,0.0023078743127755,0.0025057426974117,True,False,3,69.57436,"{""partial_saturated"": ""Partial saturation:\n There are 5 pixels saturated at the end of a ramp. Partial ramps may still be used in some cases.""}"
wfi13,gbtds_mid_5stripe,medium,f146,im_66_6_v2,1,-1,16.55,424.1027511743385,0.002357919153391495,0.002560078192729783,True,False,3,69.57436,"{""partial_saturated"": ""Partial saturation:\n There are 5 pixels saturated at the end of a ramp. Partial ramps may still be used in some cases.""}"
wfi13,gbtds_mid_5stripe,medium,f146,im_66_6_v2,1,-1,16.6,428.7746591611966,0.002332227380126149,0.00253218370433116,True,False,3,69.57436,"{""partial_saturated"": ""Partial saturation:\n There are 5 pixels saturated at the end of a ramp. Partial ramps may still be used in some cases.""}"
wfi13,gbtds_mid_5stripe,medium,f146,im_66_6_v2,1,-1,16.65,419.8859819758602,0.002381598917149588,0.002585788169562064,True,False,3,69.57436,"{""partial_saturated"": ""Partial saturation:\n There are 5 pixels saturated at the end of a ramp. Partial ramps may still be used in some cases.""}"
wfi13,gbtds_mid_5stripe,medium,f146,im_66_6_v2,1,-1,16.7,416.4760547007267,0.002401098427419998,0.0026069594938377015,True,False,3,69.57436,"{""partial_saturated"": ""Partial saturation:\n There are 5 pixels saturated at the end of a ramp. Partial ramps may still be used in some cases.""}"
wfi13,gbtds_mid_5stripe,medium,f146,im_66_6_v2,1,-1,16.75,426.15950292824834,0.0023465392491045026,0.0025477226186387137,True,False,3,69.57436,"{""partial_saturated"": ""Partial saturation:\n There are 4 pixels saturated at the end of a ramp. Partial ramps may still be used in some cases.""}"
wfi13,gbtds_mid_5stripe,medium,f146,im_66_6_v2,1,-1,16.8,433.3264574305822,0.0023077289255069256,0.0025055848451904453,True,False,3,69.57436,"{""partial_saturated"": ""Partial saturation:\n There are 1 pixels saturated at the end of a ramp. Partial ramps may still be used in some cases.""}"
wfi13,gbtds_mid_5stripe,medium,f146,im_66_6_v2,1,-1,16.85,423.52909945437773,0.0023611128521942785,0.002563545707147058,True,False,3,69.57436,"{""partial_saturated"": ""Partial saturation:\n There are 1 pixels saturated at the end of a ramp. Partial ramps may still be used in some cases.""}"
wfi13,gbtds_mid_5stripe,medium,f146,im_66_6_v2,1,-1,16.9,413.94156022941473,0.002415799948779678,0.0026229214678429305,True,False,3,69.57436,"{""partial_saturated"": ""Partial saturation:\n There are 1 pixels saturated at the end of a ramp. Partial ramps may still be used in some cases.""}"
wfi13,gbtds_mid_5stripe,medium,f146,im_66_6_v2,1,-1,16.95,419.54085650939146,0.002383558083758679,0.0025879153076807074,True,False,3,69.57436,"{""partial_saturated"": ""Partial saturation:\n There are 1 pixels saturated at the end of a ramp. Partial ramps may still be used in some cases.""}"
wfi13,gbtds_mid_5stripe,medium,f146,im_66_6_v2,1,-1,17.0,410.033531263923,0.0024388249344328,0.0026479205283805,True,False,3,69.57436,"{""partial_saturated"": ""Partial saturation:\n There are 1 pixels saturated at the end of a ramp. Partial ramps may still be used in some cases.""}"
wfi13,gbtds_mid_5stripe,medium,f146,im_66_6_v2,1,-1,17.05,400.73023112133876,0.0024954443721447255,0.0027093943017974472,True,False,3,69.57436,"{""partial_saturated"": ""Partial saturation:\n There are 1 pixels saturated at the end of a ramp. Partial ramps may still be used in some cases.""}"
wfi13,gbtds_mid_5stripe,medium,f146,im_66_6_v2,1,-1,17.1,406.5134113388034,0.0024599434412424905,0.002670849655814274,True,False,3,69.57436,"{""partial_saturated"": ""Partial saturation:\n There are 1 pixels saturated at the end of a ramp. Partial ramps may still be used in some cases.""}"
wfi13,gbtds_mid_5stripe,medium,f146,im_66_6_v2,1,-1,17.15,397.27826154523757,0.002517127406142083,0.00273293635683738,True,False,3,69.57436,"{""partial_saturated"": ""Partial saturation:\n There are 1 pixels saturated at the end of a ramp. Partial ramps may still be used in some cases.""}"
wfi13,gbtds_mid_5stripe,medium,f146,im_66_6_v2,1,-1,17.2,388.241573514251,0.0025757159156045237,0.002796548022743566,True,False,3,69.57436,"{""partial_saturated"": ""Partial saturation:\n There are 1 pixels saturated at the end of a ramp. Partial ramps may still be used in some cases.""}"
wfi13,gbtds_mid_5stripe,medium,f146,im_66_6_v2,1,-1,17.25,394.4215092142489,0.0025353586876946973,0.002752730719278192,True,False,3,69.57436,"{""partial_saturated"": ""Partial saturation:\n There are 1 pixels saturated at the end of a ramp. Partial ramps may still be used in some cases.""}"
wfi13,gbtds_mid_5stripe,medium,f146,im_66_6_v2,1,-1,17.3,385.43625311427166,0.0025944627468748416,0.002816902136178242,True,False,3,69.57436,"{""partial_saturated"": ""Partial saturation:\n There are 1 pixels saturated at the end of a ramp. Partial ramps may still be used in some cases.""}"
wfi13,gbtds_mid_5stripe,medium,f146,im_66_6_v2,1,-1,17.35,521.9573294872301,0.0019158654232950384,0.002080124453515682,True,False,4,69.57436,"{""partial_saturated"": ""Partial saturation:\n There are 1 pixels saturated at the end of a ramp. Partial ramps may still be used in some cases.""}"
wfi13,gbtds_mid_5stripe,medium,f146,im_66_6_v2,1,-1,17.4,510.25953022031183,0.0019597870118530382,0.002127811712383593,True,False,4,69.57436,"{""partial_saturated"": ""Partial saturation:\n There are 1 pixels saturated at the end of a ramp. Partial ramps may still be used in some cases.""}"
wfi13,gbtds_mid_5stripe,medium,f146,im_66_6_v2,1,-1,17.45,502.3366128636296,0.0019906970234548124,0.0021613718310691333,True,False,4,69.57436,"{""partial_saturated"": ""Partial saturation:\n There are 1 pixels saturated at the end of a ramp. Partial ramps may still be used in some cases.""}"
wfi13,gbtds_mid_5stripe,medium,f146,im_66_6_v2,1,-1,17.5,491.0516145550109,0.0020364458039837,0.0022110429384129,True,False,4,69.57436,"{""partial_saturated"": ""Partial saturation:\n There are 1 pixels saturated at the end of a ramp. Partial ramps may still be used in some cases.""}"
wfi13,gbtds_mid_5stripe,medium,f146,im_66_6_v2,1,-1,17.55,483.1491974626766,0.0020697540330225847,0.002247206888596773,True,False,4,69.57436,"{""partial_saturated"": ""Partial saturation:\n There are 1 pixels saturated at the end of a ramp. Partial ramps may still be used in some cases.""}"
wfi13,gbtds_mid_5stripe,medium,f146,im_66_6_v2,1,-1,17.6,472.2690589047861,0.002117437043872928,0.0022989780598288655,True,False,4,69.57436,"{""partial_saturated"": ""Partial saturation:\n There are 1 pixels saturated at the end of a ramp. Partial ramps may still be used in some cases.""}"
wfi13,gbtds_mid_5stripe,medium,f146,im_66_6_v2,1,-1,17.65,464.50117605715474,0.002152847078856383,0.0023374240168221546,True,False,4,69.57436,"{""partial_saturated"": ""Partial saturation:\n There are 1 pixels saturated at the end of a ramp. Partial ramps may still be used in some cases.""}"
wfi13,gbtds_mid_5stripe,medium,f146,im_66_6_v2,1,-1,17.7,456.76044128594725,0.0021893314517006665,0.0023770364213270877,True,False,4,69.57436,"{""partial_saturated"": ""Partial saturation:\n There are 1 pixels saturated at the end of a ramp. Partial ramps may still be used in some cases.""}"
wfi13,gbtds_mid_5stripe,medium,f146,im_66_6_v2,1,-1,17.75,446.43980295426206,0.0022399436461144804,0.0024319879132044227,True,False,4,69.57436,"{""partial_saturated"": ""Partial saturation:\n There are 1 pixels saturated at the end of a ramp. Partial ramps may still be used in some cases.""}"
wfi13,gbtds_mid_5stripe,medium,f146,im_66_6_v2,1,-1,17.8,438.92592346653163,0.0022782887647697816,0.002473620596804229,True,False,4,69.57436,"{""partial_saturated"": ""Partial saturation:\n There are 1 pixels saturated at the end of a ramp. Partial ramps may still be used in some cases.""}"
wfi13,gbtds_mid_5stripe,medium,f146,im_66_6_v2,1,-1,17.85,431.49533827098577,0.0023175221405798466,0.002516217693356099,True,False,4,69.57436,"{""partial_saturated"": ""Partial saturation:\n There are 1 pixels saturated at the end of a ramp. Partial ramps may still be used in some cases.""}"
wfi13,gbtds_mid_5stripe,medium,f146,im_66_6_v2,1,-1,17.9,421.710836862977,0.002371293105576326,0.002574598776817558,True,False,4,69.57436,"{""partial_saturated"": ""Partial saturation:\n There are 1 pixels saturated at the end of a ramp. Partial ramps may still be used in some cases.""}"
wfi13,gbtds_mid_5stripe,medium,f146,im_66_6_v2,1,-1,17.95,414.5338646680853,0.0024123481462743554,0.002619173720891227,True,False,4,69.57436,"{""partial_saturated"": ""Partial saturation:\n There are 1 pixels saturated at the end of a ramp. Partial ramps may still be used in some cases.""}"
wfi13,gbtds_mid_5stripe,medium,f146,im_66_6_v2,1,-1,18.0,407.4608464143265,0.0024542235377952,0.0026646393495538,True,False,4,69.57436,"{""partial_saturated"": ""Partial saturation:\n There are 1 pixels saturated at the end of a ramp. Partial ramps may still be used in some cases.""}"
wfi13,gbtds_mid_5stripe,medium,f146,im_66_6_v2,1,-1,18.05,400.49701060099494,0.0024968975386342514,0.002710972057266667,True,False,4,69.57436,"{""partial_saturated"": ""Partial saturation:\n There are 1 pixels saturated at the end of a ramp. Partial ramps may still be used in some cases.""}"
wfi13,gbtds_mid_5stripe,medium,f146,im_66_6_v2,1,-1,18.1,393.6473909064612,0.002540344539556775,0.0027581440391564105,True,False,4,69.57436,"{""partial_saturated"": ""Partial saturation:\n There are 1 pixels saturated at the end of a ramp. Partial ramps may still be used in some cases.""}"
wfi13,gbtds_mid_5stripe,medium,f146,im_66_6_v2,1,-1,18.15,472.8859809653135,0.0021146746578502413,0.002295978837312517,True,False,5,69.57436,"{""partial_saturated"": ""Partial saturation:\n There are 1 pixels saturated at the end of a ramp. Partial ramps may still be used in some cases.""}"
wfi13,gbtds_mid_5stripe,medium,f146,im_66_6_v2,1,-1,18.2,470.94854197315243,0.0021233742349222678,0.0023054242831056994,False,False,6,69.57436,{}
wfi13,gbtds_mid_5stripe,medium,f146,im_66_6_v2,1,-1,18.25,460.1982870730039,0.002172976362776779,0.002359279109150384,False,False,6,69.57436,{}
wfi13,gbtds_mid_5stripe,medium,f146,im_66_6_v2,1,-1,18.3,449.6846214249962,0.00222378073955725,0.0024144392603811147,False,False,6,69.57436,{}
wfi13,gbtds_mid_5stripe,medium,f146,im_66_6_v2,1,-1,18.35,439.38869489662295,0.002275889233416155,0.0024710153387391444,False,False,6,69.57436,{}
wfi13,gbtds_mid_5stripe,medium,f146,im_66_6_v2,1,-1,18.4,429.30776032732894,0.002329331291932721,0.0025290393165273827,False,False,6,69.57436,{}
wfi13,gbtds_mid_5stripe,medium,f146,im_66_6_v2,1,-1,18.45,419.438165011704,0.00238414165285149,0.0025885489097727506,False,False,6,69.57436,{}
wfi13,gbtds_mid_5stripe,medium,f146,im_66_6_v2,1,-1,18.5,409.7712505535108,0.002440385943741,0.0026496153727025,False,False,6,69.57436,{}
wfi13,gbtds_mid_5stripe,medium,f146,im_66_6_v2,1,-1,18.55,400.30643571009557,0.0024980862429206767,0.00271226267654719,False,False,6,69.57436,{}
wfi13,gbtds_mid_5stripe,medium,f146,im_66_6_v2,1,-1,18.6,391.0444315867606,0.0025572541614830055,0.002776503427890491,False,False,6,69.57436,{}
wfi13,gbtds_mid_5stripe,medium,f146,im_66_6_v2,1,-1,18.65,381.97771215574164,0.0026179537920062615,0.0028424072143650313,False,False,6,69.57436,{}
wfi13,gbtds_mid_5stripe,medium,f146,im_66_6_v2,1,-1,18.7,373.10525906598286,0.0026802088035514722,0.002909999734327302,False,False,6,69.57436,{}
wfi13,gbtds_mid_5stripe,medium,f146,im_66_6_v2,1,-1,18.75,364.4184806424105,0.0027440979344328605,0.0029793664768157564,False,False,6,69.57436,{}
wfi13,gbtds_mid_5stripe,medium,f146,im_66_6_v2,1,-1,19.0,323.67489365487427,0.0030895198225237,0.0033544035266319,False,False,6,69.57436,{}
wfi13,gbtds_mid_5stripe,medium,f146,im_66_6_v2,1,-1,19.5,254.26470664126307,0.0039329091843284,0.0042701018914511,False,False,6,69.57436,{}
wfi13,gbtds_mid_5stripe,medium,f146,im_66_6_v2,1,-1,20.0,198.4302643607039,0.005039553836315,0.005471626055915,False,False,6,69.57436,{}
wfi13,gbtds_mid_5stripe,medium,f146,im_66_6_v2,1,-1,20.5,153.22075577615908,0.0065265309189631,0.0070860909101916,False,False,6,69.57436,{}
wfi13,gbtds_mid_5stripe,medium,f146,im_66_6_v2,1,-1,21.0,116.99810499902904,0.0085471469816395,0.0092799469253552,False,False,6,69.57436,{}
wfi13,gbtds_mid_5stripe,medium,f146,im_66_6_v2,1,-1,21.2,104.48542856064697,0.0095707125268626,0.0103912690957469,False,False,6,69.57436,{}
wfi13,gbtds_mid_5stripe,medium,f146,im_66_6_v2,1,-1,21.5,87.65791777812596,0.0114079825912718,0.0123860597225943,False,False,6,69.57436,{}
wfi13,gbtds_mid_5stripe,medium,f146,im_66_6_v2,1,-1,22.0,64.25079824314217,0.0155640089671062,0.0168984080267674,False,False,6,69.57436,{}
wfi13,gbtds_mid_5stripe,medium,f146,im_66_6_v2,1,-1,22.5,46.28100001494464,0.0216071389917479,0.0234596530845818,False,False,6,69.57436,{}
wfi13,gbtds_mid_5stripe,medium,f146,im_66_6_v2,1,-1,23.0,32.28829614224168,0.0309709746093332,0.0336263084299978,False,False,6,69.57436,{}
wfi13,gbtds_mid_5stripe,medium,f146,im_66_6_v2,1,-1,23.5,22.21759053437953,0.0450093811231509,0.0488683146391621,False,False,6,69.57436,{}
wfi13,gbtds_mid_5stripe,medium,f146,im_66_6_v2,1,-1,24.0,14.829592242626916,0.0674327374373484,0.0732141644216781,False,False,6,69.57436,{}
wfi13,gbtds_mid_5stripe,medium,f146,im_66_6_v2,1,-1,24.5,9.72947769150253,0.1027804401949935,0.1115924450606822,False,False,6,69.57436,{}
wfi13,gbtds_mid_5stripe,medium,f146,im_66_6_v2,1,-1,25.0,6.325617691779212,0.1580873281829223,0.1716411357216789,False,False,6,69.57436,{}
wfi13,gbtds_mid_5stripe,medium,f146,im_66_6_v2,1,-1,25.5,4.062195963503312,0.246172269625708,0.2672781457401111,False,False,6,69.57436,{}
wfi13,gbtds_mid_5stripe,medium,f146,im_66_6_v2,1,-1,26.0,2.5925986286367637,0.3857133877008253,0.418782989686695,False,False,6,69.57436,{}
wfi13,gbtds_mid_5stripe,medium,f146,im_66_6_v2,1,-1,26.5,1.6479106459244894,0.6068290185958433,0.6588562355873511,False,False,6,69.57436,{}
wfi13,gbtds_mid_5stripe,medium,f146,im_66_6_v2,1,-1,27.0,1.0446627777627662,0.9572467032295194,1.0393174025816498,False,False,6,69.57436,{}
wfi13,gbtds_mid_5stripe,medium,f146,im_66_6_v2,1,-1,27.5,0.661111604084784,1.5126039141066951,1.642288833004495,False,False,6,69.57436,{}
wfi13,gbtds_mid_5stripe,medium,f146,im_66_6_v2,1,-1,28.0,0.4179248215309641,2.3927748448554635,2.5979222788940928,False,False,6,69.57436,{}
wfi13,gbtds_mid_5stripe,medium,f146,im_66_6_v2,1,-1,28.5,0.2640093689685563,3.787744366447468,4.1124911930206585,False,False,6,69.57436,{}
wfi13,gbtds_mid_5stripe,medium,f146,im_66_6_v2,1,-1,29.0,0.1667050730298307,5.998617689463217,6.512916403952772,False,False,6,69.57436,{}
wfi13,gbtds_mid_5stripe,medium,f146,im_66_6_v2,1,-1,29.5,0.1052342100159286,9.502613264722914,10.317331261324512,False,False,6,69.57436,{}
wfi13,gbtds_mid_5stripe,medium,f146,im_66_6_v2,1,-1,30.0,0.0664183981446455,15.056069220793423,16.346919454359938,False,False,6,69.57436,{}
wfi14,gbtds_mid_5stripe,medium,f146,im_66_6_v2,1,-1,12.0,0.0,,,True,True,0,69.57436,"{""full_saturated"": ""Full saturation:\n There are 23 pixels saturated before the third resultant. These pixels cannot be recovered."", ""partial_saturated"": ""Partial saturation:\n There are 35 pixels saturated at the end of a ramp. Partial ramps may still be used in some cases.""}"
wfi14,gbtds_mid_5stripe,medium,f146,im_66_6_v2,1,-1,12.5,0.0,,,True,True,0,69.57436,"{""full_saturated"": ""Full saturation:\n There are 18 pixels saturated before the third resultant. These pixels cannot be recovered."", ""partial_saturated"": ""Partial saturation:\n There are 22 pixels saturated at the end of a ramp. Partial ramps may still be used in some cases.""}"
wfi14,gbtds_mid_5stripe,medium,f146,im_66_6_v2,1,-1,13.0,0.0,,,True,True,0,69.57436,"{""full_saturated"": ""Full saturation:\n There are 13 pixels saturated before the third resultant. These pixels cannot be recovered."", ""partial_saturated"": ""Partial saturation:\n There are 21 pixels saturated at the end of a ramp. Partial ramps may still be used in some cases.""}"
wfi14,gbtds_mid_5stripe,medium,f146,im_66_6_v2,1,-1,13.5,0.0,,,True,True,0,69.57436,"{""full_saturated"": ""Full saturation:\n There are 10 pixels saturated before the third resultant. These pixels cannot be recovered."", ""partial_saturated"": ""Partial saturation:\n There are 17 pixels saturated at the end of a ramp. Partial ramps may still be used in some cases.""}"
wfi14,gbtds_mid_5stripe,medium,f146,im_66_6_v2,1,-1,14.0,0.0,,,True,True,0,69.57436,"{""full_saturated"": ""Full saturation:\n There are 6 pixels saturated before the third resultant. These pixels cannot be recovered."", ""partial_saturated"": ""Partial saturation:\n There are 14 pixels saturated at the end of a ramp. Partial ramps may still be used in some cases.""}"
wfi14,gbtds_mid_5stripe,medium,f146,im_66_6_v2,1,-1,14.5,0.0,,,True,True,0,69.57436,"{""full_saturated"": ""Full saturation:\n There are 5 pixels saturated before the third resultant. These pixels cannot be recovered."", ""partial_saturated"": ""Partial saturation:\n There are 12 pixels saturated at the end of a ramp. Partial ramps may still be used in some cases.""}"
wfi14,gbtds_mid_5stripe,medium,f146,im_66_6_v2,1,-1,15.0,0.0,,,True,True,1,69.57436,"{""full_saturated"": ""Full saturation:\n There are 1 pixels saturated before the third resultant. These pixels cannot be recovered."", ""partial_saturated"": ""Partial saturation:\n There are 11 pixels saturated at the end of a ramp. Partial ramps may still be used in some cases.""}"
wfi14,gbtds_mid_5stripe,medium,f146,im_66_6_v2,1,-1,15.5,0.0,,,True,True,1,69.57436,"{""full_saturated"": ""Full saturation:\n There are 1 pixels saturated before the third resultant. These pixels cannot be recovered."", ""partial_saturated"": ""Partial saturation:\n There are 8 pixels saturated at the end of a ramp. Partial ramps may still be used in some cases.""}"
wfi14,gbtds_mid_5stripe,medium,f146,im_66_6_v2,1,-1,15.55,0.0,,,True,True,1,69.57436,"{""full_saturated"": ""Full saturation:\n There are 1 pixels saturated before the third resultant. These pixels cannot be recovered."", ""partial_saturated"": ""Partial saturation:\n There are 8 pixels saturated at the end of a ramp. Partial ramps may still be used in some cases.""}"
wfi14,gbtds_mid_5stripe,medium,f146,im_66_6_v2,1,-1,15.6,0.0,,,True,True,2,69.57436,"{""full_saturated"": ""Full saturation:\n There are 1 pixels saturated before the third resultant. These pixels cannot be recovered."", ""partial_saturated"": ""Partial saturation:\n There are 8 pixels saturated at the end of a ramp. Partial ramps may still be used in some cases.""}"
wfi14,gbtds_mid_5stripe,medium,f146,im_66_6_v2,1,-1,15.65,0.0,,,True,True,2,69.57436,"{""full_saturated"": ""Full saturation:\n There are 1 pixels saturated before the third resultant. These pixels cannot be recovered."", ""partial_saturated"": ""Partial saturation:\n There are 8 pixels saturated at the end of a ramp. Partial ramps may still be used in some cases.""}"
wfi14,gbtds_mid_5stripe,medium,f146,im_66_6_v2,1,-1,15.7,0.0,,,True,True,2,69.57436,"{""full_saturated"": ""Full saturation:\n There are 1 pixels saturated before the third resultant. These pixels cannot be recovered."", ""partial_saturated"": ""Partial saturation:\n There are 7 pixels saturated at the end of a ramp. Partial ramps may still be used in some cases.""}"
wfi14,gbtds_mid_5stripe,medium,f146,im_66_6_v2,1,-1,15.75,0.0,,,True,True,2,69.57436,"{""full_saturated"": ""Full saturation:\n There are 1 pixels saturated before the third resultant. These pixels cannot be recovered."", ""partial_saturated"": ""Partial saturation:\n There are 6 pixels saturated at the end of a ramp. Partial ramps may still be used in some cases.""}"
wfi14,gbtds_mid_5stripe,medium,f146,im_66_6_v2,1,-1,15.8,0.0,,,True,True,2,69.57436,"{""full_saturated"": ""Full saturation:\n There are 1 pixels saturated before the third resultant. These pixels cannot be recovered."", ""partial_saturated"": ""Partial saturation:\n There are 6 pixels saturated at the end of a ramp. Partial ramps may still be used in some cases.""}"
wfi14,gbtds_mid_5stripe,medium,f146,im_66_6_v2,1,-1,15.85,0.0,,,True,True,2,69.57436,"{""full_saturated"": ""Full saturation:\n There are 1 pixels saturated before the third resultant. These pixels cannot be recovered."", ""partial_saturated"": ""Partial saturation:\n There are 5 pixels saturated at the end of a ramp. Partial ramps may still be used in some cases.""}"
wfi14,gbtds_mid_5stripe,medium,f146,im_66_6_v2,1,-1,15.9,0.0,,,True,True,2,69.57436,"{""full_saturated"": ""Full saturation:\n There are 1 pixels saturated before the third resultant. These pixels cannot be recovered."", ""partial_saturated"": ""Partial saturation:\n There are 5 pixels saturated at the end of a ramp. Partial ramps may still be used in some cases.""}"
wfi14,gbtds_mid_5stripe,medium,f146,im_66_6_v2,1,-1,15.95,0.0,,,True,True,2,69.57436,"{""full_saturated"": ""Full saturation:\n There are 1 pixels saturated before the third resultant. These pixels cannot be recovered."", ""partial_saturated"": ""Partial saturation:\n There are 4 pixels saturated at the end of a ramp. Partial ramps may still be used in some cases.""}"
wfi14,gbtds_mid_5stripe,medium,f146,im_66_6_v2,1,-1,16.0,0.0,,,True,True,2,69.57436,"{""full_saturated"": ""Full saturation:\n There are 1 pixels saturated before the third resultant. These pixels cannot be recovered."", ""partial_saturated"": ""Partial saturation:\n There are 4 pixels saturated at the end of a ramp. Partial ramps may still be used in some cases.""}"
wfi14,gbtds_mid_5stripe,medium,f146,im_66_6_v2,1,-1,16.05,0.0,,,True,True,2,69.57436,"{""full_saturated"": ""Full saturation:\n There are 1 pixels saturated before the third resultant. These pixels cannot be recovered."", ""partial_saturated"": ""Partial saturation:\n There are 4 pixels saturated at the end of a ramp. Partial ramps may still be used in some cases.""}"
wfi14,gbtds_mid_5stripe,medium,f146,im_66_6_v2,1,-1,16.1,0.0,,,True,True,2,69.57436,"{""full_saturated"": ""Full saturation:\n There are 1 pixels saturated before the third resultant. These pixels cannot be recovered."", ""partial_saturated"": ""Partial saturation:\n There are 4 pixels saturated at the end of a ramp. Partial ramps may still be used in some cases.""}"
wfi14,gbtds_mid_5stripe,medium,f146,im_66_6_v2,1,-1,16.15,0.0,,,True,True,2,69.57436,"{""full_saturated"": ""Full saturation:\n There are 1 pixels saturated before the third resultant. These pixels cannot be recovered."", ""partial_saturated"": ""Partial saturation:\n There are 4 pixels saturated at the end of a ramp. Partial ramps may still be used in some cases.""}"
wfi14,gbtds_mid_5stripe,medium,f146,im_66_6_v2,1,-1,16.2,0.0,,,True,True,2,69.57436,"{""full_saturated"": ""Full saturation:\n There are 1 pixels saturated before the third resultant. These pixels cannot be recovered."", ""partial_saturated"": ""Partial saturation:\n There are 4 pixels saturated at the end of a ramp. Partial ramps may still be used in some cases.""}"
wfi14,gbtds_mid_5stripe,medium,f146,im_66_6_v2,1,-1,16.25,0.0,,,True,True,2,69.57436,"{""full_saturated"": ""Full saturation:\n There are 1 pixels saturated before the third resultant. These pixels cannot be recovered."", ""partial_saturated"": ""Partial saturation:\n There are 4 pixels saturated at the end of a ramp. Partial ramps may still be used in some cases.""}"
wfi14,gbtds_mid_5stripe,medium,f146,im_66_6_v2,1,-1,16.3,0.0,,,True,True,2,69.57436,"{""full_saturated"": ""Full saturation:\n There are 1 pixels saturated before the third resultant. These pixels cannot be recovered."", ""partial_saturated"": ""Partial saturation:\n There are 4 pixels saturated at the end of a ramp. Partial ramps may still be used in some cases.""}"
wfi14,gbtds_mid_5stripe,medium,f146,im_66_6_v2,1,-1,16.35,0.0,,,True,True,2,69.57436,"{""full_saturated"": ""Full saturation:\n There are 1 pixels saturated before the third resultant. These pixels cannot be recovered."", ""partial_saturated"": ""Partial saturation:\n There are 4 pixels saturated at the end of a ramp. Partial ramps may still be used in some cases.""}"
wfi14,gbtds_mid_5stripe,medium,f146,im_66_6_v2,1,-1,16.4,463.0380605521127,0.0021596496815135023,0.0023448098488135726,True,False,3,69.57436,"{""partial_saturated"": ""Partial saturation:\n There are 5 pixels saturated at the end of a ramp. Partial ramps may still be used in some cases.""}"
wfi14,gbtds_mid_5stripe,medium,f146,im_66_6_v2,1,-1,16.45,453.2684599950311,0.0022061980663974777,0.0023953491155551208,True,False,3,69.57436,"{""partial_saturated"": ""Partial saturation:\n There are 5 pixels saturated at the end of a ramp. Partial ramps may still be used in some cases.""}"
wfi14,gbtds_mid_5stripe,medium,f146,im_66_6_v2,1,-1,16.5,443.6922817039851,0.0022538142790303,0.002447047761544,True,False,3,69.57436,"{""partial_saturated"": ""Partial saturation:\n There are 5 pixels saturated at the end of a ramp. Partial ramps may still be used in some cases.""}"
wfi14,gbtds_mid_5stripe,medium,f146,im_66_6_v2,1,-1,16.55,434.30643410725423,0.0023025217253701677,0.0024999311994765455,True,False,3,69.57436,"{""partial_saturated"": ""Partial saturation:\n There are 5 pixels saturated at the end of a ramp. Partial ramps may still be used in some cases.""}"
wfi14,gbtds_mid_5stripe,medium,f146,im_66_6_v2,1,-1,16.6,438.99067849081086,0.0022779526969407674,0.002473255715795014,True,False,3,69.57436,"{""partial_saturated"": ""Partial saturation:\n There are 5 pixels saturated at the end of a ramp. Partial ramps may still be used in some cases.""}"
wfi14,gbtds_mid_5stripe,medium,f146,im_66_6_v2,1,-1,16.65,429.7199989397399,0.0023270967198811498,0.0025266131607488513,True,False,3,69.57436,"{""partial_saturated"": ""Partial saturation:\n There are 5 pixels saturated at the end of a ramp. Partial ramps may still be used in some cases.""}"
wfi14,gbtds_mid_5stripe,medium,f146,im_66_6_v2,1,-1,16.7,420.8363894927003,0.0023762203672678017,0.0025799484832263117,True,False,3,69.57436,"{""partial_saturated"": ""Partial saturation:\n There are 5 pixels saturated at the end of a ramp. Partial ramps may still be used in some cases.""}"
wfi14,gbtds_mid_5stripe,medium,f146,im_66_6_v2,1,-1,16.75,423.4689720128641,0.0023614481014907086,0.0025639096994458117,True,False,3,69.57436,"{""partial_saturated"": ""Partial saturation:\n There are 5 pixels saturated at the end of a ramp. Partial ramps may still be used in some cases.""}"
wfi14,gbtds_mid_5stripe,medium,f146,im_66_6_v2,1,-1,16.8,443.3844564155889,0.002255379018209627,0.0024487466555220363,True,False,3,69.57436,"{""partial_saturated"": ""Partial saturation:\n There are 3 pixels saturated at the end of a ramp. Partial ramps may still be used in some cases.""}"
wfi14,gbtds_mid_5stripe,medium,f146,im_66_6_v2,1,-1,16.85,434.4802810669391,0.0023016004260177987,0.0024989309114142586,True,False,3,69.57436,"{""partial_saturated"": ""Partial saturation:\n There are 1 pixels saturated at the end of a ramp. Partial ramps may still be used in some cases.""}"
wfi14,gbtds_mid_5stripe,medium,f146,im_66_6_v2,1,-1,16.9,424.67838551303385,0.0023547230895491593,0.002556608110503441,True,False,3,69.57436,"{""partial_saturated"": ""Partial saturation:\n There are 1 pixels saturated at the end of a ramp. Partial ramps may still be used in some cases.""}"
wfi14,gbtds_mid_5stripe,medium,f146,im_66_6_v2,1,-1,16.95,415.08702757473475,0.0024091333469098935,0.0026156832968301977,True,False,3,69.57436,"{""partial_saturated"": ""Partial saturation:\n There are 1 pixels saturated at the end of a ramp. Partial ramps may still be used in some cases.""}"
wfi14,gbtds_mid_5stripe,medium,f146,im_66_6_v2,1,-1,17.0,420.6587346959399,0.0023772239050802,0.0025810380605621,True,False,3,69.57436,"{""partial_saturated"": ""Partial saturation:\n There are 1 pixels saturated at the end of a ramp. Partial ramps may still be used in some cases.""}"
wfi14,gbtds_mid_5stripe,medium,f146,im_66_6_v2,1,-1,17.05,411.14964718068575,0.002432204446378949,0.002640732424807327,True,False,3,69.57436,"{""partial_saturated"": ""Partial saturation:\n There are 1 pixels saturated at the end of a ramp. Partial ramps may still be used in some cases.""}"
wfi14,gbtds_mid_5stripe,medium,f146,im_66_6_v2,1,-1,17.1,401.8452754800153,0.0024885199877128636,0.0027018762469241116,True,False,3,69.57436,"{""partial_saturated"": ""Partial saturation:\n There are 1 pixels saturated at the end of a ramp. Partial ramps may still be used in some cases.""}"
wfi14,gbtds_mid_5stripe,medium,f146,im_66_6_v2,1,-1,17.15,407.60719754493044,0.0024533423502409333,0.00266368261232298,True,False,3,69.57436,"{""partial_saturated"": ""Partial saturation:\n There are 1 pixels saturated at the end of a ramp. Partial ramps may still be used in some cases.""}"
wfi14,gbtds_mid_5stripe,medium,f146,im_66_6_v2,1,-1,17.2,398.3733402403206,0.002510208136409794,0.0027254238551785467,True,False,3,69.57436,"{""partial_saturated"": ""Partial saturation:\n There are 1 pixels saturated at the end of a ramp. Partial ramps may still be used in some cases.""}"
wfi14,gbtds_mid_5stripe,medium,f146,im_66_6_v2,1,-1,17.25,404.6826665491732,0.0024710719846917127,0.0026829323183433186,True,False,3,69.57436,"{""partial_saturated"": ""Partial saturation:\n There are 1 pixels saturated at the end of a ramp. Partial ramps may still be used in some cases.""}"
wfi14,gbtds_mid_5stripe,medium,f146,im_66_6_v2,1,-1,17.3,395.5040963397636,0.00252841881855235,0.002745195852094062,True,False,3,69.57436,"{""partial_saturated"": ""Partial saturation:\n There are 1 pixels saturated at the end of a ramp. Partial ramps may still be used in some cases.""}"
wfi14,gbtds_mid_5stripe,medium,f146,im_66_6_v2,1,-1,17.35,533.8271448697974,0.001873265549738772,0.002033872228477525,True,False,4,69.57436,"{""partial_saturated"": ""Partial saturation:\n There are 1 pixels saturated at the end of a ramp. Partial ramps may still be used in some cases.""}"
wfi14,gbtds_mid_5stripe,medium,f146,im_66_6_v2,1,-1,17.4,521.8901036945256,0.0019161122100627593,0.002080392398844252,True,False,4,69.57436,"{""partial_saturated"": ""Partial saturation:\n There are 1 pixels saturated at the end of a ramp. Partial ramps may still be used in some cases.""}"
wfi14,gbtds_mid_5stripe,medium,f146,im_66_6_v2,1,-1,17.45,510.20289628771064,0.00196000455363171,0.0021280479053687445,True,False,4,69.57436,"{""partial_saturated"": ""Partial saturation:\n There are 1 pixels saturated at the end of a ramp. Partial ramps may still be used in some cases.""}"
wfi14,gbtds_mid_5stripe,medium,f146,im_66_6_v2,1,-1,17.5,502.2405687513551,0.0019910777070162,0.0021617851529943,True,False,4,69.57436,"{""partial_saturated"": ""Partial saturation:\n There are 1 pixels saturated at the end of a ramp. Partial ramps may still be used in some cases.""}"
wfi14,gbtds_mid_5stripe,medium,f146,im_66_6_v2,1,-1,17.55,494.1371094901574,0.0020237298126258596,0.0021972367262162807,True,False,4,69.57436,"{""partial_saturated"": ""Partial saturation:\n There are 1 pixels saturated at the end of a ramp. Partial ramps may still be used in some cases.""}"
wfi14,gbtds_mid_5stripe,medium,f146,im_66_6_v2,1,-1,17.6,483.0347480739924,0.002070244436838771,0.002247739337774958,True,False,4,69.57436,"{""partial_saturated"": ""Partial saturation:\n There are 1 pixels saturated at the end of a ramp. Partial ramps may still be used in some cases.""}"
wfi14,gbtds_mid_5stripe,medium,f146,im_66_6_v2,1,-1,17.65,475.0744482604647,0.0021049332450137144,0.002285402232710404,True,False,4,69.57436,"{""partial_saturated"": ""Partial saturation:\n There are 1 pixels saturated at the end of a ramp. Partial ramps may still be used in some cases.""}"
wfi14,gbtds_mid_5stripe,medium,f146,im_66_6_v2,1,-1,17.7,464.3753858536192,0.0021534302429957407,0.002338057179241572,True,False,4,69.57436,"{""partial_saturated"": ""Partial saturation:\n There are 1 pixels saturated at the end of a ramp. Partial ramps may still be used in some cases.""}"
wfi14,gbtds_mid_5stripe,medium,f146,im_66_6_v2,1,-1,17.75,456.61549786632355,0.0021900264110018336,0.002377790963801198,True,False,4,69.57436,"{""partial_saturated"": ""Partial saturation:\n There are 1 pixels saturated at the end of a ramp. Partial ramps may still be used in some cases.""}"
wfi14,gbtds_mid_5stripe,medium,f146,im_66_6_v2,1,-1,17.8,448.92241519758915,0.0022275564020563755,0.0024185386338533626,True,False,4,69.57436,"{""partial_saturated"": ""Partial saturation:\n There are 1 pixels saturated at the end of a ramp. Partial ramps may still be used in some cases.""}"
wfi14,gbtds_mid_5stripe,medium,f146,im_66_6_v2,1,-1,17.85,438.778621005802,0.0022790536095576475,0.0024744510164814355,True,False,4,69.57436,"{""partial_saturated"": ""Partial saturation:\n There are 1 pixels saturated at the end of a ramp. Partial ramps may still be used in some cases.""}"
wfi14,gbtds_mid_5stripe,medium,f146,im_66_6_v2,1,-1,17.9,431.334910679565,0.0023183841030268272,0.0025171535571919274,True,False,4,69.57436,"{""partial_saturated"": ""Partial saturation:\n There are 1 pixels saturated at the end of a ramp. Partial ramps may still be used in some cases.""}"
wfi14,gbtds_mid_5stripe,medium,f146,im_66_6_v2,1,-1,17.95,423.99062483485216,0.0023585427163383818,0.002560755217597164,True,False,4,69.57436,"{""partial_saturated"": ""Partial saturation:\n There are 1 pixels saturated at the end of a ramp. Partial ramps may still be used in some cases.""}"
wfi14,gbtds_mid_5stripe,medium,f146,im_66_6_v2,1,-1,18.0,416.7541101279633,0.002399496431344,0.0026052201486981,True,False,4,69.57436,"{""partial_saturated"": ""Partial saturation:\n There are 1 pixels saturated at the end of a ramp. Partial ramps may still be used in some cases.""}"
wfi14,gbtds_mid_5stripe,medium,f146,im_66_6_v2,1,-1,18.05,409.6308795567206,0.002441222207373974,0.002650523334405482,True,False,4,69.57436,"{""partial_saturated"": ""Partial saturation:\n There are 1 pixels saturated at the end of a ramp. Partial ramps may still be used in some cases.""}"
wfi14,gbtds_mid_5stripe,medium,f146,im_66_6_v2,1,-1,18.1,400.32239767601084,0.002497986637283584,0.0027121545311008005,True,False,4,69.57436,"{""partial_saturated"": ""Partial saturation:\n There are 1 pixels saturated at the end of a ramp. Partial ramps may still be used in some cases.""}"
wfi14,gbtds_mid_5stripe,medium,f146,im_66_6_v2,1,-1,18.15,393.4640400372887,0.0025415283183317836,0.0027594293106308616,True,False,4,69.57436,"{""partial_saturated"": ""Partial saturation:\n There are 1 pixels saturated at the end of a ramp. Partial ramps may still be used in some cases.""}"
wfi14,gbtds_mid_5stripe,medium,f146,im_66_6_v2,1,-1,18.2,471.7002987256439,0.0021199901774529768,0.002301750089392308,True,False,5,69.57436,"{""partial_saturated"": ""Partial saturation:\n There are 1 pixels saturated at the end of a ramp. Partial ramps may still be used in some cases.""}"
wfi14,gbtds_mid_5stripe,medium,f146,im_66_6_v2,1,-1,18.25,469.69988832595357,0.002129019028648435,0.0023115530400225908,False,False,6,69.57436,{}
wfi14,gbtds_mid_5stripe,medium,f146,im_66_6_v2,1,-1,18.3,458.99571204816425,0.002178669590479891,0.002365460452589585,False,False,6,69.57436,{}
wfi14,gbtds_mid_5stripe,medium,f146,im_66_6_v2,1,-1,18.35,448.51864220142437,0.0022295617303481267,0.002420715891382143,False,False,6,69.57436,{}
wfi14,gbtds_mid_5stripe,medium,f146,im_66_6_v2,1,-1,18.4,438.2539004254201,0.0022817823162082163,0.0024774136720841222,False,False,6,69.57436,{}
wfi14,gbtds_mid_5stripe,medium,f146,im_66_6_v2,1,-1,18.45,428.2158155059407,0.002335271056764896,0.0025354883342534247,False,False,6,69.57436,{}
wfi14,gbtds_mid_5stripe,medium,f146,im_66_6_v2,1,-1,18.5,418.3804981367167,0.0023901687685099,0.0025950927674533,False,False,6,69.57436,{}
wfi14,gbtds_mid_5stripe,medium,f146,im_66_6_v2,1,-1,18.55,408.76510747121966,0.002446392761325422,0.002656137192029224,False,False,6,69.57436,{}
wfi14,gbtds_mid_5stripe,medium,f146,im_66_6_v2,1,-1,18.6,399.35157632975677,0.0025040592281881206,0.0027187477629025407,False,False,6,69.57436,{}
wfi14,gbtds_mid_5stripe,medium,f146,im_66_6_v2,1,-1,18.65,390.13687063672353,0.0025632030071086292,0.0027829623049627477,False,False,6,69.57436,{}
wfi14,gbtds_mid_5stripe,medium,f146,im_66_6_v2,1,-1,18.7,381.1211026923075,0.0026238379164413134,0.0028487958212974696,False,False,6,69.57436,{}
wfi14,gbtds_mid_5stripe,medium,f146,im_66_6_v2,1,-1,18.75,372.2912399446462,0.0026860691112385138,0.0029163624825541455,False,False,6,69.57436,{}
wfi14,gbtds_mid_5stripe,medium,f146,im_66_6_v2,1,-1,19.0,330.89388241564063,0.0030221169176645,0.0032812217525204,False,False,6,69.57436,{}
wfi14,gbtds_mid_5stripe,medium,f146,im_66_6_v2,1,-1,19.5,260.3312762007338,0.003841259546659,0.0041705945616805,False,False,6,69.57436,{}
wfi14,gbtds_mid_5stripe,medium,f146,im_66_6_v2,1,-1,20.0,203.55613867654404,0.0049126496823022,0.005333841621369,False,False,6,69.57436,{}
wfi14,gbtds_mid_5stripe,medium,f146,im_66_6_v2,1,-1,20.5,157.73073420681294,0.0063399185011642,0.0068834790519299,False,False,6,69.57436,{}
wfi14,gbtds_mid_5stripe,medium,f146,im_66_6_v2,1,-1,21.0,120.78958992393054,0.0082788591353755,0.0089886570973698,False,False,6,69.57436,{}
wfi14,gbtds_mid_5stripe,medium,f146,im_66_6_v2,1,-1,21.2,108.09166282384096,0.009251407313714,0.0100445878654635,False,False,6,69.57436,{}
wfi14,gbtds_mid_5stripe,medium,f146,im_66_6_v2,1,-1,21.5,91.00077334895022,0.0109889176014517,0.011931065691,False,False,6,69.57436,{}
wfi14,gbtds_mid_5stripe,medium,f146,im_66_6_v2,1,-1,22.0,67.1316211491251,0.0148961098046271,0.0161732457249362,False,False,6,69.57436,{}
wfi14,gbtds_mid_5stripe,medium,f146,im_66_6_v2,1,-1,22.5,48.44817836488886,0.0206406109321277,0.0224102585773375,False,False,6,69.57436,{}
wfi14,gbtds_mid_5stripe,medium,f146,im_66_6_v2,1,-1,23.0,34.09449598737336,0.0293302473328933,0.0318449114238328,False,False,6,69.57436,{}
wfi14,gbtds_mid_5stripe,medium,f146,im_66_6_v2,1,-1,23.5,23.344187482313615,0.0428372159347004,0.0465099162513461,False,False,6,69.57436,{}
wfi14,gbtds_mid_5stripe,medium,f146,im_66_6_v2,1,-1,24.0,15.759849051355502,0.0634523843941252,0.0688925510149315,False,False,6,69.57436,{}
wfi14,gbtds_mid_5stripe,medium,f146,im_66_6_v2,1,-1,24.5,10.376876848864052,0.0963681090721886,0.1046303450037555,False,False,6,69.57436,{}
wfi14,gbtds_mid_5stripe,medium,f146,im_66_6_v2,1,-1,25.0,6.75479252226553,0.1480430371034703,0.1607356852455888,False,False,6,69.57436,{}
wfi14,gbtds_mid_5stripe,medium,f146,im_66_6_v2,1,-1,25.5,4.345465915946418,0.2301249208583898,0.249854958193053,False,False,6,69.57436,{}
wfi14,gbtds_mid_5stripe,medium,f146,im_66_6_v2,1,-1,26.0,2.776673494923351,0.3601431719747822,0.3910204807094544,False,False,6,69.57436,{}
wfi14,gbtds_mid_5stripe,medium,f146,im_66_6_v2,1,-1,26.5,1.7662842355193102,0.5661602928285137,0.6147007276203815,False,False,6,69.57436,{}
wfi14,gbtds_mid_5stripe,medium,f146,im_66_6_v2,1,-1,27.0,1.1202667551612513,0.8926445379128116,0.9691764927915302,False,False,6,69.57436,{}
wfi14,gbtds_mid_5stripe,medium,f146,im_66_6_v2,1,-1,27.5,0.7091860200599718,1.4100672767286582,1.5309610934890043,False,False,6,69.57436,{}
wfi14,gbtds_mid_5stripe,medium,f146,im_66_6_v2,1,-1,28.0,0.4484074476276974,2.2301146095822157,2.4213161723834515,False,False,6,69.57436,{}
wfi14,gbtds_mid_5stripe,medium,f146,im_66_6_v2,1,-1,28.5,0.2833026711077427,3.529793757644065,3.832424878003404,False,False,6,69.57436,{}
wfi14,gbtds_mid_5stripe,medium,f146,im_66_6_v2,1,-1,29.0,0.1789023596005418,5.5896411999977405,6.068875822445222,False,False,6,69.57436,{}
wfi14,gbtds_mid_5stripe,medium,f146,im_66_6_v2,1,-1,29.5,0.1129397769319238,8.85427638663361,9.613408439903097,False,False,6,69.57436,{}
wfi14,gbtds_mid_5stripe,medium,f146,im_66_6_v2,1,-1,30.0,0.0712841112192994,14.028371580920542,15.231110919205468,False,False,6,69.57436,{}
wfi15,gbtds_mid_5stripe,medium,f146,im_66_6_v2,1,-1,12.0,0.0,,,True,True,0,69.57436,"{""full_saturated"": ""Full saturation:\n There are 22 pixels saturated before the third resultant. These pixels cannot be recovered."", ""partial_saturated"": ""Partial saturation:\n There are 31 pixels saturated at the end of a ramp. Partial ramps may still be used in some cases.""}"
wfi15,gbtds_mid_5stripe,medium,f146,im_66_6_v2,1,-1,12.5,0.0,,,True,True,0,69.57436,"{""full_saturated"": ""Full saturation:\n There are 19 pixels saturated before the third resultant. These pixels cannot be recovered."", ""partial_saturated"": ""Partial saturation:\n There are 21 pixels saturated at the end of a ramp. Partial ramps may still be used in some cases.""}"
wfi15,gbtds_mid_5stripe,medium,f146,im_66_6_v2,1,-1,13.0,0.0,,,True,True,0,69.57436,"{""full_saturated"": ""Full saturation:\n There are 11 pixels saturated before the third resultant. These pixels cannot be recovered."", ""partial_saturated"": ""Partial saturation:\n There are 23 pixels saturated at the end of a ramp. Partial ramps may still be used in some cases.""}"
wfi15,gbtds_mid_5stripe,medium,f146,im_66_6_v2,1,-1,13.5,0.0,,,True,True,0,69.57436,"{""full_saturated"": ""Full saturation:\n There are 9 pixels saturated before the third resultant. These pixels cannot be recovered."", ""partial_saturated"": ""Partial saturation:\n There are 15 pixels saturated at the end of a ramp. Partial ramps may still be used in some cases.""}"
wfi15,gbtds_mid_5stripe,medium,f146,im_66_6_v2,1,-1,14.0,0.0,,,True,True,0,69.57436,"{""full_saturated"": ""Full saturation:\n There are 6 pixels saturated before the third resultant. These pixels cannot be recovered."", ""partial_saturated"": ""Partial saturation:\n There are 15 pixels saturated at the end of a ramp. Partial ramps may still be used in some cases.""}"
wfi15,gbtds_mid_5stripe,medium,f146,im_66_6_v2,1,-1,14.5,0.0,,,True,True,0,69.57436,"{""full_saturated"": ""Full saturation:\n There are 5 pixels saturated before the third resultant. These pixels cannot be recovered."", ""partial_saturated"": ""Partial saturation:\n There are 12 pixels saturated at the end of a ramp. Partial ramps may still be used in some cases.""}"
wfi15,gbtds_mid_5stripe,medium,f146,im_66_6_v2,1,-1,15.0,0.0,,,True,True,1,69.57436,"{""full_saturated"": ""Full saturation:\n There are 1 pixels saturated before the third resultant. These pixels cannot be recovered."", ""partial_saturated"": ""Partial saturation:\n There are 10 pixels saturated at the end of a ramp. Partial ramps may still be used in some cases.""}"
wfi15,gbtds_mid_5stripe,medium,f146,im_66_6_v2,1,-1,15.5,0.0,,,True,True,1,69.57436,"{""full_saturated"": ""Full saturation:\n There are 1 pixels saturated before the third resultant. These pixels cannot be recovered."", ""partial_saturated"": ""Partial saturation:\n There are 8 pixels saturated at the end of a ramp. Partial ramps may still be used in some cases.""}"
wfi15,gbtds_mid_5stripe,medium,f146,im_66_6_v2,1,-1,15.55,0.0,,,True,True,1,69.57436,"{""full_saturated"": ""Full saturation:\n There are 1 pixels saturated before the third resultant. These pixels cannot be recovered."", ""partial_saturated"": ""Partial saturation:\n There are 8 pixels saturated at the end of a ramp. Partial ramps may still be used in some cases.""}"
wfi15,gbtds_mid_5stripe,medium,f146,im_66_6_v2,1,-1,15.6,0.0,,,True,True,2,69.57436,"{""full_saturated"": ""Full saturation:\n There are 1 pixels saturated before the third resultant. These pixels cannot be recovered."", ""partial_saturated"": ""Partial saturation:\n There are 6 pixels saturated at the end of a ramp. Partial ramps may still be used in some cases.""}"
wfi15,gbtds_mid_5stripe,medium,f146,im_66_6_v2,1,-1,15.65,0.0,,,True,True,2,69.57436,"{""full_saturated"": ""Full saturation:\n There are 1 pixels saturated before the third resultant. These pixels cannot be recovered."", ""partial_saturated"": ""Partial saturation:\n There are 6 pixels saturated at the end of a ramp. Partial ramps may still be used in some cases.""}"
wfi15,gbtds_mid_5stripe,medium,f146,im_66_6_v2,1,-1,15.7,0.0,,,True,True,2,69.57436,"{""full_saturated"": ""Full saturation:\n There are 1 pixels saturated before the third resultant. These pixels cannot be recovered."", ""partial_saturated"": ""Partial saturation:\n There are 6 pixels saturated at the end of a ramp. Partial ramps may still be used in some cases.""}"
wfi15,gbtds_mid_5stripe,medium,f146,im_66_6_v2,1,-1,15.75,0.0,,,True,True,2,69.57436,"{""full_saturated"": ""Full saturation:\n There are 1 pixels saturated before the third resultant. These pixels cannot be recovered."", ""partial_saturated"": ""Partial saturation:\n There are 6 pixels saturated at the end of a ramp. Partial ramps may still be used in some cases.""}"
wfi15,gbtds_mid_5stripe,medium,f146,im_66_6_v2,1,-1,15.8,0.0,,,True,True,2,69.57436,"{""full_saturated"": ""Full saturation:\n There are 1 pixels saturated before the third resultant. These pixels cannot be recovered."", ""partial_saturated"": ""Partial saturation:\n There are 6 pixels saturated at the end of a ramp. Partial ramps may still be used in some cases.""}"
wfi15,gbtds_mid_5stripe,medium,f146,im_66_6_v2,1,-1,15.85,0.0,,,True,True,2,69.57436,"{""full_saturated"": ""Full saturation:\n There are 1 pixels saturated before the third resultant. These pixels cannot be recovered."", ""partial_saturated"": ""Partial saturation:\n There are 5 pixels saturated at the end of a ramp. Partial ramps may still be used in some cases.""}"
wfi15,gbtds_mid_5stripe,medium,f146,im_66_6_v2,1,-1,15.9,0.0,,,True,True,2,69.57436,"{""full_saturated"": ""Full saturation:\n There are 1 pixels saturated before the third resultant. These pixels cannot be recovered."", ""partial_saturated"": ""Partial saturation:\n There are 5 pixels saturated at the end of a ramp. Partial ramps may still be used in some cases.""}"
wfi15,gbtds_mid_5stripe,medium,f146,im_66_6_v2,1,-1,15.95,0.0,,,True,True,2,69.57436,"{""full_saturated"": ""Full saturation:\n There are 1 pixels saturated before the third resultant. These pixels cannot be recovered."", ""partial_saturated"": ""Partial saturation:\n There are 5 pixels saturated at the end of a ramp. Partial ramps may still be used in some cases.""}"
wfi15,gbtds_mid_5stripe,medium,f146,im_66_6_v2,1,-1,16.0,0.0,,,True,True,2,69.57436,"{""full_saturated"": ""Full saturation:\n There are 1 pixels saturated before the third resultant. These pixels cannot be recovered."", ""partial_saturated"": ""Partial saturation:\n There are 4 pixels saturated at the end of a ramp. Partial ramps may still be used in some cases.""}"
wfi15,gbtds_mid_5stripe,medium,f146,im_66_6_v2,1,-1,16.05,0.0,,,True,True,2,69.57436,"{""full_saturated"": ""Full saturation:\n There are 1 pixels saturated before the third resultant. These pixels cannot be recovered."", ""partial_saturated"": ""Partial saturation:\n There are 4 pixels saturated at the end of a ramp. Partial ramps may still be used in some cases.""}"
wfi15,gbtds_mid_5stripe,medium,f146,im_66_6_v2,1,-1,16.1,0.0,,,True,True,2,69.57436,"{""full_saturated"": ""Full saturation:\n There are 1 pixels saturated before the third resultant. These pixels cannot be recovered."", ""partial_saturated"": ""Partial saturation:\n There are 4 pixels saturated at the end of a ramp. Partial ramps may still be used in some cases.""}"
wfi15,gbtds_mid_5stripe,medium,f146,im_66_6_v2,1,-1,16.15,0.0,,,True,True,2,69.57436,"{""full_saturated"": ""Full saturation:\n There are 1 pixels saturated before the third resultant. These pixels cannot be recovered."", ""partial_saturated"": ""Partial saturation:\n There are 4 pixels saturated at the end of a ramp. Partial ramps may still be used in some cases.""}"
wfi15,gbtds_mid_5stripe,medium,f146,im_66_6_v2,1,-1,16.2,0.0,,,True,True,2,69.57436,"{""full_saturated"": ""Full saturation:\n There are 1 pixels saturated before the third resultant. These pixels cannot be recovered."", ""partial_saturated"": ""Partial saturation:\n There are 4 pixels saturated at the end of a ramp. Partial ramps may still be used in some cases.""}"
wfi15,gbtds_mid_5stripe,medium,f146,im_66_6_v2,1,-1,16.25,0.0,,,True,True,2,69.57436,"{""full_saturated"": ""Full saturation:\n There are 1 pixels saturated before the third resultant. These pixels cannot be recovered."", ""partial_saturated"": ""Partial saturation:\n There are 4 pixels saturated at the end of a ramp. Partial ramps may still be used in some cases.""}"
wfi15,gbtds_mid_5stripe,medium,f146,im_66_6_v2,1,-1,16.3,0.0,,,True,True,2,69.57436,"{""full_saturated"": ""Full saturation:\n There are 1 pixels saturated before the third resultant. These pixels cannot be recovered."", ""partial_saturated"": ""Partial saturation:\n There are 4 pixels saturated at the end of a ramp. Partial ramps may still be used in some cases.""}"
wfi15,gbtds_mid_5stripe,medium,f146,im_66_6_v2,1,-1,16.35,465.78078365878343,0.0021469327097284655,0.0023310025721316706,True,False,3,69.57436,"{""partial_saturated"": ""Partial saturation:\n There are 5 pixels saturated at the end of a ramp. Partial ramps may still be used in some cases.""}"
wfi15,gbtds_mid_5stripe,medium,f146,im_66_6_v2,1,-1,16.4,455.96570489742834,0.0021931473995943506,0.0023811795341107307,True,False,3,69.57436,"{""partial_saturated"": ""Partial saturation:\n There are 5 pixels saturated at the end of a ramp. Partial ramps may still be used in some cases.""}"
wfi15,gbtds_mid_5stripe,medium,f146,im_66_6_v2,1,-1,16.45,446.13022129326004,0.0022414980027606296,0.002433675534490253,True,False,3,69.57436,"{""partial_saturated"": ""Partial saturation:\n There are 5 pixels saturated at the end of a ramp. Partial ramps may still be used in some cases.""}"
wfi15,gbtds_mid_5stripe,medium,f146,im_66_6_v2,1,-1,16.5,436.8903423930336,0.0022889038803709,0.00248514581213,True,False,3,69.57436,"{""partial_saturated"": ""Partial saturation:\n There are 5 pixels saturated at the end of a ramp. Partial ramps may still be used in some cases.""}"
wfi15,gbtds_mid_5stripe,medium,f146,im_66_6_v2,1,-1,16.55,427.62930000688453,0.002338474000691488,0.002538965886436336,True,False,3,69.57436,"{""partial_saturated"": ""Partial saturation:\n There are 5 pixels saturated at the end of a ramp. Partial ramps may still be used in some cases.""}"
wfi15,gbtds_mid_5stripe,medium,f146,im_66_6_v2,1,-1,16.6,432.50450495124005,0.002312114645170548,0.00251034657981316,True,False,3,69.57436,"{""partial_saturated"": ""Partial saturation:\n There are 5 pixels saturated at the end of a ramp. Partial ramps may still be used in some cases.""}"
wfi15,gbtds_mid_5stripe,medium,f146,im_66_6_v2,1,-1,16.65,423.5637577290283,0.002360919653186528,0.00256333594398962,True,False,3,69.57436,"{""partial_saturated"": ""Partial saturation:\n There are 5 pixels saturated at the end of a ramp. Partial ramps may still be used in some cases.""}"
wfi15,gbtds_mid_5stripe,medium,f146,im_66_6_v2,1,-1,16.7,420.0991789605914,0.00238039027468275,0.00258447590267721,True,False,3,69.57436,"{""partial_saturated"": ""Partial saturation:\n There are 5 pixels saturated at the end of a ramp. Partial ramps may still be used in some cases.""}"
wfi15,gbtds_mid_5stripe,medium,f146,im_66_6_v2,1,-1,16.75,429.91563583013556,0.0023260377540562658,0.0025254634032131733,True,False,3,69.57436,"{""partial_saturated"": ""Partial saturation:\n There are 4 pixels saturated at the end of a ramp. Partial ramps may still be used in some cases.""}"
wfi15,gbtds_mid_5stripe,medium,f146,im_66_6_v2,1,-1,16.8,437.1222926633783,0.0022876893189478346,0.0024838271188201318,True,False,3,69.57436,"{""partial_saturated"": ""Partial saturation:\n There are 1 pixels saturated at the end of a ramp. Partial ramps may still be used in some cases.""}"
wfi15,gbtds_mid_5stripe,medium,f146,im_66_6_v2,1,-1,16.85,427.2674511197799,0.0023404544328832124,0.0025411161133679586,True,False,3,69.57436,"{""partial_saturated"": ""Partial saturation:\n There are 1 pixels saturated at the end of a ramp. Partial ramps may still be used in some cases.""}"
wfi15,gbtds_mid_5stripe,medium,f146,im_66_6_v2,1,-1,16.9,417.62422084683965,0.0023944971342233093,0.002599792230815833,True,False,3,69.57436,"{""partial_saturated"": ""Partial saturation:\n There are 1 pixels saturated at the end of a ramp. Partial ramps may still be used in some cases.""}"
wfi15,gbtds_mid_5stripe,medium,f146,im_66_6_v2,1,-1,16.95,423.2534408138286,0.00236265060970847,0.0025652153061543545,True,False,3,69.57436,"{""partial_saturated"": ""Partial saturation:\n There are 1 pixels saturated at the end of a ramp. Partial ramps may still be used in some cases.""}"
wfi15,gbtds_mid_5stripe,medium,f146,im_66_6_v2,1,-1,17.0,413.6923704031284,0.0024172551188834,0.0026245013987087,True,False,3,69.57436,"{""partial_saturated"": ""Partial saturation:\n There are 1 pixels saturated at the end of a ramp. Partial ramps may still be used in some cases.""}"
wfi15,gbtds_mid_5stripe,medium,f146,im_66_6_v2,1,-1,17.05,404.3370520957017,0.0024731841784396053,0.0026852256035668695,True,False,3,69.57436,"{""partial_saturated"": ""Partial saturation:\n There are 1 pixels saturated at the end of a ramp. Partial ramps may still be used in some cases.""}"
wfi15,gbtds_mid_5stripe,medium,f146,im_66_6_v2,1,-1,17.1,410.16092613662937,0.002438067442013939,0.0026470980914365745,True,False,3,69.57436,"{""partial_saturated"": ""Partial saturation:\n There are 1 pixels saturated at the end of a ramp. Partial ramps may still be used in some cases.""}"
wfi15,gbtds_mid_5stripe,medium,f146,im_66_6_v2,1,-1,17.15,400.87596724886913,0.0024945371678496923,0.0027084093172492175,True,False,3,69.57436,"{""partial_saturated"": ""Partial saturation:\n There are 1 pixels saturated at the end of a ramp. Partial ramps may still be used in some cases.""}"
wfi15,gbtds_mid_5stripe,medium,f146,im_66_6_v2,1,-1,17.2,391.79118389909985,0.0025523800460439546,0.002771211424292143,True,False,3,69.57436,"{""partial_saturated"": ""Partial saturation:\n There are 1 pixels saturated at the end of a ramp. Partial ramps may still be used in some cases.""}"
wfi15,gbtds_mid_5stripe,medium,f146,im_66_6_v2,1,-1,17.25,398.0253499919219,0.0025124027904762734,0.002727806670555443,True,False,3,69.57436,"{""partial_saturated"": ""Partial saturation:\n There are 1 pixels saturated at the end of a ramp. Partial ramps may still be used in some cases.""}"
wfi15,gbtds_mid_5stripe,medium,f146,im_66_6_v2,1,-1,17.3,388.9943864820126,0.0025707311846934347,0.002791135919922419,True,False,3,69.57436,"{""partial_saturated"": ""Partial saturation:\n There are 1 pixels saturated at the end of a ramp. Partial ramps may still be used in some cases.""}"
wfi15,gbtds_mid_5stripe,medium,f146,im_66_6_v2,1,-1,17.35,525.5607665948843,0.0019027295482480823,0.002065862358396023,True,False,4,69.57436,"{""partial_saturated"": ""Partial saturation:\n There are 1 pixels saturated at the end of a ramp. Partial ramps may still be used in some cases.""}"
wfi15,gbtds_mid_5stripe,medium,f146,im_66_6_v2,1,-1,17.4,513.8024443988946,0.00194627334085558,0.0021131394305224623,True,False,4,69.57436,"{""partial_saturated"": ""Partial saturation:\n There are 1 pixels saturated at the end of a ramp. Partial ramps may still be used in some cases.""}"
wfi15,gbtds_mid_5stripe,medium,f146,im_66_6_v2,1,-1,17.45,505.80367067575025,0.001977051686208617,0.0021465565943948038,True,False,4,69.57436,"{""partial_saturated"": ""Partial saturation:\n There are 1 pixels saturated at the end of a ramp. Partial ramps may still be used in some cases.""}"
wfi15,gbtds_mid_5stripe,medium,f146,im_66_6_v2,1,-1,17.5,494.460766840754,0.0020224051473067,0.0021957984891201,True,False,4,69.57436,"{""partial_saturated"": ""Partial saturation:\n There are 1 pixels saturated at the end of a ramp. Partial ramps may still be used in some cases.""}"
wfi15,gbtds_mid_5stripe,medium,f146,im_66_6_v2,1,-1,17.55,486.4908310577092,0.0020555371985651596,0.002231771156709294,True,False,4,69.57436,"{""partial_saturated"": ""Partial saturation:\n There are 1 pixels saturated at the end of a ramp. Partial ramps may still be used in some cases.""}"
wfi15,gbtds_mid_5stripe,medium,f146,im_66_6_v2,1,-1,17.6,475.5555728962812,0.002102803661640824,0.002283090066941406,True,False,4,69.57436,"{""partial_saturated"": ""Partial saturation:\n There are 1 pixels saturated at the end of a ramp. Partial ramps may still be used in some cases.""}"
wfi15,gbtds_mid_5stripe,medium,f146,im_66_6_v2,1,-1,17.65,467.725635704757,0.0021380055392799364,0.0023213100199696557,True,False,4,69.57436,"{""partial_saturated"": ""Partial saturation:\n There are 1 pixels saturated at the end of a ramp. Partial ramps may still be used in some cases.""}"
wfi15,gbtds_mid_5stripe,medium,f146,im_66_6_v2,1,-1,17.7,459.92791441685614,0.0021742537659796162,0.002360666032055778,True,False,4,69.57436,"{""partial_saturated"": ""Partial saturation:\n There are 1 pixels saturated at the end of a ramp. Partial ramps may still be used in some cases.""}"
wfi15,gbtds_mid_5stripe,medium,f146,im_66_6_v2,1,-1,17.75,449.55534659782484,0.0022244202133683143,0.0024151335602497818,True,False,4,69.57436,"{""partial_saturated"": ""Partial saturation:\n There are 1 pixels saturated at the end of a ramp. Partial ramps may still be used in some cases.""}"
wfi15,gbtds_mid_5stripe,medium,f146,im_66_6_v2,1,-1,17.8,441.98841816418206,0.002262502723835034,0.00245648112063158,True,False,4,69.57436,"{""partial_saturated"": ""Partial saturation:\n There are 1 pixels saturated at the end of a ramp. Partial ramps may still be used in some cases.""}"
wfi15,gbtds_mid_5stripe,medium,f146,im_66_6_v2,1,-1,17.85,434.50809443825125,0.002301453097882649,0.002498770951923947,True,False,4,69.57436,"{""partial_saturated"": ""Partial saturation:\n There are 1 pixels saturated at the end of a ramp. Partial ramps may still be used in some cases.""}"
wfi15,gbtds_mid_5stripe,medium,f146,im_66_6_v2,1,-1,17.9,424.6764181489198,0.0023547339980844744,0.0025566199542951737,True,False,4,69.57436,"{""partial_saturated"": ""Partial saturation:\n There are 1 pixels saturated at the end of a ramp. Partial ramps may still be used in some cases.""}"
wfi15,gbtds_mid_5stripe,medium,f146,im_66_6_v2,1,-1,17.95,417.45309557043316,0.0023954787031427796,0.002600857955729167,True,False,4,69.57436,"{""partial_saturated"": ""Partial saturation:\n There are 1 pixels saturated at the end of a ramp. Partial ramps may still be used in some cases.""}"
wfi15,gbtds_mid_5stripe,medium,f146,im_66_6_v2,1,-1,18.0,410.3362373199927,0.0024370258072532,0.0026459671508647,True,False,4,69.57436,"{""partial_saturated"": ""Partial saturation:\n There are 1 pixels saturated at the end of a ramp. Partial ramps may still be used in some cases.""}"
wfi15,gbtds_mid_5stripe,medium,f146,im_66_6_v2,1,-1,18.05,403.3303672462214,0.0024793570760059565,0.00269192774194292,True,False,4,69.57436,"{""partial_saturated"": ""Partial saturation:\n There are 1 pixels saturated at the end of a ramp. Partial ramps may still be used in some cases.""}"
wfi15,gbtds_mid_5stripe,medium,f146,im_66_6_v2,1,-1,18.1,396.43934399167165,0.002522453977274788,0.0027387196079633773,True,False,4,69.57436,"{""partial_saturated"": ""Partial saturation:\n There are 1 pixels saturated at the end of a ramp. Partial ramps may still be used in some cases.""}"
wfi15,gbtds_mid_5stripe,medium,f146,im_66_6_v2,1,-1,18.15,475.7657900654306,0.0021018745376006815,0.002282081283332312,True,False,5,69.57436,"{""partial_saturated"": ""Partial saturation:\n There are 1 pixels saturated at the end of a ramp. Partial ramps may still be used in some cases.""}"
wfi15,gbtds_mid_5stripe,medium,f146,im_66_6_v2,1,-1,18.2,473.82754326215905,0.0021104725004276936,0.0022914164028607635,False,False,6,69.57436,{}
wfi15,gbtds_mid_5stripe,medium,f146,im_66_6_v2,1,-1,18.25,463.04384886005505,0.0021596226846806216,0.0023447805373747,False,False,6,69.57436,{}
wfi15,gbtds_mid_5stripe,medium,f146,im_66_6_v2,1,-1,18.3,452.48695516628624,0.0022100084623047443,0.0023994862003461023,False,False,6,69.57436,{}
wfi15,gbtds_mid_5stripe,medium,f146,im_66_6_v2,1,-1,18.35,442.1539742433171,0.002261655573064465,0.0024555613383690843,False,False,6,69.57436,{}
wfi15,gbtds_mid_5stripe,medium,f146,im_66_6_v2,1,-1,18.4,432.0325981655382,0.0023146401550395014,0.0025130886173133564,False,False,6,69.57436,{}
wfi15,gbtds_mid_5stripe,medium,f146,im_66_6_v2,1,-1,18.45,422.1356316945893,0.0023689068747541537,0.002572007959621016,False,False,6,69.57436,{}
wfi15,gbtds_mid_5stripe,medium,f146,im_66_6_v2,1,-1,18.5,412.4397856609483,0.0024245963526468,0.0026324720419932,False,False,6,69.57436,{}
wfi15,gbtds_mid_5stripe,medium,f146,im_66_6_v2,1,-1,18.55,402.9573104007956,0.0024816524584337844,0.0026944199217485785,False,False,6,69.57436,{}
wfi15,gbtds_mid_5stripe,medium,f146,im_66_6_v2,1,-1,18.6,393.6728418952139,0.002540180306027246,0.0027579657248673656,False,False,6,69.57436,{}
wfi15,gbtds_mid_5stripe,medium,f146,im_66_6_v2,1,-1,18.65,384.5900639450479,0.0026001711790008303,0.0028230999876098324,False,False,6,69.57436,{}
wfi15,gbtds_mid_5stripe,medium,f146,im_66_6_v2,1,-1,18.7,375.6954950594434,0.002661730079680029,0.0028899367148023476,False,False,6,69.57436,{}
wfi15,gbtds_mid_5stripe,medium,f146,im_66_6_v2,1,-1,18.75,366.98953975887537,0.002724873304718805,0.002958493600312137,False,False,6,69.57436,{}
wfi15,gbtds_mid_5stripe,medium,f146,im_66_6_v2,1,-1,19.0,326.18051927163833,0.0030657870133783,0.0033286359565021,False,False,6,69.57436,{}
wfi15,gbtds_mid_5stripe,medium,f146,im_66_6_v2,1,-1,19.5,256.6155912862869,0.0038968793555664,0.0042309830019129,False,False,6,69.57436,{}
wfi15,gbtds_mid_5stripe,medium,f146,im_66_6_v2,1,-1,20.0,200.65616466748705,0.0049836495263284,0.0054109287225604,False,False,6,69.57436,{}
wfi15,gbtds_mid_5stripe,medium,f146,im_66_6_v2,1,-1,20.5,155.48668738912943,0.0064314187715463,0.0069828242082288,False,False,6,69.57436,{}
wfi15,gbtds_mid_5stripe,medium,f146,im_66_6_v2,1,-1,21.0,119.07648240728932,0.0083979638949998,0.0091179734470529,False,False,6,69.57436,{}
wfi15,gbtds_mid_5stripe,medium,f146,im_66_6_v2,1,-1,21.2,106.56198127353504,0.0093842099034653,0.0101887764452421,False,False,6,69.57436,{}
wfi15,gbtds_mid_5stripe,medium,f146,im_66_6_v2,1,-1,21.5,89.73303930898491,0.0111441672732896,0.0120996258804912,False,False,6,69.57436,{}
wfi15,gbtds_mid_5stripe,medium,f146,im_66_6_v2,1,-1,22.0,66.20484338697588,0.0151046350816793,0.0163996491678389,False,False,6,69.57436,{}
wfi15,gbtds_mid_5stripe,medium,f146,im_66_6_v2,1,-1,22.5,47.785186216050654,0.02092698761241,0.0227211881073184,False,False,6,69.57436,{}
wfi15,gbtds_mid_5stripe,medium,f146,im_66_6_v2,1,-1,23.0,33.63443666107331,0.0297314329975785,0.0322804932248115,False,False,6,69.57436,{}
wfi15,gbtds_mid_5stripe,medium,f146,im_66_6_v2,1,-1,23.5,23.152627615997037,0.0431916418553314,0.0468947293052799,False,False,6,69.57436,{}
wfi15,gbtds_mid_5stripe,medium,f146,im_66_6_v2,1,-1,24.0,15.55463991305412,0.0642894985412524,0.0698014361519827,False,False,6,69.57436,{}
wfi15,gbtds_mid_5stripe,medium,f146,im_66_6_v2,1,-1,24.5,10.242991337068991,0.0976277307177873,0.105997961828679,False,False,6,69.57436,{}
wfi15,gbtds_mid_5stripe,medium,f146,im_66_6_v2,1,-1,25.0,6.668582198048783,0.1499569129240993,0.1628136495154568,False,False,6,69.57436,{}
wfi15,gbtds_mid_5stripe,medium,f146,im_66_6_v2,1,-1,25.5,4.290284381349834,0.2330847820594527,0.2530685866601059,False,False,6,69.57436,{}
wfi15,gbtds_mid_5stripe,medium,f146,im_66_6_v2,1,-1,26.0,2.741533403046475,0.3647593711201073,0.3960324552499074,False,False,6,69.57436,{}
wfi15,gbtds_mid_5stripe,medium,f146,im_66_6_v2,1,-1,26.5,1.7439813051830064,0.5734006419839828,0.6225618368335644,False,False,6,69.57436,{}
wfi15,gbtds_mid_5stripe,medium,f146,im_66_6_v2,1,-1,27.0,1.1061417099529314,0.9040432984328493,0.9815525397775026,False,False,6,69.57436,{}
wfi15,gbtds_mid_5stripe,medium,f146,im_66_6_v2,1,-1,27.5,0.7002525141516943,1.4280562794000509,1.550492404976826,False,False,6,69.57436,{}
wfi15,gbtds_mid_5stripe,medium,f146,im_66_6_v2,1,-1,28.0,0.4427623083443128,2.2585481671632106,2.4521875152792134,False,False,6,69.57436,{}
wfi15,gbtds_mid_5stripe,medium,f146,im_66_6_v2,1,-1,28.5,0.2797374526609331,3.5747805325591844,3.8812686482640535,False,False,6,69.57436,{}
wfi15,gbtds_mid_5stripe,medium,f146,im_66_6_v2,1,-1,29.0,0.1766515084632774,5.660863067058843,6.146203982083932,False,False,6,69.57436,{}
wfi15,gbtds_mid_5stripe,medium,f146,im_66_6_v2,1,-1,29.5,0.111519047211639,8.967078046337825,9.73588128580077,False,False,6,69.57436,{}
wfi15,gbtds_mid_5stripe,medium,f146,im_66_6_v2,1,-1,30.0,0.0703874751670509,14.207073028641746,15.425133550839073,False,False,6,69.57436,{}
wfi16,gbtds_mid_5stripe,medium,f146,im_66_6_v2,1,-1,12.0,0.0,,,True,True,0,69.57436,"{""full_saturated"": ""Full saturation:\n There are 21 pixels saturated before the third resultant. These pixels cannot be recovered."", ""partial_saturated"": ""Partial saturation:\n There are 36 pixels saturated at the end of a ramp. Partial ramps may still be used in some cases.""}"
wfi16,gbtds_mid_5stripe,medium,f146,im_66_6_v2,1,-1,12.5,0.0,,,True,True,0,69.57436,"{""full_saturated"": ""Full saturation:\n There are 16 pixels saturated before the third resultant. These pixels cannot be recovered."", ""partial_saturated"": ""Partial saturation:\n There are 23 pixels saturated at the end of a ramp. Partial ramps may still be used in some cases.""}"
wfi16,gbtds_mid_5stripe,medium,f146,im_66_6_v2,1,-1,13.0,0.0,,,True,True,0,69.57436,"{""full_saturated"": ""Full saturation:\n There are 13 pixels saturated before the third resultant. These pixels cannot be recovered."", ""partial_saturated"": ""Partial saturation:\n There are 19 pixels saturated at the end of a ramp. Partial ramps may still be used in some cases.""}"
wfi16,gbtds_mid_5stripe,medium,f146,im_66_6_v2,1,-1,13.5,0.0,,,True,True,0,69.57436,"{""full_saturated"": ""Full saturation:\n There are 10 pixels saturated before the third resultant. These pixels cannot be recovered."", ""partial_saturated"": ""Partial saturation:\n There are 15 pixels saturated at the end of a ramp. Partial ramps may still be used in some cases.""}"
wfi16,gbtds_mid_5stripe,medium,f146,im_66_6_v2,1,-1,14.0,0.0,,,True,True,0,69.57436,"{""full_saturated"": ""Full saturation:\n There are 6 pixels saturated before the third resultant. These pixels cannot be recovered."", ""partial_saturated"": ""Partial saturation:\n There are 13 pixels saturated at the end of a ramp. Partial ramps may still be used in some cases.""}"
wfi16,gbtds_mid_5stripe,medium,f146,im_66_6_v2,1,-1,14.5,0.0,,,True,True,0,69.57436,"{""full_saturated"": ""Full saturation:\n There are 5 pixels saturated before the third resultant. These pixels cannot be recovered."", ""partial_saturated"": ""Partial saturation:\n There are 11 pixels saturated at the end of a ramp. Partial ramps may still be used in some cases.""}"
wfi16,gbtds_mid_5stripe,medium,f146,im_66_6_v2,1,-1,15.0,0.0,,,True,True,1,69.57436,"{""full_saturated"": ""Full saturation:\n There are 1 pixels saturated before the third resultant. These pixels cannot be recovered."", ""partial_saturated"": ""Partial saturation:\n There are 11 pixels saturated at the end of a ramp. Partial ramps may still be used in some cases.""}"
wfi16,gbtds_mid_5stripe,medium,f146,im_66_6_v2,1,-1,15.5,0.0,,,True,True,1,69.57436,"{""full_saturated"": ""Full saturation:\n There are 1 pixels saturated before the third resultant. These pixels cannot be recovered."", ""partial_saturated"": ""Partial saturation:\n There are 8 pixels saturated at the end of a ramp. Partial ramps may still be used in some cases.""}"
wfi16,gbtds_mid_5stripe,medium,f146,im_66_6_v2,1,-1,15.55,0.0,,,True,True,1,69.57436,"{""full_saturated"": ""Full saturation:\n There are 1 pixels saturated before the third resultant. These pixels cannot be recovered."", ""partial_saturated"": ""Partial saturation:\n There are 7 pixels saturated at the end of a ramp. Partial ramps may still be used in some cases.""}"
wfi16,gbtds_mid_5stripe,medium,f146,im_66_6_v2,1,-1,15.6,0.0,,,True,True,2,69.57436,"{""full_saturated"": ""Full saturation:\n There are 1 pixels saturated before the third resultant. These pixels cannot be recovered."", ""partial_saturated"": ""Partial saturation:\n There are 7 pixels saturated at the end of a ramp. Partial ramps may still be used in some cases.""}"
wfi16,gbtds_mid_5stripe,medium,f146,im_66_6_v2,1,-1,15.65,0.0,,,True,True,2,69.57436,"{""full_saturated"": ""Full saturation:\n There are 1 pixels saturated before the third resultant. These pixels cannot be recovered."", ""partial_saturated"": ""Partial saturation:\n There are 7 pixels saturated at the end of a ramp. Partial ramps may still be used in some cases.""}"
wfi16,gbtds_mid_5stripe,medium,f146,im_66_6_v2,1,-1,15.7,0.0,,,True,True,2,69.57436,"{""full_saturated"": ""Full saturation:\n There are 1 pixels saturated before the third resultant. These pixels cannot be recovered."", ""partial_saturated"": ""Partial saturation:\n There are 6 pixels saturated at the end of a ramp. Partial ramps may still be used in some cases.""}"
wfi16,gbtds_mid_5stripe,medium,f146,im_66_6_v2,1,-1,15.75,0.0,,,True,True,2,69.57436,"{""full_saturated"": ""Full saturation:\n There are 1 pixels saturated before the third resultant. These pixels cannot be recovered."", ""partial_saturated"": ""Partial saturation:\n There are 6 pixels saturated at the end of a ramp. Partial ramps may still be used in some cases.""}"
wfi16,gbtds_mid_5stripe,medium,f146,im_66_6_v2,1,-1,15.8,0.0,,,True,True,2,69.57436,"{""full_saturated"": ""Full saturation:\n There are 1 pixels saturated before the third resultant. These pixels cannot be recovered."", ""partial_saturated"": ""Partial saturation:\n There are 6 pixels saturated at the end of a ramp. Partial ramps may still be used in some cases.""}"
wfi16,gbtds_mid_5stripe,medium,f146,im_66_6_v2,1,-1,15.85,0.0,,,True,True,2,69.57436,"{""full_saturated"": ""Full saturation:\n There are 1 pixels saturated before the third resultant. These pixels cannot be recovered."", ""partial_saturated"": ""Partial saturation:\n There are 5 pixels saturated at the end of a ramp. Partial ramps may still be used in some cases.""}"
wfi16,gbtds_mid_5stripe,medium,f146,im_66_6_v2,1,-1,15.9,0.0,,,True,True,2,69.57436,"{""full_saturated"": ""Full saturation:\n There are 1 pixels saturated before the third resultant. These pixels cannot be recovered."", ""partial_saturated"": ""Partial saturation:\n There are 4 pixels saturated at the end of a ramp. Partial ramps may still be used in some cases.""}"
wfi16,gbtds_mid_5stripe,medium,f146,im_66_6_v2,1,-1,15.95,0.0,,,True,True,2,69.57436,"{""full_saturated"": ""Full saturation:\n There are 1 pixels saturated before the third resultant. These pixels cannot be recovered."", ""partial_saturated"": ""Partial saturation:\n There are 4 pixels saturated at the end of a ramp. Partial ramps may still be used in some cases.""}"
wfi16,gbtds_mid_5stripe,medium,f146,im_66_6_v2,1,-1,16.0,0.0,,,True,True,2,69.57436,"{""full_saturated"": ""Full saturation:\n There are 1 pixels saturated before the third resultant. These pixels cannot be recovered."", ""partial_saturated"": ""Partial saturation:\n There are 4 pixels saturated at the end of a ramp. Partial ramps may still be used in some cases.""}"
wfi16,gbtds_mid_5stripe,medium,f146,im_66_6_v2,1,-1,16.05,0.0,,,True,True,2,69.57436,"{""full_saturated"": ""Full saturation:\n There are 1 pixels saturated before the third resultant. These pixels cannot be recovered."", ""partial_saturated"": ""Partial saturation:\n There are 4 pixels saturated at the end of a ramp. Partial ramps may still be used in some cases.""}"
wfi16,gbtds_mid_5stripe,medium,f146,im_66_6_v2,1,-1,16.1,0.0,,,True,True,2,69.57436,"{""full_saturated"": ""Full saturation:\n There are 1 pixels saturated before the third resultant. These pixels cannot be recovered."", ""partial_saturated"": ""Partial saturation:\n There are 4 pixels saturated at the end of a ramp. Partial ramps may still be used in some cases.""}"
wfi16,gbtds_mid_5stripe,medium,f146,im_66_6_v2,1,-1,16.15,0.0,,,True,True,2,69.57436,"{""full_saturated"": ""Full saturation:\n There are 1 pixels saturated before the third resultant. These pixels cannot be recovered."", ""partial_saturated"": ""Partial saturation:\n There are 4 pixels saturated at the end of a ramp. Partial ramps may still be used in some cases.""}"
wfi16,gbtds_mid_5stripe,medium,f146,im_66_6_v2,1,-1,16.2,0.0,,,True,True,2,69.57436,"{""full_saturated"": ""Full saturation:\n There are 1 pixels saturated before the third resultant. These pixels cannot be recovered."", ""partial_saturated"": ""Partial saturation:\n There are 4 pixels saturated at the end of a ramp. Partial ramps may still be used in some cases.""}"
wfi16,gbtds_mid_5stripe,medium,f146,im_66_6_v2,1,-1,16.25,0.0,,,True,True,2,69.57436,"{""full_saturated"": ""Full saturation:\n There are 1 pixels saturated before the third resultant. These pixels cannot be recovered."", ""partial_saturated"": ""Partial saturation:\n There are 4 pixels saturated at the end of a ramp. Partial ramps may still be used in some cases.""}"
wfi16,gbtds_mid_5stripe,medium,f146,im_66_6_v2,1,-1,16.3,0.0,,,True,True,2,69.57436,"{""full_saturated"": ""Full saturation:\n There are 1 pixels saturated before the third resultant. These pixels cannot be recovered."", ""partial_saturated"": ""Partial saturation:\n There are 4 pixels saturated at the end of a ramp. Partial ramps may still be used in some cases.""}"
wfi16,gbtds_mid_5stripe,medium,f146,im_66_6_v2,1,-1,16.35,461.50455108407147,0.002166825869107912,0.00235260129549696,True,False,3,69.57436,"{""partial_saturated"": ""Partial saturation:\n There are 5 pixels saturated at the end of a ramp. Partial ramps may still be used in some cases.""}"
wfi16,gbtds_mid_5stripe,medium,f146,im_66_6_v2,1,-1,16.4,451.76284835978896,0.0022135507681313115,0.002403332210030332,True,False,3,69.57436,"{""partial_saturated"": ""Partial saturation:\n There are 5 pixels saturated at the end of a ramp. Partial ramps may still be used in some cases.""}"
wfi16,gbtds_mid_5stripe,medium,f146,im_66_6_v2,1,-1,16.45,442.19450073111307,0.0022614482955953218,0.002455336289716405,True,False,3,69.57436,"{""partial_saturated"": ""Partial saturation:\n There are 5 pixels saturated at the end of a ramp. Partial ramps may still be used in some cases.""}"
wfi16,gbtds_mid_5stripe,medium,f146,im_66_6_v2,1,-1,16.5,432.8345915876023,0.0023103513892733,0.0025084321490473,True,False,3,69.57436,"{""partial_saturated"": ""Partial saturation:\n There are 5 pixels saturated at the end of a ramp. Partial ramps may still be used in some cases.""}"
wfi16,gbtds_mid_5stripe,medium,f146,im_66_6_v2,1,-1,16.55,423.65953511380627,0.002360385916326357,0.0025627564465567185,True,False,3,69.57436,"{""partial_saturated"": ""Partial saturation:\n There are 5 pixels saturated at the end of a ramp. Partial ramps may still be used in some cases.""}"
wfi16,gbtds_mid_5stripe,medium,f146,im_66_6_v2,1,-1,16.6,428.53034784895704,0.00233355701648572,0.0025336273386659092,True,False,3,69.57436,"{""partial_saturated"": ""Partial saturation:\n There are 5 pixels saturated at the end of a ramp. Partial ramps may still be used in some cases.""}"
wfi16,gbtds_mid_5stripe,medium,f146,im_66_6_v2,1,-1,16.65,419.44986825957346,0.0023840751319086297,0.0025884766855767123,True,False,3,69.57436,"{""partial_saturated"": ""Partial saturation:\n There are 5 pixels saturated at the end of a ramp. Partial ramps may still be used in some cases.""}"
wfi16,gbtds_mid_5stripe,medium,f146,im_66_6_v2,1,-1,16.7,421.52923645835443,0.002372314690202506,0.002575707948232426,True,False,3,69.57436,"{""partial_saturated"": ""Partial saturation:\n There are 5 pixels saturated at the end of a ramp. Partial ramps may still be used in some cases.""}"
wfi16,gbtds_mid_5stripe,medium,f146,im_66_6_v2,1,-1,16.75,419.2235024067607,0.0023853624480951172,0.002589874371367353,True,False,3,69.57436,"{""partial_saturated"": ""Partial saturation:\n There are 3 pixels saturated at the end of a ramp. Partial ramps may still be used in some cases.""}"
wfi16,gbtds_mid_5stripe,medium,f146,im_66_6_v2,1,-1,16.8,432.14474980644485,0.002314039451938024,0.0025124364122077717,True,False,3,69.57436,"{""partial_saturated"": ""Partial saturation:\n There are 2 pixels saturated at the end of a ramp. Partial ramps may still be used in some cases.""}"
wfi16,gbtds_mid_5stripe,medium,f146,im_66_6_v2,1,-1,16.85,422.93965065742407,0.00236440352292717,0.002567118507499696,True,False,3,69.57436,"{""partial_saturated"": ""Partial saturation:\n There are 1 pixels saturated at the end of a ramp. Partial ramps may still be used in some cases.""}"
wfi16,gbtds_mid_5stripe,medium,f146,im_66_6_v2,1,-1,16.9,413.3879928977631,0.002419034943395936,0.00262643381862,True,False,3,69.57436,"{""partial_saturated"": ""Partial saturation:\n There are 1 pixels saturated at the end of a ramp. Partial ramps may still be used in some cases.""}"
wfi16,gbtds_mid_5stripe,medium,f146,im_66_6_v2,1,-1,16.95,418.9840558787669,0.0023867256664519714,0.0025913544668923804,True,False,3,69.57436,"{""partial_saturated"": ""Partial saturation:\n There are 1 pixels saturated at the end of a ramp. Partial ramps may still be used in some cases.""}"
wfi16,gbtds_mid_5stripe,medium,f146,im_66_6_v2,1,-1,17.0,409.51317405239377,0.0024419238827028,0.002651285168714,True,False,3,69.57436,"{""partial_saturated"": ""Partial saturation:\n There are 1 pixels saturated at the end of a ramp. Partial ramps may still be used in some cases.""}"
wfi16,gbtds_mid_5stripe,medium,f146,im_66_6_v2,1,-1,17.05,400.2461007509106,0.0024984628160621123,0.002712671535640586,True,False,3,69.57436,"{""partial_saturated"": ""Partial saturation:\n There are 1 pixels saturated at the end of a ramp. Partial ramps may still be used in some cases.""}"
wfi16,gbtds_mid_5stripe,medium,f146,im_66_6_v2,1,-1,17.1,406.0350855665738,0.002462841354225876,0.002673996024858574,True,False,3,69.57436,"{""partial_saturated"": ""Partial saturation:\n There are 1 pixels saturated at the end of a ramp. Partial ramps may still be used in some cases.""}"
wfi16,gbtds_mid_5stripe,medium,f146,im_66_6_v2,1,-1,17.15,396.83698210223434,0.00251992643100581,0.0027359753594699467,True,False,3,69.57436,"{""partial_saturated"": ""Partial saturation:\n There are 1 pixels saturated at the end of a ramp. Partial ramps may still be used in some cases.""}"
wfi16,gbtds_mid_5stripe,medium,f146,im_66_6_v2,1,-1,17.2,387.83719156080645,0.002578401509085847,0.002799463868817501,True,False,3,69.57436,"{""partial_saturated"": ""Partial saturation:\n There are 1 pixels saturated at the end of a ramp. Partial ramps may still be used in some cases.""}"
wfi16,gbtds_mid_5stripe,medium,f146,im_66_6_v2,1,-1,17.25,394.03302270180177,0.002537858358020883,0.0027554447018512916,True,False,3,69.57436,"{""partial_saturated"": ""Partial saturation:\n There are 1 pixels saturated at the end of a ramp. Partial ramps may still be used in some cases.""}"
wfi16,gbtds_mid_5stripe,medium,f146,im_66_6_v2,1,-1,17.3,385.0857359256512,0.0025968243087380175,0.0028194661693928683,True,False,3,69.57436,"{""partial_saturated"": ""Partial saturation:\n There are 1 pixels saturated at the end of a ramp. Partial ramps may still be used in some cases.""}"
wfi16,gbtds_mid_5stripe,medium,f146,im_66_6_v2,1,-1,17.35,520.8708384801381,0.0019198617509821143,0.0020844634111716175,True,False,4,69.57436,"{""partial_saturated"": ""Partial saturation:\n There are 1 pixels saturated at the end of a ramp. Partial ramps may still be used in some cases.""}"
wfi16,gbtds_mid_5stripe,medium,f146,im_66_6_v2,1,-1,17.4,509.21137467370164,0.0019638210176290576,0.0021321915785048203,True,False,4,69.57436,"{""partial_saturated"": ""Partial saturation:\n There are 1 pixels saturated at the end of a ramp. Partial ramps may still be used in some cases.""}"
wfi16,gbtds_mid_5stripe,medium,f146,im_66_6_v2,1,-1,17.45,501.29589131715295,0.0019948298346760913,0.002165858973839506,True,False,4,69.57436,"{""partial_saturated"": ""Partial saturation:\n There are 1 pixels saturated at the end of a ramp. Partial ramps may still be used in some cases.""}"
wfi16,gbtds_mid_5stripe,medium,f146,im_66_6_v2,1,-1,17.5,490.048394810264,0.0020406147853768,0.0022155693524483,True,False,4,69.57436,"{""partial_saturated"": ""Partial saturation:\n There are 1 pixels saturated at the end of a ramp. Partial ramps may still be used in some cases.""}"
wfi16,gbtds_mid_5stripe,medium,f146,im_66_6_v2,1,-1,17.55,482.1592967813395,0.0020740033567236238,0.002251820533184728,True,False,4,69.57436,"{""partial_saturated"": ""Partial saturation:\n There are 1 pixels saturated at the end of a ramp. Partial ramps may still be used in some cases.""}"
wfi16,gbtds_mid_5stripe,medium,f146,im_66_6_v2,1,-1,17.6,471.3155167011519,0.0021217209375987344,0.0023036292383443097,True,False,4,69.57436,"{""partial_saturated"": ""Partial saturation:\n There are 1 pixels saturated at the end of a ramp. Partial ramps may still be used in some cases.""}"
wfi16,gbtds_mid_5stripe,medium,f146,im_66_6_v2,1,-1,17.65,463.5640998652866,0.0021571989726784356,0.0023421490255040203,True,False,4,69.57436,"{""partial_saturated"": ""Partial saturation:\n There are 1 pixels saturated at the end of a ramp. Partial ramps may still be used in some cases.""}"
wfi16,gbtds_mid_5stripe,medium,f146,im_66_6_v2,1,-1,17.7,455.8431718868672,0.002193736928998431,0.0023818196075285104,True,False,4,69.57436,"{""partial_saturated"": ""Partial saturation:\n There are 1 pixels saturated at the end of a ramp. Partial ramps may still be used in some cases.""}"
wfi16,gbtds_mid_5stripe,medium,f146,im_66_6_v2,1,-1,17.75,445.5574212145452,0.0022443796296201276,0.002436804221100213,True,False,4,69.57436,"{""partial_saturated"": ""Partial saturation:\n There are 1 pixels saturated at the end of a ramp. Partial ramps may still be used in some cases.""}"
wfi16,gbtds_mid_5stripe,medium,f146,im_66_6_v2,1,-1,17.8,438.06452980709867,0.0022827687063372813,0.0024784846315592645,True,False,4,69.57436,"{""partial_saturated"": ""Partial saturation:\n There are 1 pixels saturated at the end of a ramp. Partial ramps may still be used in some cases.""}"
wfi16,gbtds_mid_5stripe,medium,f146,im_66_6_v2,1,-1,17.85,430.65723729364913,0.0023220322646479463,0.0025211144983447852,True,False,4,69.57436,"{""partial_saturated"": ""Partial saturation:\n There are 1 pixels saturated at the end of a ramp. Partial ramps may still be used in some cases.""}"
wfi16,gbtds_mid_5stripe,medium,f146,im_66_6_v2,1,-1,17.9,423.3492101634266,0.0023621161348428344,0.0025646350074422005,True,False,4,69.57436,"{""partial_saturated"": ""Partial saturation:\n There are 1 pixels saturated at the end of a ramp. Partial ramps may still be used in some cases.""}"
wfi16,gbtds_mid_5stripe,medium,f146,im_66_6_v2,1,-1,17.95,413.75413004518725,0.0024168943036067996,0.0026241096484995886,True,False,4,69.57436,"{""partial_saturated"": ""Partial saturation:\n There are 1 pixels saturated at the end of a ramp. Partial ramps may still be used in some cases.""}"
wfi16,gbtds_mid_5stripe,medium,f146,im_66_6_v2,1,-1,18.0,406.7048776248372,0.0024587853625951,0.0026695922878988,True,False,4,69.57436,"{""partial_saturated"": ""Partial saturation:\n There are 1 pixels saturated at the end of a ramp. Partial ramps may still be used in some cases.""}"
wfi16,gbtds_mid_5stripe,medium,f146,im_66_6_v2,1,-1,18.05,399.7661872861036,0.0025014621841549663,0.0027159280581703937,True,False,4,69.57436,"{""partial_saturated"": ""Partial saturation:\n There are 1 pixels saturated at the end of a ramp. Partial ramps may still be used in some cases.""}"
wfi16,gbtds_mid_5stripe,medium,f146,im_66_6_v2,1,-1,18.1,392.93956901400617,0.0025449205904848828,0.0027631124233238745,True,False,4,69.57436,"{""partial_saturated"": ""Partial saturation:\n There are 1 pixels saturated at the end of a ramp. Partial ramps may still be used in some cases.""}"
wfi16,gbtds_mid_5stripe,medium,f146,im_66_6_v2,1,-1,18.15,472.070880278236,0.0021183259586158025,0.0022999431867481474,True,False,5,69.57436,"{""partial_saturated"": ""Partial saturation:\n There are 1 pixels saturated at the end of a ramp. Partial ramps may still be used in some cases.""}"
wfi16,gbtds_mid_5stripe,medium,f146,im_66_6_v2,1,-1,18.2,470.1861859459303,0.0021268170564989683,0.002309162279138046,False,False,6,69.57436,{}
wfi16,gbtds_mid_5stripe,medium,f146,im_66_6_v2,1,-1,18.25,459.47806351893615,0.002176382463923194,0.0023629772364821148,False,False,6,69.57436,{}
wfi16,gbtds_mid_5stripe,medium,f146,im_66_6_v2,1,-1,18.3,448.9936185982399,0.0022272031462763427,0.0024181550912634408,False,False,6,69.57436,{}
wfi16,gbtds_mid_5stripe,medium,f146,im_66_6_v2,1,-1,18.35,438.7308060122805,0.002279301991782198,0.0024747206940552487,False,False,6,69.57436,{}
wfi16,gbtds_mid_5stripe,medium,f146,im_66_6_v2,1,-1,18.4,428.6837376644319,0.0023327220329099284,0.0025327207667672938,False,False,6,69.57436,{}
wfi16,gbtds_mid_5stripe,medium,f146,im_66_6_v2,1,-1,18.45,418.8536651658445,0.0023874686630808196,0.002592161165232334,False,False,6,69.57436,{}
wfi16,gbtds_mid_5stripe,medium,f146,im_66_6_v2,1,-1,18.5,409.23217552201606,0.0024436006253037,0.0026531056688618,False,False,6,69.57436,{}
wfi16,gbtds_mid_5stripe,medium,f146,im_66_6_v2,1,-1,18.55,399.81464661850555,0.0025011589956937677,0.002715598875481206,False,False,6,69.57436,{}
wfi16,gbtds_mid_5stripe,medium,f146,im_66_6_v2,1,-1,18.6,390.5931770050907,0.002560208572171159,0.0027797111385383434,False,False,6,69.57436,{}
wfi16,gbtds_mid_5stripe,medium,f146,im_66_6_v2,1,-1,18.65,381.57231464103165,0.002620735209630607,0.0028454271001803356,False,False,6,69.57436,{}
wfi16,gbtds_mid_5stripe,medium,f146,im_66_6_v2,1,-1,18.7,372.73920023269596,0.0026828409766821246,0.002912857579992443,False,False,6,69.57436,{}
wfi16,gbtds_mid_5stripe,medium,f146,im_66_6_v2,1,-1,18.75,364.095643953959,0.002746531073924227,0.0029820082244527597,False,False,6,69.57436,{}
wfi16,gbtds_mid_5stripe,medium,f146,im_66_6_v2,1,-1,19.0,323.5573258699454,0.0030906424303987,0.0033556223826455,False,False,6,69.57436,{}
wfi16,gbtds_mid_5stripe,medium,f146,im_66_6_v2,1,-1,19.5,254.4694600463733,0.0039297446531216,0.0042666660453488,False,False,6,69.57436,{}
wfi16,gbtds_mid_5stripe,medium,f146,im_66_6_v2,1,-1,20.0,198.90909531303117,0.005027422192164,0.0054584542906369,False,False,6,69.57436,{}
wfi16,gbtds_mid_5stripe,medium,f146,im_66_6_v2,1,-1,20.5,154.02291088545746,0.0064925405853657,0.0070491863743931,False,False,6,69.57436,{}
wfi16,gbtds_mid_5stripe,medium,f146,im_66_6_v2,1,-1,21.0,117.87532030328283,0.0084835400440659,0.0092108865703577,False,False,6,69.57436,{}
wfi16,gbtds_mid_5stripe,medium,f146,im_66_6_v2,1,-1,21.2,105.4414384200138,0.0094839373872785,0.0102970541850275,False,False,6,69.57436,{}
wfi16,gbtds_mid_5stripe,medium,f146,im_66_6_v2,1,-1,21.5,88.70633612931846,0.0112731518810806,0.0122396691390264,False,False,6,69.57436,{}
wfi16,gbtds_mid_5stripe,medium,f146,im_66_6_v2,1,-1,22.0,65.34996201093334,0.0153022277171744,0.0166141826459896,False,False,6,69.57436,{}
wfi16,gbtds_mid_5stripe,medium,f146,im_66_6_v2,1,-1,22.5,47.11494083061239,0.0212246897135072,0.0230444140567122,False,False,6,69.57436,{}
wfi16,gbtds_mid_5stripe,medium,f146,im_66_6_v2,1,-1,23.0,33.1195180231049,0.0301936761067107,0.0327823673037963,False,False,6,69.57436,{}
wfi16,gbtds_mid_5stripe,medium,f146,im_66_6_v2,1,-1,23.5,22.82008530571324,0.043821045653569,0.0475780957964387,False,False,6,69.57436,{}
wfi16,gbtds_mid_5stripe,medium,f146,im_66_6_v2,1,-1,24.0,15.28785119782598,0.0654114163632234,0.07101954295006,False,False,6,69.57436,{}
wfi16,gbtds_mid_5stripe,medium,f146,im_66_6_v2,1,-1,24.5,10.058513740383011,0.0994182665362568,0.1079420113927076,False,False,6,69.57436,{}
wfi16,gbtds_mid_5stripe,medium,f146,im_66_6_v2,1,-1,25.0,6.545663964050857,0.1527728898843653,0.1658710576529824,False,False,6,69.57436,{}
wfi16,gbtds_mid_5stripe,medium,f146,im_66_6_v2,1,-1,25.5,4.209359480309094,0.2375658350582521,0.2579338281363424,False,False,6,69.57436,{}
wfi16,gbtds_mid_5stripe,medium,f146,im_66_6_v2,1,-1,26.0,2.6890293494283584,0.3718814003322734,0.403765100216901,False,False,6,69.57436,{}
wfi16,gbtds_mid_5stripe,medium,f146,im_66_6_v2,1,-1,26.5,1.7102504268993697,0.5847096917923118,0.6348404816518801,False,False,6,69.57436,{}
wfi16,gbtds_mid_5stripe,medium,f146,im_66_6_v2,1,-1,27.0,1.0846113822069336,0.9219892178940912,1.0010370742642465,False,False,6,69.57436,{}
wfi16,gbtds_mid_5stripe,medium,f146,im_66_6_v2,1,-1,27.5,0.6865672762793061,1.4565215013148756,1.5813981269862258,False,False,6,69.57436,{}
wfi16,gbtds_mid_5stripe,medium,f146,im_66_6_v2,1,-1,28.0,0.4340869838814093,2.303685752238993,2.5011950255913407,False,False,6,69.57436,{}
wfi16,gbtds_mid_5stripe,medium,f146,im_66_6_v2,1,-1,28.5,0.2742474271568911,3.646342320753738,3.958965872584113,False,False,6,69.57436,{}
wfi16,gbtds_mid_5stripe,medium,f146,im_66_6_v2,1,-1,29.0,0.1731810260844894,5.77430462568187,6.269371589405144,False,False,6,69.57436,{}
wfi16,gbtds_mid_5stripe,medium,f146,im_66_6_v2,1,-1,29.5,0.1093267252992952,9.146894295629709,9.93111429786078,False,False,6,69.57436,{}
wfi16,gbtds_mid_5stripe,medium,f146,im_66_6_v2,1,-1,30.0,0.069003176735281,14.492086412721688,15.734582900775298,False,False,6,69.57436,{}
wfi17,gbtds_mid_5stripe,medium,f146,im_66_6_v2,1,-1,12.0,0.0,,,True,True,0,69.57436,"{""full_saturated"": ""Full saturation:\n There are 23 pixels saturated before the third resultant. These pixels cannot be recovered."", ""partial_saturated"": ""Partial saturation:\n There are 36 pixels saturated at the end of a ramp. Partial ramps may still be used in some cases.""}"
wfi17,gbtds_mid_5stripe,medium,f146,im_66_6_v2,1,-1,12.5,0.0,,,True,True,0,69.57436,"{""full_saturated"": ""Full saturation:\n There are 17 pixels saturated before the third resultant. These pixels cannot be recovered."", ""partial_saturated"": ""Partial saturation:\n There are 25 pixels saturated at the end of a ramp. Partial ramps may still be used in some cases.""}"
wfi17,gbtds_mid_5stripe,medium,f146,im_66_6_v2,1,-1,13.0,0.0,,,True,True,0,69.57436,"{""full_saturated"": ""Full saturation:\n There are 14 pixels saturated before the third resultant. These pixels cannot be recovered."", ""partial_saturated"": ""Partial saturation:\n There are 18 pixels saturated at the end of a ramp. Partial ramps may still be used in some cases.""}"
wfi17,gbtds_mid_5stripe,medium,f146,im_66_6_v2,1,-1,13.5,0.0,,,True,True,0,69.57436,"{""full_saturated"": ""Full saturation:\n There are 9 pixels saturated before the third resultant. These pixels cannot be recovered."", ""partial_saturated"": ""Partial saturation:\n There are 18 pixels saturated at the end of a ramp. Partial ramps may still be used in some cases.""}"
wfi17,gbtds_mid_5stripe,medium,f146,im_66_6_v2,1,-1,14.0,0.0,,,True,True,0,69.57436,"{""full_saturated"": ""Full saturation:\n There are 7 pixels saturated before the third resultant. These pixels cannot be recovered."", ""partial_saturated"": ""Partial saturation:\n There are 14 pixels saturated at the end of a ramp. Partial ramps may still be used in some cases.""}"
wfi17,gbtds_mid_5stripe,medium,f146,im_66_6_v2,1,-1,14.5,0.0,,,True,True,0,69.57436,"{""full_saturated"": ""Full saturation:\n There are 5 pixels saturated before the third resultant. These pixels cannot be recovered."", ""partial_saturated"": ""Partial saturation:\n There are 11 pixels saturated at the end of a ramp. Partial ramps may still be used in some cases.""}"
wfi17,gbtds_mid_5stripe,medium,f146,im_66_6_v2,1,-1,15.0,0.0,,,True,True,1,69.57436,"{""full_saturated"": ""Full saturation:\n There are 1 pixels saturated before the third resultant. These pixels cannot be recovered."", ""partial_saturated"": ""Partial saturation:\n There are 12 pixels saturated at the end of a ramp. Partial ramps may still be used in some cases.""}"
wfi17,gbtds_mid_5stripe,medium,f146,im_66_6_v2,1,-1,15.5,0.0,,,True,True,1,69.57436,"{""full_saturated"": ""Full saturation:\n There are 1 pixels saturated before the third resultant. These pixels cannot be recovered."", ""partial_saturated"": ""Partial saturation:\n There are 8 pixels saturated at the end of a ramp. Partial ramps may still be used in some cases.""}"
wfi17,gbtds_mid_5stripe,medium,f146,im_66_6_v2,1,-1,15.55,0.0,,,True,True,1,69.57436,"{""full_saturated"": ""Full saturation:\n There are 1 pixels saturated before the third resultant. These pixels cannot be recovered."", ""partial_saturated"": ""Partial saturation:\n There are 8 pixels saturated at the end of a ramp. Partial ramps may still be used in some cases.""}"
wfi17,gbtds_mid_5stripe,medium,f146,im_66_6_v2,1,-1,15.6,0.0,,,True,True,1,69.57436,"{""full_saturated"": ""Full saturation:\n There are 1 pixels saturated before the third resultant. These pixels cannot be recovered."", ""partial_saturated"": ""Partial saturation:\n There are 7 pixels saturated at the end of a ramp. Partial ramps may still be used in some cases.""}"
wfi17,gbtds_mid_5stripe,medium,f146,im_66_6_v2,1,-1,15.65,0.0,,,True,True,2,69.57436,"{""full_saturated"": ""Full saturation:\n There are 1 pixels saturated before the third resultant. These pixels cannot be recovered."", ""partial_saturated"": ""Partial saturation:\n There are 7 pixels saturated at the end of a ramp. Partial ramps may still be used in some cases.""}"
wfi17,gbtds_mid_5stripe,medium,f146,im_66_6_v2,1,-1,15.7,0.0,,,True,True,2,69.57436,"{""full_saturated"": ""Full saturation:\n There are 1 pixels saturated before the third resultant. These pixels cannot be recovered."", ""partial_saturated"": ""Partial saturation:\n There are 7 pixels saturated at the end of a ramp. Partial ramps may still be used in some cases.""}"
wfi17,gbtds_mid_5stripe,medium,f146,im_66_6_v2,1,-1,15.75,0.0,,,True,True,2,69.57436,"{""full_saturated"": ""Full saturation:\n There are 1 pixels saturated before the third resultant. These pixels cannot be recovered."", ""partial_saturated"": ""Partial saturation:\n There are 7 pixels saturated at the end of a ramp. Partial ramps may still be used in some cases.""}"
wfi17,gbtds_mid_5stripe,medium,f146,im_66_6_v2,1,-1,15.8,0.0,,,True,True,2,69.57436,"{""full_saturated"": ""Full saturation:\n There are 1 pixels saturated before the third resultant. These pixels cannot be recovered."", ""partial_saturated"": ""Partial saturation:\n There are 6 pixels saturated at the end of a ramp. Partial ramps may still be used in some cases.""}"
wfi17,gbtds_mid_5stripe,medium,f146,im_66_6_v2,1,-1,15.85,0.0,,,True,True,2,69.57436,"{""full_saturated"": ""Full saturation:\n There are 1 pixels saturated before the third resultant. These pixels cannot be recovered."", ""partial_saturated"": ""Partial saturation:\n There are 6 pixels saturated at the end of a ramp. Partial ramps may still be used in some cases.""}"
wfi17,gbtds_mid_5stripe,medium,f146,im_66_6_v2,1,-1,15.9,0.0,,,True,True,2,69.57436,"{""full_saturated"": ""Full saturation:\n There are 1 pixels saturated before the third resultant. These pixels cannot be recovered."", ""partial_saturated"": ""Partial saturation:\n There are 6 pixels saturated at the end of a ramp. Partial ramps may still be used in some cases.""}"
wfi17,gbtds_mid_5stripe,medium,f146,im_66_6_v2,1,-1,15.95,0.0,,,True,True,2,69.57436,"{""full_saturated"": ""Full saturation:\n There are 1 pixels saturated before the third resultant. These pixels cannot be recovered."", ""partial_saturated"": ""Partial saturation:\n There are 5 pixels saturated at the end of a ramp. Partial ramps may still be used in some cases.""}"
wfi17,gbtds_mid_5stripe,medium,f146,im_66_6_v2,1,-1,16.0,0.0,,,True,True,2,69.57436,"{""full_saturated"": ""Full saturation:\n There are 1 pixels saturated before the third resultant. These pixels cannot be recovered."", ""partial_saturated"": ""Partial saturation:\n There are 4 pixels saturated at the end of a ramp. Partial ramps may still be used in some cases.""}"
wfi17,gbtds_mid_5stripe,medium,f146,im_66_6_v2,1,-1,16.05,0.0,,,True,True,2,69.57436,"{""full_saturated"": ""Full saturation:\n There are 1 pixels saturated before the third resultant. These pixels cannot be recovered."", ""partial_saturated"": ""Partial saturation:\n There are 4 pixels saturated at the end of a ramp. Partial ramps may still be used in some cases.""}"
wfi17,gbtds_mid_5stripe,medium,f146,im_66_6_v2,1,-1,16.1,0.0,,,True,True,2,69.57436,"{""full_saturated"": ""Full saturation:\n There are 1 pixels saturated before the third resultant. These pixels cannot be recovered."", ""partial_saturated"": ""Partial saturation:\n There are 4 pixels saturated at the end of a ramp. Partial ramps may still be used in some cases.""}"
wfi17,gbtds_mid_5stripe,medium,f146,im_66_6_v2,1,-1,16.15,0.0,,,True,True,2,69.57436,"{""full_saturated"": ""Full saturation:\n There are 1 pixels saturated before the third resultant. These pixels cannot be recovered."", ""partial_saturated"": ""Partial saturation:\n There are 4 pixels saturated at the end of a ramp. Partial ramps may still be used in some cases.""}"
wfi17,gbtds_mid_5stripe,medium,f146,im_66_6_v2,1,-1,16.2,0.0,,,True,True,2,69.57436,"{""full_saturated"": ""Full saturation:\n There are 1 pixels saturated before the third resultant. These pixels cannot be recovered."", ""partial_saturated"": ""Partial saturation:\n There are 4 pixels saturated at the end of a ramp. Partial ramps may still be used in some cases.""}"
wfi17,gbtds_mid_5stripe,medium,f146,im_66_6_v2,1,-1,16.25,0.0,,,True,True,2,69.57436,"{""full_saturated"": ""Full saturation:\n There are 1 pixels saturated before the third resultant. These pixels cannot be recovered."", ""partial_saturated"": ""Partial saturation:\n There are 4 pixels saturated at the end of a ramp. Partial ramps may still be used in some cases.""}"
wfi17,gbtds_mid_5stripe,medium,f146,im_66_6_v2,1,-1,16.3,0.0,,,True,True,2,69.57436,"{""full_saturated"": ""Full saturation:\n There are 1 pixels saturated before the third resultant. These pixels cannot be recovered."", ""partial_saturated"": ""Partial saturation:\n There are 4 pixels saturated at the end of a ramp. Partial ramps may still be used in some cases.""}"
wfi17,gbtds_mid_5stripe,medium,f146,im_66_6_v2,1,-1,16.35,0.0,,,True,True,2,69.57436,"{""full_saturated"": ""Full saturation:\n There are 1 pixels saturated before the third resultant. These pixels cannot be recovered."", ""partial_saturated"": ""Partial saturation:\n There are 4 pixels saturated at the end of a ramp. Partial ramps may still be used in some cases.""}"
wfi17,gbtds_mid_5stripe,medium,f146,im_66_6_v2,1,-1,16.4,467.81971808398924,0.0021375755688443784,0.002320843185500795,True,False,3,69.57436,"{""partial_saturated"": ""Partial saturation:\n There are 5 pixels saturated at the end of a ramp. Partial ramps may still be used in some cases.""}"
wfi17,gbtds_mid_5stripe,medium,f146,im_66_6_v2,1,-1,16.45,457.9633196454802,0.0021835809924124986,0.002370792939483936,True,False,3,69.57436,"{""partial_saturated"": ""Partial saturation:\n There are 5 pixels saturated at the end of a ramp. Partial ramps may still be used in some cases.""}"
wfi17,gbtds_mid_5stripe,medium,f146,im_66_6_v2,1,-1,16.5,447.8795973378317,0.0022327429200703,0.0024241698242377,True,False,3,69.57436,"{""partial_saturated"": ""Partial saturation:\n There are 5 pixels saturated at the end of a ramp. Partial ramps may still be used in some cases.""}"
wfi17,gbtds_mid_5stripe,medium,f146,im_66_6_v2,1,-1,16.55,438.6067131018216,0.002279946863849875,0.002475420855006563,True,False,3,69.57436,"{""partial_saturated"": ""Partial saturation:\n There are 5 pixels saturated at the end of a ramp. Partial ramps may still be used in some cases.""}"
wfi17,gbtds_mid_5stripe,medium,f146,im_66_6_v2,1,-1,16.6,429.50672217910756,0.002328252267919086,0.0025278677810899757,True,False,3,69.57436,"{""partial_saturated"": ""Partial saturation:\n There are 5 pixels saturated at the end of a ramp. Partial ramps may still be used in some cases.""}"
wfi17,gbtds_mid_5stripe,medium,f146,im_66_6_v2,1,-1,16.65,434.40943188622623,0.0023019758011651654,0.002499338469802121,True,False,3,69.57436,"{""partial_saturated"": ""Partial saturation:\n There are 5 pixels saturated at the end of a ramp. Partial ramps may still be used in some cases.""}"
wfi17,gbtds_mid_5stripe,medium,f146,im_66_6_v2,1,-1,16.7,425.23299829008,0.0023516519273460356,0.002553273638508825,True,False,3,69.57436,"{""partial_saturated"": ""Partial saturation:\n There are 5 pixels saturated at the end of a ramp. Partial ramps may still be used in some cases.""}"
wfi17,gbtds_mid_5stripe,medium,f146,im_66_6_v2,1,-1,16.75,421.8939387091317,0.0023702639650612155,0.0025734814017005195,True,False,3,69.57436,"{""partial_saturated"": ""Partial saturation:\n There are 5 pixels saturated at the end of a ramp. Partial ramps may still be used in some cases.""}"
wfi17,gbtds_mid_5stripe,medium,f146,im_66_6_v2,1,-1,16.8,431.68438766949623,0.0023165072181521988,0.0025151157553313804,True,False,3,69.57436,"{""partial_saturated"": ""Partial saturation:\n There are 4 pixels saturated at the end of a ramp. Partial ramps may still be used in some cases.""}"
wfi17,gbtds_mid_5stripe,medium,f146,im_66_6_v2,1,-1,16.85,438.9187804539688,0.002278325841892004,0.002473660852778194,True,False,3,69.57436,"{""partial_saturated"": ""Partial saturation:\n There are 1 pixels saturated at the end of a ramp. Partial ramps may still be used in some cases.""}"
wfi17,gbtds_mid_5stripe,medium,f146,im_66_6_v2,1,-1,16.9,429.028700187691,0.0023308463969019346,0.002530684320846467,True,False,3,69.57436,"{""partial_saturated"": ""Partial saturation:\n There are 1 pixels saturated at the end of a ramp. Partial ramps may still be used in some cases.""}"
wfi17,gbtds_mid_5stripe,medium,f146,im_66_6_v2,1,-1,16.95,419.35094262345945,0.002384637539489002,0.002589087311848553,True,False,3,69.57436,"{""partial_saturated"": ""Partial saturation:\n There are 1 pixels saturated at the end of a ramp. Partial ramps may still be used in some cases.""}"
wfi17,gbtds_mid_5stripe,medium,f146,im_66_6_v2,1,-1,17.0,425.00829767008895,0.0023528952387095,0.0025546235466699,True,False,3,69.57436,"{""partial_saturated"": ""Partial saturation:\n There are 1 pixels saturated at the end of a ramp. Partial ramps may still be used in some cases.""}"
wfi17,gbtds_mid_5stripe,medium,f146,im_66_6_v2,1,-1,17.05,415.412859844469,0.0024072437246511844,0.0026136316655306006,True,False,3,69.57436,"{""partial_saturated"": ""Partial saturation:\n There are 1 pixels saturated at the end of a ramp. Partial ramps may still be used in some cases.""}"
wfi17,gbtds_mid_5stripe,medium,f146,im_66_6_v2,1,-1,17.1,406.02400143509163,0.0024629085878310163,0.002674069022817851,True,False,3,69.57436,"{""partial_saturated"": ""Partial saturation:\n There are 1 pixels saturated at the end of a ramp. Partial ramps may still be used in some cases.""}"
wfi17,gbtds_mid_5stripe,medium,f146,im_66_6_v2,1,-1,17.15,411.8790202225943,0.0024278973943843117,0.002636056102520974,True,False,3,69.57436,"{""partial_saturated"": ""Partial saturation:\n There are 1 pixels saturated at the end of a ramp. Partial ramps may still be used in some cases.""}"
wfi17,gbtds_mid_5stripe,medium,f146,im_66_6_v2,1,-1,17.2,402.56076439984537,0.0024840970318874525,0.002697074083652417,True,False,3,69.57436,"{""partial_saturated"": ""Partial saturation:\n There are 1 pixels saturated at the end of a ramp. Partial ramps may still be used in some cases.""}"
wfi17,gbtds_mid_5stripe,medium,f146,im_66_6_v2,1,-1,17.25,393.44339344935025,0.0025416616892023998,0.00275957411621375,True,False,3,69.57436,"{""partial_saturated"": ""Partial saturation:\n There are 1 pixels saturated at the end of a ramp. Partial ramps may still be used in some cases.""}"
wfi17,gbtds_mid_5stripe,medium,f146,im_66_6_v2,1,-1,17.3,399.7127158121691,0.002501796816666485,0.0027162913808034387,True,False,3,69.57436,"{""partial_saturated"": ""Partial saturation:\n There are 1 pixels saturated at the end of a ramp. Partial ramps may still be used in some cases.""}"
wfi17,gbtds_mid_5stripe,medium,f146,im_66_6_v2,1,-1,17.35,390.64939068736015,0.0025598401631715534,0.002779311143549313,True,False,3,69.57436,"{""partial_saturated"": ""Partial saturation:\n There are 1 pixels saturated at the end of a ramp. Partial ramps may still be used in some cases.""}"
wfi17,gbtds_mid_5stripe,medium,f146,im_66_6_v2,1,-1,17.4,527.7459856735105,0.0018948509835158632,0.002057308315424722,True,False,4,69.57436,"{""partial_saturated"": ""Partial saturation:\n There are 1 pixels saturated at the end of a ramp. Partial ramps may still be used in some cases.""}"
wfi17,gbtds_mid_5stripe,medium,f146,im_66_6_v2,1,-1,17.45,515.9418653199092,0.0019382028620219666,0.002104377019463074,True,False,4,69.57436,"{""partial_saturated"": ""Partial saturation:\n There are 1 pixels saturated at the end of a ramp. Partial ramps may still be used in some cases.""}"
wfi17,gbtds_mid_5stripe,medium,f146,im_66_6_v2,1,-1,17.5,507.91021419088514,0.0019688519192177,0.0021376538105021,True,False,4,69.57436,"{""partial_saturated"": ""Partial saturation:\n There are 1 pixels saturated at the end of a ramp. Partial ramps may still be used in some cases.""}"
wfi17,gbtds_mid_5stripe,medium,f146,im_66_6_v2,1,-1,17.55,496.52272175851107,0.0020140065221151355,0.002186679797679407,True,False,4,69.57436,"{""partial_saturated"": ""Partial saturation:\n There are 1 pixels saturated at the end of a ramp. Partial ramps may still be used in some cases.""}"
wfi17,gbtds_mid_5stripe,medium,f146,im_66_6_v2,1,-1,17.6,488.52047142083916,0.0020469971239721976,0.00222249888853238,True,False,4,69.57436,"{""partial_saturated"": ""Partial saturation:\n There are 1 pixels saturated at the end of a ramp. Partial ramps may still be used in some cases.""}"
wfi17,gbtds_mid_5stripe,medium,f146,im_66_6_v2,1,-1,17.65,477.5418283527949,0.002094057401106291,0.002273593935222816,True,False,4,69.57436,"{""partial_saturated"": ""Partial saturation:\n There are 1 pixels saturated at the end of a ramp. Partial ramps may still be used in some cases.""}"
wfi17,gbtds_mid_5stripe,medium,f146,im_66_6_v2,1,-1,17.7,469.68073885678774,0.00212910583140799,0.0023116472849213127,True,False,4,69.57436,"{""partial_saturated"": ""Partial saturation:\n There are 1 pixels saturated at the end of a ramp. Partial ramps may still be used in some cases.""}"
wfi17,gbtds_mid_5stripe,medium,f146,im_66_6_v2,1,-1,17.75,459.10076799071584,0.0021781710459265065,0.0023649191647182907,True,False,4,69.57436,"{""partial_saturated"": ""Partial saturation:\n There are 1 pixels saturated at the end of a ramp. Partial ramps may still be used in some cases.""}"
wfi17,gbtds_mid_5stripe,medium,f146,im_66_6_v2,1,-1,17.8,451.4368171475834,0.002215149411867931,0.0024050679154136896,True,False,4,69.57436,"{""partial_saturated"": ""Partial saturation:\n There are 1 pixels saturated at the end of a ramp. Partial ramps may still be used in some cases.""}"
wfi17,gbtds_mid_5stripe,medium,f146,im_66_6_v2,1,-1,17.85,443.8396979618636,0.002253065700504158,0.0024462350027361006,True,False,4,69.57436,"{""partial_saturated"": ""Partial saturation:\n There are 1 pixels saturated at the end of a ramp. Partial ramps may still be used in some cases.""}"
wfi17,gbtds_mid_5stripe,medium,f146,im_66_6_v2,1,-1,17.9,436.3296049726275,0.002291845404491253,0.0024883395313646927,True,False,4,69.57436,"{""partial_saturated"": ""Partial saturation:\n There are 1 pixels saturated at the end of a ramp. Partial ramps may still be used in some cases.""}"
wfi17,gbtds_mid_5stripe,medium,f146,im_66_6_v2,1,-1,17.95,426.4574591119164,0.0023448997751908643,0.0025459425824539196,True,False,4,69.57436,"{""partial_saturated"": ""Partial saturation:\n There are 1 pixels saturated at the end of a ramp. Partial ramps may still be used in some cases.""}"
wfi17,gbtds_mid_5stripe,medium,f146,im_66_6_v2,1,-1,18.0,419.2048513684092,0.0023854685763671,0.0025899895986746,True,False,4,69.57436,"{""partial_saturated"": ""Partial saturation:\n There are 1 pixels saturated at the end of a ramp. Partial ramps may still be used in some cases.""}"
wfi17,gbtds_mid_5stripe,medium,f146,im_66_6_v2,1,-1,18.05,412.0586984199055,0.0024268387097145004,0.0026349066502455373,True,False,4,69.57436,"{""partial_saturated"": ""Partial saturation:\n There are 1 pixels saturated at the end of a ramp. Partial ramps may still be used in some cases.""}"
wfi17,gbtds_mid_5stripe,medium,f146,im_66_6_v2,1,-1,18.1,405.02483820614486,0.0024689843823628207,0.0026806657329137033,True,False,4,69.57436,"{""partial_saturated"": ""Partial saturation:\n There are 1 pixels saturated at the end of a ramp. Partial ramps may still be used in some cases.""}"
wfi17,gbtds_mid_5stripe,medium,f146,im_66_6_v2,1,-1,18.15,398.1021258784415,0.00251191826166069,0.0027272806000781156,True,False,4,69.57436,"{""partial_saturated"": ""Partial saturation:\n There are 1 pixels saturated at the end of a ramp. Partial ramps may still be used in some cases.""}"
wfi17,gbtds_mid_5stripe,medium,f146,im_66_6_v2,1,-1,18.2,477.848347475226,0.0020927141535251304,0.0022721355226919967,True,False,5,69.57436,"{""partial_saturated"": ""Partial saturation:\n There are 1 pixels saturated at the end of a ramp. Partial ramps may still be used in some cases.""}"
wfi17,gbtds_mid_5stripe,medium,f146,im_66_6_v2,1,-1,18.25,475.9131029598387,0.002101223928865829,0.0022813748938737507,False,False,6,69.57436,{}
wfi17,gbtds_mid_5stripe,medium,f146,im_66_6_v2,1,-1,18.3,465.0719572367221,0.002150204897198304,0.0023345553045364302,False,False,6,69.57436,{}
wfi17,gbtds_mid_5stripe,medium,f146,im_66_6_v2,1,-1,18.35,454.4680528797207,0.0022003746878653746,0.0023890264626488054,False,False,6,69.57436,{}
wfi17,gbtds_mid_5stripe,medium,f146,im_66_6_v2,1,-1,18.4,444.08855143125976,0.0022518031522701606,0.0024448642084081962,False,False,6,69.57436,{}
wfi17,gbtds_mid_5stripe,medium,f146,im_66_6_v2,1,-1,18.45,433.92089102241,0.002304567539128589,0.002502152413542256,False,False,6,69.57436,{}
wfi17,gbtds_mid_5stripe,medium,f146,im_66_6_v2,1,-1,18.5,423.9756654708103,0.002358625934084,0.0025608455701165,False,False,6,69.57436,{}
wfi17,gbtds_mid_5stripe,medium,f146,im_66_6_v2,1,-1,18.55,414.23142416328534,0.0024141094607197434,0.0026210860437525484,False,False,6,69.57436,{}
wfi17,gbtds_mid_5stripe,medium,f146,im_66_6_v2,1,-1,18.6,404.7032913334283,0.0024709460521192468,0.002682795588790034,False,False,6,69.57436,{}
wfi17,gbtds_mid_5stripe,medium,f146,im_66_6_v2,1,-1,18.65,395.3818050073361,0.0025292008568311474,0.0027460449393668586,False,False,6,69.57436,{}
wfi17,gbtds_mid_5stripe,medium,f146,im_66_6_v2,1,-1,18.7,386.2590933257419,0.002588935813497276,0.0028109013445089333,False,False,6,69.57436,{}
wfi17,gbtds_mid_5stripe,medium,f146,im_66_6_v2,1,-1,18.75,377.32581313075855,0.0026502294971626015,0.0028774501159873687,False,False,6,69.57436,{}
wfi17,gbtds_mid_5stripe,medium,f146,im_66_6_v2,1,-1,19.0,335.426470470116,0.0029812793206166,0.0032368828948902,False,False,6,69.57436,{}
wfi17,gbtds_mid_5stripe,medium,f146,im_66_6_v2,1,-1,19.5,264.0026120990701,0.0037878413097849,0.004112596447912,False,False,6,69.57436,{}
wfi17,gbtds_mid_5stripe,medium,f146,im_66_6_v2,1,-1,20.0,206.51765682851683,0.0048422009786328,0.0052573529132168,False,False,6,69.57436,{}
wfi17,gbtds_mid_5stripe,medium,f146,im_66_6_v2,1,-1,20.5,160.14647178598676,0.0062442836788584,0.0067796448629168,False,False,6,69.57436,{}
wfi17,gbtds_mid_5stripe,medium,f146,im_66_6_v2,1,-1,21.0,122.71144234036971,0.0081491992998196,0.0088478807196037,False,False,6,69.57436,{}
wfi17,gbtds_mid_5stripe,medium,f146,im_66_6_v2,1,-1,21.2,109.8684960000533,0.0091017901983432,0.0098821431464539,False,False,6,69.57436,{}
wfi17,gbtds_mid_5stripe,medium,f146,im_66_6_v2,1,-1,21.5,92.55945268537042,0.0108038668227567,0.0117301493608522,False,False,6,69.57436,{}
wfi17,gbtds_mid_5stripe,medium,f146,im_66_6_v2,1,-1,22.0,68.36937507253978,0.0146264317750308,0.0158804465245757,False,False,6,69.57436,{}
wfi17,gbtds_mid_5stripe,medium,f146,im_66_6_v2,1,-1,22.5,49.35888579251113,0.0202597766125369,0.0219967729685433,False,False,6,69.57436,{}
wfi17,gbtds_mid_5stripe,medium,f146,im_66_6_v2,1,-1,23.0,34.8043507915314,0.0287320400253901,0.0311954160921257,False,False,6,69.57436,{}
wfi17,gbtds_mid_5stripe,medium,f146,im_66_6_v2,1,-1,23.5,23.862219681161143,0.0419072497597314,0.0455002183059818,False,False,6,69.57436,{}
wfi17,gbtds_mid_5stripe,medium,f146,im_66_6_v2,1,-1,24.0,16.10959814072038,0.0620747948685505,0.0673968521917194,False,False,6,69.57436,{}
wfi17,gbtds_mid_5stripe,medium,f146,im_66_6_v2,1,-1,24.5,10.61555028321044,0.0942014284065519,0.1022779013609243,False,False,6,69.57436,{}
wfi17,gbtds_mid_5stripe,medium,f146,im_66_6_v2,1,-1,25.0,6.898299510080446,0.1449632621110037,0.157391862033759,False,False,6,69.57436,{}
wfi17,gbtds_mid_5stripe,medium,f146,im_66_6_v2,1,-1,25.5,4.448226635252905,0.2248086893942949,0.2440829332196109,False,False,6,69.57436,{}
wfi17,gbtds_mid_5stripe,medium,f146,im_66_6_v2,1,-1,26.0,2.8430894551615435,0.3517300513300874,0.3818860510305111,False,False,6,69.57436,{}
wfi17,gbtds_mid_5stripe,medium,f146,im_66_6_v2,1,-1,26.5,1.808848080271904,0.55283802487696,0.6002362589758908,False,False,6,69.57436,{}
wfi17,gbtds_mid_5stripe,medium,f146,im_66_6_v2,1,-1,27.0,1.14739260635621,0.8715412618665143,0.9462639019490602,False,False,6,69.57436,{}
wfi17,gbtds_mid_5stripe,medium,f146,im_66_6_v2,1,-1,27.5,0.7264108106753387,1.3766314946088254,1.4946586543070972,False,False,6,69.57436,{}
wfi17,gbtds_mid_5stripe,medium,f146,im_66_6_v2,1,-1,28.0,0.4593196739592585,2.177132957054001,2.363792074045654,False,False,6,69.57436,{}
wfi17,gbtds_mid_5stripe,medium,f146,im_66_6_v2,1,-1,28.5,0.2902055338687538,3.445833670602066,3.741266371747261,False,False,6,69.57436,{}
wfi17,gbtds_mid_5stripe,medium,f146,im_66_6_v2,1,-1,29.0,0.1832648552756965,5.4565835795174085,5.92441034657076,False,False,6,69.57436,{}
wfi17,gbtds_mid_5stripe,medium,f146,im_66_6_v2,1,-1,29.5,0.1156951525781562,8.643404479063756,9.3844571752881,False,False,6,69.57436,{}
wfi17,gbtds_mid_5stripe,medium,f146,im_66_6_v2,1,-1,30.0,0.0730237640865025,13.694172198729976,14.868258550353373,False,False,6,69.57436,{}
wfi18,gbtds_mid_5stripe,medium,f146,im_66_6_v2,1,-1,12.0,0.0,,,True,True,0,69.57436,"{""full_saturated"": ""Full saturation:\n There are 22 pixels saturated before the third resultant. These pixels cannot be recovered."", ""partial_saturated"": ""Partial saturation:\n There are 41 pixels saturated at the end of a ramp. Partial ramps may still be used in some cases.""}"
wfi18,gbtds_mid_5stripe,medium,f146,im_66_6_v2,1,-1,12.5,0.0,,,True,True,0,69.57436,"{""full_saturated"": ""Full saturation:\n There are 20 pixels saturated before the third resultant. These pixels cannot be recovered."", ""partial_saturated"": ""Partial saturation:\n There are 22 pixels saturated at the end of a ramp. Partial ramps may still be used in some cases.""}"
wfi18,gbtds_mid_5stripe,medium,f146,im_66_6_v2,1,-1,13.0,0.0,,,True,True,0,69.57436,"{""full_saturated"": ""Full saturation:\n There are 13 pixels saturated before the third resultant. These pixels cannot be recovered."", ""partial_saturated"": ""Partial saturation:\n There are 21 pixels saturated at the end of a ramp. Partial ramps may still be used in some cases.""}"
wfi18,gbtds_mid_5stripe,medium,f146,im_66_6_v2,1,-1,13.5,0.0,,,True,True,0,69.57436,"{""full_saturated"": ""Full saturation:\n There are 9 pixels saturated before the third resultant. These pixels cannot be recovered."", ""partial_saturated"": ""Partial saturation:\n There are 16 pixels saturated at the end of a ramp. Partial ramps may still be used in some cases.""}"
wfi18,gbtds_mid_5stripe,medium,f146,im_66_6_v2,1,-1,14.0,0.0,,,True,True,0,69.57436,"{""full_saturated"": ""Full saturation:\n There are 6 pixels saturated before the third resultant. These pixels cannot be recovered."", ""partial_saturated"": ""Partial saturation:\n There are 16 pixels saturated at the end of a ramp. Partial ramps may still be used in some cases.""}"
wfi18,gbtds_mid_5stripe,medium,f146,im_66_6_v2,1,-1,14.5,0.0,,,True,True,0,69.57436,"{""full_saturated"": ""Full saturation:\n There are 5 pixels saturated before the third resultant. These pixels cannot be recovered."", ""partial_saturated"": ""Partial saturation:\n There are 12 pixels saturated at the end of a ramp. Partial ramps may still be used in some cases.""}"
wfi18,gbtds_mid_5stripe,medium,f146,im_66_6_v2,1,-1,15.0,0.0,,,True,True,1,69.57436,"{""full_saturated"": ""Full saturation:\n There are 5 pixels saturated before the third resultant. These pixels cannot be recovered."", ""partial_saturated"": ""Partial saturation:\n There are 6 pixels saturated at the end of a ramp. Partial ramps may still be used in some cases.""}"
wfi18,gbtds_mid_5stripe,medium,f146,im_66_6_v2,1,-1,15.5,0.0,,,True,True,1,69.57436,"{""full_saturated"": ""Full saturation:\n There are 1 pixels saturated before the third resultant. These pixels cannot be recovered."", ""partial_saturated"": ""Partial saturation:\n There are 8 pixels saturated at the end of a ramp. Partial ramps may still be used in some cases.""}"
wfi18,gbtds_mid_5stripe,medium,f146,im_66_6_v2,1,-1,15.55,0.0,,,True,True,1,69.57436,"{""full_saturated"": ""Full saturation:\n There are 1 pixels saturated before the third resultant. These pixels cannot be recovered."", ""partial_saturated"": ""Partial saturation:\n There are 8 pixels saturated at the end of a ramp. Partial ramps may still be used in some cases.""}"
wfi18,gbtds_mid_5stripe,medium,f146,im_66_6_v2,1,-1,15.6,0.0,,,True,True,1,69.57436,"{""full_saturated"": ""Full saturation:\n There are 1 pixels saturated before the third resultant. These pixels cannot be recovered."", ""partial_saturated"": ""Partial saturation:\n There are 8 pixels saturated at the end of a ramp. Partial ramps may still be used in some cases.""}"
wfi18,gbtds_mid_5stripe,medium,f146,im_66_6_v2,1,-1,15.65,0.0,,,True,True,1,69.57436,"{""full_saturated"": ""Full saturation:\n There are 1 pixels saturated before the third resultant. These pixels cannot be recovered."", ""partial_saturated"": ""Partial saturation:\n There are 8 pixels saturated at the end of a ramp. Partial ramps may still be used in some cases.""}"
wfi18,gbtds_mid_5stripe,medium,f146,im_66_6_v2,1,-1,15.7,0.0,,,True,True,2,69.57436,"{""full_saturated"": ""Full saturation:\n There are 1 pixels saturated before the third resultant. These pixels cannot be recovered."", ""partial_saturated"": ""Partial saturation:\n There are 8 pixels saturated at the end of a ramp. Partial ramps may still be used in some cases.""}"
wfi18,gbtds_mid_5stripe,medium,f146,im_66_6_v2,1,-1,15.75,0.0,,,True,True,2,69.57436,"{""full_saturated"": ""Full saturation:\n There are 1 pixels saturated before the third resultant. These pixels cannot be recovered."", ""partial_saturated"": ""Partial saturation:\n There are 7 pixels saturated at the end of a ramp. Partial ramps may still be used in some cases.""}"
wfi18,gbtds_mid_5stripe,medium,f146,im_66_6_v2,1,-1,15.8,0.0,,,True,True,2,69.57436,"{""full_saturated"": ""Full saturation:\n There are 1 pixels saturated before the third resultant. These pixels cannot be recovered."", ""partial_saturated"": ""Partial saturation:\n There are 7 pixels saturated at the end of a ramp. Partial ramps may still be used in some cases.""}"
wfi18,gbtds_mid_5stripe,medium,f146,im_66_6_v2,1,-1,15.85,0.0,,,True,True,2,69.57436,"{""full_saturated"": ""Full saturation:\n There are 1 pixels saturated before the third resultant. These pixels cannot be recovered."", ""partial_saturated"": ""Partial saturation:\n There are 5 pixels saturated at the end of a ramp. Partial ramps may still be used in some cases.""}"
wfi18,gbtds_mid_5stripe,medium,f146,im_66_6_v2,1,-1,15.9,0.0,,,True,True,2,69.57436,"{""full_saturated"": ""Full saturation:\n There are 1 pixels saturated before the third resultant. These pixels cannot be recovered."", ""partial_saturated"": ""Partial saturation:\n There are 5 pixels saturated at the end of a ramp. Partial ramps may still be used in some cases.""}"
wfi18,gbtds_mid_5stripe,medium,f146,im_66_6_v2,1,-1,15.95,0.0,,,True,True,2,69.57436,"{""full_saturated"": ""Full saturation:\n There are 1 pixels saturated before the third resultant. These pixels cannot be recovered."", ""partial_saturated"": ""Partial saturation:\n There are 5 pixels saturated at the end of a ramp. Partial ramps may still be used in some cases.""}"
wfi18,gbtds_mid_5stripe,medium,f146,im_66_6_v2,1,-1,16.0,0.0,,,True,True,2,69.57436,"{""full_saturated"": ""Full saturation:\n There are 1 pixels saturated before the third resultant. These pixels cannot be recovered."", ""partial_saturated"": ""Partial saturation:\n There are 5 pixels saturated at the end of a ramp. Partial ramps may still be used in some cases.""}"
wfi18,gbtds_mid_5stripe,medium,f146,im_66_6_v2,1,-1,16.05,0.0,,,True,True,2,69.57436,"{""full_saturated"": ""Full saturation:\n There are 1 pixels saturated before the third resultant. These pixels cannot be recovered."", ""partial_saturated"": ""Partial saturation:\n There are 5 pixels saturated at the end of a ramp. Partial ramps may still be used in some cases.""}"
wfi18,gbtds_mid_5stripe,medium,f146,im_66_6_v2,1,-1,16.1,0.0,,,True,True,2,69.57436,"{""full_saturated"": ""Full saturation:\n There are 1 pixels saturated before the third resultant. These pixels cannot be recovered."", ""partial_saturated"": ""Partial saturation:\n There are 4 pixels saturated at the end of a ramp. Partial ramps may still be used in some cases.""}"
wfi18,gbtds_mid_5stripe,medium,f146,im_66_6_v2,1,-1,16.15,0.0,,,True,True,2,69.57436,"{""full_saturated"": ""Full saturation:\n There are 1 pixels saturated before the third resultant. These pixels cannot be recovered."", ""partial_saturated"": ""Partial saturation:\n There are 4 pixels saturated at the end of a ramp. Partial ramps may still be used in some cases.""}"
wfi18,gbtds_mid_5stripe,medium,f146,im_66_6_v2,1,-1,16.2,0.0,,,True,True,2,69.57436,"{""full_saturated"": ""Full saturation:\n There are 1 pixels saturated before the third resultant. These pixels cannot be recovered."", ""partial_saturated"": ""Partial saturation:\n There are 4 pixels saturated at the end of a ramp. Partial ramps may still be used in some cases.""}"
wfi18,gbtds_mid_5stripe,medium,f146,im_66_6_v2,1,-1,16.25,0.0,,,True,True,2,69.57436,"{""full_saturated"": ""Full saturation:\n There are 1 pixels saturated before the third resultant. These pixels cannot be recovered."", ""partial_saturated"": ""Partial saturation:\n There are 4 pixels saturated at the end of a ramp. Partial ramps may still be used in some cases.""}"
wfi18,gbtds_mid_5stripe,medium,f146,im_66_6_v2,1,-1,16.3,0.0,,,True,True,2,69.57436,"{""full_saturated"": ""Full saturation:\n There are 1 pixels saturated before the third resultant. These pixels cannot be recovered."", ""partial_saturated"": ""Partial saturation:\n There are 4 pixels saturated at the end of a ramp. Partial ramps may still be used in some cases.""}"
wfi18,gbtds_mid_5stripe,medium,f146,im_66_6_v2,1,-1,16.35,0.0,,,True,True,2,69.57436,"{""full_saturated"": ""Full saturation:\n There are 1 pixels saturated before the third resultant. These pixels cannot be recovered."", ""partial_saturated"": ""Partial saturation:\n There are 4 pixels saturated at the end of a ramp. Partial ramps may still be used in some cases.""}"
wfi18,gbtds_mid_5stripe,medium,f146,im_66_6_v2,1,-1,16.4,0.0,,,True,True,2,69.57436,"{""full_saturated"": ""Full saturation:\n There are 1 pixels saturated before the third resultant. These pixels cannot be recovered."", ""partial_saturated"": ""Partial saturation:\n There are 4 pixels saturated at the end of a ramp. Partial ramps may still be used in some cases.""}"
wfi18,gbtds_mid_5stripe,medium,f146,im_66_6_v2,1,-1,16.45,0.0,,,True,True,2,69.57436,"{""full_saturated"": ""Full saturation:\n There are 1 pixels saturated before the third resultant. These pixels cannot be recovered."", ""partial_saturated"": ""Partial saturation:\n There are 4 pixels saturated at the end of a ramp. Partial ramps may still be used in some cases.""}"
wfi18,gbtds_mid_5stripe,medium,f146,im_66_6_v2,1,-1,16.5,456.3476740866764,0.0021913117054916,0.0023791864545625,True,False,3,69.57436,"{""partial_saturated"": ""Partial saturation:\n There are 5 pixels saturated at the end of a ramp. Partial ramps may still be used in some cases.""}"
wfi18,gbtds_mid_5stripe,medium,f146,im_66_6_v2,1,-1,16.55,446.7035964491348,0.0022386208840695283,0.002430551742561938,True,False,3,69.57436,"{""partial_saturated"": ""Partial saturation:\n There are 5 pixels saturated at the end of a ramp. Partial ramps may still be used in some cases.""}"
wfi18,gbtds_mid_5stripe,medium,f146,im_66_6_v2,1,-1,16.6,437.4492352112954,0.0022859795366129356,0.0024819707462368757,True,False,3,69.57436,"{""partial_saturated"": ""Partial saturation:\n There are 5 pixels saturated at the end of a ramp. Partial ramps may still be used in some cases.""}"
wfi18,gbtds_mid_5stripe,medium,f146,im_66_6_v2,1,-1,16.65,428.17836869461536,0.0023354752904699355,0.0025357100781812176,True,False,3,69.57436,"{""partial_saturated"": ""Partial saturation:\n There are 5 pixels saturated at the end of a ramp. Partial ramps may still be used in some cases.""}"
wfi18,gbtds_mid_5stripe,medium,f146,im_66_6_v2,1,-1,16.7,433.09655736599774,0.0023089539341568308,0.002506914881432789,True,False,3,69.57436,"{""partial_saturated"": ""Partial saturation:\n There are 5 pixels saturated at the end of a ramp. Partial ramps may still be used in some cases.""}"
wfi18,gbtds_mid_5stripe,medium,f146,im_66_6_v2,1,-1,16.75,423.75154722696004,0.0023598733893575685,0.00256219997747079,True,False,3,69.57436,"{""partial_saturated"": ""Partial saturation:\n There are 5 pixels saturated at the end of a ramp. Partial ramps may still be used in some cases.""}"
wfi18,gbtds_mid_5stripe,medium,f146,im_66_6_v2,1,-1,16.8,414.9781888147397,0.0024097652044224277,0.0026163693274078043,True,False,3,69.57436,"{""partial_saturated"": ""Partial saturation:\n There are 5 pixels saturated at the end of a ramp. Partial ramps may still be used in some cases.""}"
wfi18,gbtds_mid_5stripe,medium,f146,im_66_6_v2,1,-1,16.85,423.1182276498327,0.0023634056267308515,0.002566035055470763,True,False,3,69.57436,"{""partial_saturated"": ""Partial saturation:\n There are 5 pixels saturated at the end of a ramp. Partial ramps may still be used in some cases.""}"
wfi18,gbtds_mid_5stripe,medium,f146,im_66_6_v2,1,-1,16.9,436.859189480487,0.0022890671046412008,0.002485323030629817,True,False,3,69.57436,"{""partial_saturated"": ""Partial saturation:\n There are 2 pixels saturated at the end of a ramp. Partial ramps may still be used in some cases.""}"
wfi18,gbtds_mid_5stripe,medium,f146,im_66_6_v2,1,-1,16.95,427.5502093070753,0.002338906585078478,0.0025394355589669036,True,False,3,69.57436,"{""partial_saturated"": ""Partial saturation:\n There are 1 pixels saturated at the end of a ramp. Partial ramps may still be used in some cases.""}"
wfi18,gbtds_mid_5stripe,medium,f146,im_66_6_v2,1,-1,17.0,417.9093657978405,0.0023928633379414,0.0025980183590413,True,False,3,69.57436,"{""partial_saturated"": ""Partial saturation:\n There are 1 pixels saturated at the end of a ramp. Partial ramps may still be used in some cases.""}"
wfi18,gbtds_mid_5stripe,medium,f146,im_66_6_v2,1,-1,17.05,408.4759171610259,0.0024481247436817393,0.0026580176679794803,True,False,3,69.57436,"{""partial_saturated"": ""Partial saturation:\n There are 1 pixels saturated at the end of a ramp. Partial ramps may still be used in some cases.""}"
wfi18,gbtds_mid_5stripe,medium,f146,im_66_6_v2,1,-1,17.1,414.0183766514377,0.00241535172445232,0.0026224348144628646,True,False,3,69.57436,"{""partial_saturated"": ""Partial saturation:\n There are 1 pixels saturated at the end of a ramp. Partial ramps may still be used in some cases.""}"
wfi18,gbtds_mid_5stripe,medium,f146,im_66_6_v2,1,-1,17.15,404.66465697001325,0.002471181959619722,0.002683051722104274,True,False,3,69.57436,"{""partial_saturated"": ""Partial saturation:\n There are 1 pixels saturated at the end of a ramp. Partial ramps may still be used in some cases.""}"
wfi18,gbtds_mid_5stripe,medium,f146,im_66_6_v2,1,-1,17.2,395.51258684958754,0.002528364540722689,0.002745136920689283,True,False,3,69.57436,"{""partial_saturated"": ""Partial saturation:\n There are 1 pixels saturated at the end of a ramp. Partial ramps may still be used in some cases.""}"
wfi18,gbtds_mid_5stripe,medium,f146,im_66_6_v2,1,-1,17.25,401.2497797072987,0.0024922132062713503,0.002705886108025145,True,False,3,69.57436,"{""partial_saturated"": ""Partial saturation:\n There are 1 pixels saturated at the end of a ramp. Partial ramps may still be used in some cases.""}"
wfi18,gbtds_mid_5stripe,medium,f146,im_66_6_v2,1,-1,17.3,392.16561355142795,0.002549943099151557,0.0027685655428219937,True,False,3,69.57436,"{""partial_saturated"": ""Partial saturation:\n There are 1 pixels saturated at the end of a ramp. Partial ramps may still be used in some cases.""}"
wfi18,gbtds_mid_5stripe,medium,f146,im_66_6_v2,1,-1,17.35,398.4524573734183,0.002509709706879354,0.002724882692191827,True,False,3,69.57436,"{""partial_saturated"": ""Partial saturation:\n There are 1 pixels saturated at the end of a ramp. Partial ramps may still be used in some cases.""}"
wfi18,gbtds_mid_5stripe,medium,f146,im_66_6_v2,1,-1,17.4,389.42169644691865,0.00256791033762113,0.002788073224127932,True,False,3,69.57436,"{""partial_saturated"": ""Partial saturation:\n There are 1 pixels saturated at the end of a ramp. Partial ramps may still be used in some cases.""}"
wfi18,gbtds_mid_5stripe,medium,f146,im_66_6_v2,1,-1,17.45,526.5675903120474,0.0018990914336512686,0.0020619123256612032,True,False,4,69.57436,"{""partial_saturated"": ""Partial saturation:\n There are 1 pixels saturated at the end of a ramp. Partial ramps may still be used in some cases.""}"
wfi18,gbtds_mid_5stripe,medium,f146,im_66_6_v2,1,-1,17.5,514.7927993847084,0.001942529113063,0.0021090741868492,True,False,4,69.57436,"{""partial_saturated"": ""Partial saturation:\n There are 1 pixels saturated at the end of a ramp. Partial ramps may still be used in some cases.""}"
wfi18,gbtds_mid_5stripe,medium,f146,im_66_6_v2,1,-1,17.55,503.2645488756834,0.001987026509683718,0.0021573866213777924,True,False,4,69.57436,"{""partial_saturated"": ""Partial saturation:\n There are 1 pixels saturated at the end of a ramp. Partial ramps may still be used in some cases.""}"
wfi18,gbtds_mid_5stripe,medium,f146,im_66_6_v2,1,-1,17.6,495.43477762042414,0.002018429155908282,0.0021914816113090124,True,False,4,69.57436,"{""partial_saturated"": ""Partial saturation:\n There are 1 pixels saturated at the end of a ramp. Partial ramps may still be used in some cases.""}"
wfi18,gbtds_mid_5stripe,medium,f146,im_66_6_v2,1,-1,17.65,487.46467292782063,0.002051430709827194,0.002227312593212053,True,False,4,69.57436,"{""partial_saturated"": ""Partial saturation:\n There are 1 pixels saturated at the end of a ramp. Partial ramps may still be used in some cases.""}"
wfi18,gbtds_mid_5stripe,medium,f146,im_66_6_v2,1,-1,17.7,476.5114801886219,0.002098585326011791,0.0022785100672251435,True,False,4,69.57436,"{""partial_saturated"": ""Partial saturation:\n There are 1 pixels saturated at the end of a ramp. Partial ramps may still be used in some cases.""}"
wfi18,gbtds_mid_5stripe,medium,f146,im_66_6_v2,1,-1,17.75,468.6811434563069,0.002133646753153886,0.0023165775280638056,True,False,4,69.57436,"{""partial_saturated"": ""Partial saturation:\n There are 1 pixels saturated at the end of a ramp. Partial ramps may still be used in some cases.""}"
wfi18,gbtds_mid_5stripe,medium,f146,im_66_6_v2,1,-1,17.8,458.12567658041513,0.002182807144677623,0.002369952744981211,True,False,4,69.57436,"{""partial_saturated"": ""Partial saturation:\n There are 1 pixels saturated at the end of a ramp. Partial ramps may still be used in some cases.""}"
wfi18,gbtds_mid_5stripe,medium,f146,im_66_6_v2,1,-1,17.85,450.491883755575,0.0022197958188799995,0.0024101126877287345,True,False,4,69.57436,"{""partial_saturated"": ""Partial saturation:\n There are 1 pixels saturated at the end of a ramp. Partial ramps may still be used in some cases.""}"
wfi18,gbtds_mid_5stripe,medium,f146,im_66_6_v2,1,-1,17.9,442.92349149746326,0.002257726264685438,0.0024512951460023153,True,False,4,69.57436,"{""partial_saturated"": ""Partial saturation:\n There are 1 pixels saturated at the end of a ramp. Partial ramps may still be used in some cases.""}"
wfi18,gbtds_mid_5stripe,medium,f146,im_66_6_v2,1,-1,17.95,432.91424371868163,0.002309926306443788,0.0025079706212292417,True,False,4,69.57436,"{""partial_saturated"": ""Partial saturation:\n There are 1 pixels saturated at the end of a ramp. Partial ramps may still be used in some cases.""}"
wfi18,gbtds_mid_5stripe,medium,f146,im_66_6_v2,1,-1,18.0,425.5909340629504,0.0023496741118364,0.0025511262526037,True,False,4,69.57436,"{""partial_saturated"": ""Partial saturation:\n There are 1 pixels saturated at the end of a ramp. Partial ramps may still be used in some cases.""}"
wfi18,gbtds_mid_5stripe,medium,f146,im_66_6_v2,1,-1,18.05,418.36530191533495,0.0023902555862588505,0.002595187028626602,True,False,4,69.57436,"{""partial_saturated"": ""Partial saturation:\n There are 1 pixels saturated at the end of a ramp. Partial ramps may still be used in some cases.""}"
wfi18,gbtds_mid_5stripe,medium,f146,im_66_6_v2,1,-1,18.1,411.2455765428431,0.0024316370972462514,0.002640116433313219,True,False,4,69.57436,"{""partial_saturated"": ""Partial saturation:\n There are 1 pixels saturated at the end of a ramp. Partial ramps may still be used in some cases.""}"
wfi18,gbtds_mid_5stripe,medium,f146,im_66_6_v2,1,-1,18.15,404.23695365680254,0.0024737965961642407,0.0026858905276629414,True,False,4,69.57436,"{""partial_saturated"": ""Partial saturation:\n There are 1 pixels saturated at the end of a ramp. Partial ramps may still be used in some cases.""}"
wfi18,gbtds_mid_5stripe,medium,f146,im_66_6_v2,1,-1,18.2,395.04999512396563,0.002531325179959065,0.0027483513938974437,True,False,4,69.57436,"{""partial_saturated"": ""Partial saturation:\n There are 1 pixels saturated at the end of a ramp. Partial ramps may still be used in some cases.""}"
wfi18,gbtds_mid_5stripe,medium,f146,im_66_6_v2,1,-1,18.25,388.29749967648615,0.0025753449374079406,0.0027961452382843596,True,False,4,69.57436,"{""partial_saturated"": ""Partial saturation:\n There are 1 pixels saturated at the end of a ramp. Partial ramps may still be used in some cases.""}"
wfi18,gbtds_mid_5stripe,medium,f146,im_66_6_v2,1,-1,18.3,466.7009163839519,0.0021426998852886467,0.0023264068413889746,True,False,5,69.57436,"{""partial_saturated"": ""Partial saturation:\n There are 1 pixels saturated at the end of a ramp. Partial ramps may still be used in some cases.""}"
wfi18,gbtds_mid_5stripe,medium,f146,im_66_6_v2,1,-1,18.35,464.85707461606074,0.0021511988406886775,0.002335634464969413,False,False,6,69.57436,{}
wfi18,gbtds_mid_5stripe,medium,f146,im_66_6_v2,1,-1,18.4,454.25000517235577,0.0022014309050377903,0.002390173235872984,False,False,6,69.57436,{}
wfi18,gbtds_mid_5stripe,medium,f146,im_66_6_v2,1,-1,18.45,443.87472368228237,0.0022528879132928106,0.0024460419727239976,False,False,6,69.57436,{}
wfi18,gbtds_mid_5stripe,medium,f146,im_66_6_v2,1,-1,18.5,433.72045874349806,0.0023056325332151,0.0025033087161798,False,False,6,69.57436,{}
wfi18,gbtds_mid_5stripe,medium,f146,im_66_6_v2,1,-1,18.55,423.7789422723254,0.0023597208361461905,0.0025620343449260447,False,False,6,69.57436,{}
wfi18,gbtds_mid_5stripe,medium,f146,im_66_6_v2,1,-1,18.6,414.03751756526106,0.0024152400629790243,0.0026223135795586314,False,False,6,69.57436,{}
wfi18,gbtds_mid_5stripe,medium,f146,im_66_6_v2,1,-1,18.65,404.5119600945641,0.0024721147917758147,0.0026840645317491064,False,False,6,69.57436,{}
wfi18,gbtds_mid_5stripe,medium,f146,im_66_6_v2,1,-1,18.7,395.1882024737098,0.002530439911263611,0.00274739022562385,False,False,6,69.57436,{}
wfi18,gbtds_mid_5stripe,medium,f146,im_66_6_v2,1,-1,18.75,386.0646559828234,0.002590239703384014,0.0028123170249659823,False,False,6,69.57436,{}
wfi18,gbtds_mid_5stripe,medium,f146,im_66_6_v2,1,-1,19.0,343.27784089271125,0.0029130921978518,0.0031628496670062,False,False,6,69.57436,{}
wfi18,gbtds_mid_5stripe,medium,f146,im_66_6_v2,1,-1,19.5,270.30049124572014,0.0036995863211026,0.0040167748114491,False,False,6,69.57436,{}
wfi18,gbtds_mid_5stripe,medium,f146,im_66_6_v2,1,-1,20.0,211.5682128217429,0.0047266079656425,0.0051318493939962,False,False,6,69.57436,{}
wfi18,gbtds_mid_5stripe,medium,f146,im_66_6_v2,1,-1,20.5,164.17607082265155,0.0060910216390806,0.006613242717515,False,False,6,69.57436,{}
wfi18,gbtds_mid_5stripe,medium,f146,im_66_6_v2,1,-1,21.0,125.88152927254924,0.0079439772123746,0.0086250636692486,False,False,6,69.57436,{}
wfi18,gbtds_mid_5stripe,medium,f146,im_66_6_v2,1,-1,21.2,112.75841475177369,0.0088685177261617,0.009628870777833,False,False,6,69.57436,{}
wfi18,gbtds_mid_5stripe,medium,f146,im_66_6_v2,1,-1,21.5,95.0607739518352,0.0105195861387229,0.0114214955298832,False,False,6,69.57436,{}
wfi18,gbtds_mid_5stripe,medium,f146,im_66_6_v2,1,-1,22.0,70.34136867257959,0.0142163853059887,0.0154352442275034,False,False,6,69.57436,{}
wfi18,gbtds_mid_5stripe,medium,f146,im_66_6_v2,1,-1,22.5,50.80829682292758,0.019681824869767,0.0213692698368149,False,False,6,69.57436,{}
wfi18,gbtds_mid_5stripe,medium,f146,im_66_6_v2,1,-1,23.0,35.899913963298395,0.0278552199602018,0.0302434208022924,False,False,6,69.57436,{}
wfi18,gbtds_mid_5stripe,medium,f146,im_66_6_v2,1,-1,23.5,24.650160565600984,0.0405676870679491,0.0440458065929705,False,False,6,69.57436,{}
wfi18,gbtds_mid_5stripe,medium,f146,im_66_6_v2,1,-1,24.0,16.648760115003398,0.0600645329197114,0.0652142380128172,False,False,6,69.57436,{}
wfi18,gbtds_mid_5stripe,medium,f146,im_66_6_v2,1,-1,24.5,10.98100557863139,0.0910663411323605,0.0988740236022582,False,False,6,69.57436,{}
wfi18,gbtds_mid_5stripe,medium,f146,im_66_6_v2,1,-1,25.0,7.140617370739027,0.140043913303326,0.1520507469294297,False,False,6,69.57436,{}
wfi18,gbtds_mid_5stripe,medium,f146,im_66_6_v2,1,-1,25.5,4.605500969992434,0.21713164463879,0.2357476877830107,False,False,6,69.57436,{}
wfi18,gbtds_mid_5stripe,medium,f146,im_66_6_v2,1,-1,26.0,2.9445435378361515,0.3396112121116291,0.3687281885313882,False,False,6,69.57436,{}
wfi18,gbtds_mid_5stripe,medium,f146,im_66_6_v2,1,-1,26.5,1.873786487598292,0.5336787337396911,0.5794343229306564,False,False,6,69.57436,{}
wfi18,gbtds_mid_5stripe,medium,f146,im_66_6_v2,1,-1,27.0,1.1887452212479257,0.8412231503654047,0.9133464306324118,False,False,6,69.57436,{}
wfi18,gbtds_mid_5stripe,medium,f146,im_66_6_v2,1,-1,27.5,0.752656372266304,1.3286275607936808,1.4425390453931817,False,False,6,69.57436,{}
wfi18,gbtds_mid_5stripe,medium,f146,im_66_6_v2,1,-1,28.0,0.4759414984796598,2.1010985660934893,2.281238782973093,False,False,6,69.57436,{}
wfi18,gbtds_mid_5stripe,medium,f146,im_66_6_v2,1,-1,28.5,0.3007180569283699,3.325373973928665,3.610478917854768,False,False,6,69.57436,{}
wfi18,gbtds_mid_5stripe,medium,f146,im_66_6_v2,1,-1,29.0,0.1899077502120192,5.265714531837523,5.7171769111370025,False,False,6,69.57436,{}
wfi18,gbtds_mid_5stripe,medium,f146,im_66_6_v2,1,-1,29.5,0.1198905059582953,8.340944030612867,9.05606491589759,False,False,6,69.57436,{}
wfi18,gbtds_mid_5stripe,medium,f146,im_66_6_v2,1,-1,30.0,0.0756724363302975,13.214851384395336,14.347842588536103,False,False,6,69.57436,{}
